-- MySQL dump 10.11
--
-- Host: localhost    Database: t34353_pju
-- ------------------------------------------------------
-- Server version	5.0.51a-24+lenny5-log

/*!40101 SET @OLD_CHARACTER_SET_CLIENT=@@CHARACTER_SET_CLIENT */;
/*!40101 SET @OLD_CHARACTER_SET_RESULTS=@@CHARACTER_SET_RESULTS */;
/*!40101 SET @OLD_COLLATION_CONNECTION=@@COLLATION_CONNECTION */;
/*!40101 SET NAMES utf8 */;
/*!40103 SET @OLD_TIME_ZONE=@@TIME_ZONE */;
/*!40103 SET TIME_ZONE='+00:00' */;
/*!40014 SET @OLD_UNIQUE_CHECKS=@@UNIQUE_CHECKS, UNIQUE_CHECKS=0 */;
/*!40014 SET @OLD_FOREIGN_KEY_CHECKS=@@FOREIGN_KEY_CHECKS, FOREIGN_KEY_CHECKS=0 */;
/*!40101 SET @OLD_SQL_MODE=@@SQL_MODE, SQL_MODE='NO_AUTO_VALUE_ON_ZERO' */;
/*!40111 SET @OLD_SQL_NOTES=@@SQL_NOTES, SQL_NOTES=0 */;

--
-- Table structure for table `activities`
--

DROP TABLE IF EXISTS `activities`;
SET @saved_cs_client     = @@character_set_client;
SET character_set_client = utf8;
CREATE TABLE `activities` (
  `id` int(10) NOT NULL auto_increment,
  `name` varchar(100) NOT NULL,
  `code` varchar(10) NOT NULL,
  `parent_id` int(10) default NULL,
  `lft` int(10) NOT NULL,
  `rght` int(10) NOT NULL,
  `created` datetime NOT NULL,
  `created_by` int(10) NOT NULL,
  `modified` datetime NOT NULL,
  `modified_by` int(10) NOT NULL,
  PRIMARY KEY  (`id`),
  KEY `name` (`name`),
  KEY `parent_id` (`parent_id`),
  KEY `code` (`code`)
) ENGINE=MyISAM AUTO_INCREMENT=78 DEFAULT CHARSET=latin1;
SET character_set_client = @saved_cs_client;

--
-- Dumping data for table `activities`
--

LOCK TABLES `activities` WRITE;
/*!40000 ALTER TABLE `activities` DISABLE KEYS */;
INSERT INTO `activities` VALUES (1,'Pengelolaan Gaji, Honorarium dan Tunjangan','0001',NULL,1,4,'2010-01-14 15:33:19',1,'2010-01-14 15:33:19',0),(2,'Penyelenggaraan Operasional & Pemeliharaan Perkantoran','0002',NULL,5,26,'2010-01-14 15:34:30',1,'2010-01-14 22:18:44',1),(3,'Pelayanan Publik Atau Birokrasi','0003',NULL,27,48,'2010-01-14 16:24:05',1,'2010-01-14 22:19:22',1),(4,'Penyediaan Sarana & Prasarana Pendidikan Tinggi','2308',NULL,49,54,'2010-01-14 16:24:47',1,'2010-01-14 22:20:10',1),(5,'Peningkatan Kualitas & Kapasitas Unit Dasar Perguruan Tinggi','2311',NULL,55,76,'2010-01-14 16:26:37',1,'2010-01-14 22:20:50',1),(7,'Penyediaan Biaya Operasional Perguruan Tinggi','2312',NULL,77,102,'2010-01-14 22:21:36',1,'2010-01-14 22:21:36',0),(8,'Pendirian & Peningkatan Kapasitas Politeknik','2602',NULL,103,120,'2010-01-14 22:22:29',1,'2010-01-14 22:22:29',0),(9,'Pembinaan Kemahasiswaan','2637',NULL,121,144,'2010-01-14 22:22:58',1,'2010-01-14 22:22:58',0),(10,'Pembayaran Gaji, Lembur, Honorarium & Vakasi','00001',1,2,3,'2010-01-14 22:45:53',1,'2010-01-14 22:45:53',0),(11,'Poliklinik/Obat-Obatan (Termasuk Honorarium Dokter & Perawat)','00026',2,6,7,'2010-01-14 22:47:03',1,'2010-01-14 22:47:03',0),(12,'Penyelenggaraan Perpustakaan/Kearsipan/Dokumentasi','00094',2,8,9,'2010-01-14 22:47:50',1,'2010-01-14 22:47:50',0),(13,'Perawatan Gedung Kantor','00205',2,10,11,'2010-01-14 22:48:44',1,'2010-01-14 22:48:44',0),(14,'Perbaikan Peralatan Kantor','00256',2,12,13,'2010-01-14 22:49:22',1,'2010-01-14 22:49:22',0),(15,'Perawatan Kendaraan Bermotor Roda 4/6/10','01138',2,14,15,'2010-01-14 22:50:20',1,'2010-01-14 22:50:20',0),(16,'Perawatan Kendaraan Bermotor Roda 2','02005',2,16,17,'2010-01-14 22:51:07',1,'2010-01-14 22:51:07',0),(17,'Perawatan Sarana Gedung','02006',2,18,19,'2010-01-14 22:51:40',1,'2010-01-14 22:51:40',0),(18,'Langganan Daya & Jasa','02007',2,20,21,'2010-01-14 22:52:19',1,'2010-01-14 22:52:19',0),(19,'Jasa Keamanan/Kebersihan','02176',2,22,23,'2010-01-14 22:55:47',1,'2010-01-14 22:55:47',0),(20,'Operasional Perkantoran & Pimpinan','04863',2,24,25,'2010-01-14 22:56:25',1,'2010-01-14 22:56:25',0),(21,'Pendidikan & Pelatihan Teknis','00012',3,28,29,'2010-01-14 22:57:30',1,'2010-01-14 22:57:30',0),(22,'Pembinaan Administrasi Pengelolaan Kepegawaian','00029',3,30,31,'2010-01-14 22:58:08',1,'2010-01-14 22:58:08',0),(23,'Evaluasi/Laporan Kegiatan','00084',3,32,39,'2010-01-14 22:58:59',1,'2010-01-14 22:58:59',0),(26,'Penyusunan Capaian Evaluasi/Laporan Kegiatan','A',23,33,34,'2010-01-14 23:18:48',1,'2010-01-29 20:00:45',2),(27,'Penyusunan LAKIP 2010','B',23,35,36,'2010-01-14 23:19:46',1,'2010-01-29 20:01:21',2),(28,'Penyusunan SAI','C',23,37,38,'2010-01-14 23:20:23',1,'2010-01-14 23:20:23',0),(29,'Rapat-Rapat Koordinasi/Kerja/Dinas/Pimpinan/Kelompok Kerja/Konsultasi','00088',3,40,41,'2010-01-14 23:21:22',1,'2010-01-14 23:21:22',0),(30,'Pembinaan Administrasi & Pengelolaan Keuangan','00116',3,42,43,'2010-01-14 23:22:12',1,'2010-01-14 23:22:12',0),(31,'Pembinaan Administrasi & Pengelolaan Perlengkapan','00119',3,44,45,'2010-01-14 23:23:14',1,'2010-01-14 23:23:14',0),(32,'Penilaian Angka Kredit Jabatan Guru/Dosen/Widyaiswara','00538',3,46,47,'2010-01-14 23:23:57',1,'2010-01-14 23:23:57',0),(33,'Pengadaan Buku-Buku Perpustakaan','00009',4,50,51,'2010-01-14 23:25:09',1,'2010-01-14 23:25:09',0),(34,'Pengadaan Kendaraan Bermotor Roda 2','00289',4,52,53,'2010-01-14 23:25:53',1,'2010-01-14 23:25:53',0),(35,'Pengembangan Sistem Informasi Manajemen','00040',5,56,57,'2010-01-14 23:28:31',1,'2010-01-14 23:28:31',0),(36,'Peningkatan Mutu Pendidikan','00154',5,58,59,'2010-01-14 23:29:03',1,'2010-01-14 23:29:03',0),(37,'Penyelenggaraan Kegiatan Dalam Rangka Penyelenggaraan Tridharma PT','00539',5,60,67,'2010-01-14 23:30:06',1,'2010-01-14 23:30:06',0),(38,'Penyusunan Studi Kelayakan Dalam Rangka Pembentukan 3 Prodi Baru','A',37,61,62,'2010-01-14 23:31:13',1,'2010-01-14 23:31:13',0),(39,'Penyusunan Borang 3 Prodi Baru','B',37,63,64,'2010-01-14 23:32:01',1,'2010-01-14 23:32:01',0),(40,'Penerimaan Mahasiswa Baru','C',37,65,66,'2010-01-14 23:32:51',1,'2010-01-14 23:32:51',0),(41,'Penjalinan Kerjasama Dengan Institusi Lain','00588',5,68,73,'2010-01-14 23:34:27',1,'2010-01-14 23:34:27',0),(42,'Rintisan Kerjasama Luar Negeri','A',41,69,70,'2010-01-14 23:35:06',1,'2010-01-14 23:35:06',0),(43,'Penyiapan & Pengembangan Kerjasama Dalam Negeri','B',41,71,72,'2010-01-14 23:35:42',1,'2010-01-14 23:35:42',0),(44,'Pembinaan & Pengembangan Kurikulum Program Diploma','04245',5,74,75,'2010-01-14 23:36:58',1,'2010-01-14 23:36:58',0),(45,'Penerbitan Majalah/Jurnal','00004',7,78,79,'2010-01-14 23:37:36',1,'2010-01-14 23:37:36',0),(46,'Pendidikan/Pengajaran/Perkuliahan (Termasuk Penyelenggaraan Praktek)','00016',7,80,81,'2010-01-14 23:38:20',1,'2010-01-14 23:38:20',0),(47,'Penelitian Ilmu Pengetahuan Terapan','00048',7,82,83,'2010-01-14 23:39:45',1,'2010-01-14 23:39:45',0),(48,'Pameran/Visualilsasi/Publikasi & Promosi','00062',7,84,85,'2010-01-14 23:40:40',1,'2010-01-14 23:40:40',0),(49,'Penyusunan Program & Rencana Kerja (RKA-KL)','01175',7,86,95,'2010-01-14 23:41:45',1,'2010-01-14 23:41:45',0),(50,'Penyusunan Rencana Kinerja (RKT) 2010','A',49,87,88,'2010-01-14 23:43:08',1,'2010-01-14 23:43:08',0),(51,'Penyusunan Program Kerja/Kegiatan Tahun 2011','B',49,89,90,'2010-01-14 23:43:42',1,'2010-01-14 23:43:42',0),(52,'Penyusunan Rancangan PNBP Tahun 2011','C',49,91,92,'2010-01-14 23:44:29',1,'2010-01-14 23:44:29',0),(53,'Penyusunan TOR Kegiatan RKA-KL 2011','D',49,93,94,'2010-01-14 23:45:14',1,'2010-01-14 23:45:14',0),(54,'Penyelenggaraan SPI','02164',7,96,97,'2010-01-14 23:46:04',1,'2010-01-14 23:46:04',0),(55,'Evaluasi Program Studi Pada Perguruan Tinggi','04235',7,98,99,'2010-01-14 23:46:53',1,'2010-01-14 23:46:53',0),(56,'Rehabilitasi/Perbaikan Sarana & Prasarana Kantor','04621',7,100,101,'2010-01-14 23:48:23',1,'2010-01-14 23:48:23',0),(57,'Pembangunan Gedung Pendidikan','00165',8,104,109,'2010-01-14 23:49:38',1,'2010-01-14 23:49:38',0),(58,'Pembangunan Gedung Perkuliahan Tahap I','A',57,105,106,'2010-01-14 23:50:31',1,'2010-01-14 23:50:31',0),(59,'Pembangunan Gedung Praktek/Produksi Tahap II','B',57,107,108,'2010-01-14 23:51:11',1,'2010-01-14 23:51:11',0),(60,'Pengadaan Meubelair','00273',8,110,111,'2010-01-14 23:51:47',1,'2010-01-14 23:51:47',0),(61,'Pengadaan Alat Pendidikan','00274',8,112,117,'2010-01-14 23:52:30',1,'2010-01-14 23:52:30',0),(62,'Pengadaan Peralatan/Mesin Praktek','A',61,113,114,'2010-01-14 23:53:12',1,'2010-01-14 23:54:51',1),(63,'Pengadaan Peralatan Lab.Bahasa & Desain Grafis','B',61,115,116,'2010-01-14 23:54:04',1,'2010-01-14 23:54:04',0),(64,'Rehabilitasi Gedung','01139',8,118,119,'2010-01-14 23:56:01',1,'2010-01-14 23:56:01',0),(65,'Pembinaan Akademik & Pengembangan Kegiatan Kemahasiswaan','01135',9,122,135,'2010-01-14 23:56:48',1,'2010-01-14 23:56:48',0),(66,'Latihan Dasar Kepemimpinan','A',65,123,124,'2010-01-14 23:57:23',1,'2010-01-14 23:57:23',0),(67,'Pembekalan Akademik Berbasis Industri','B',65,125,126,'2010-01-14 23:58:18',1,'2010-01-14 23:58:18',0),(68,'Seminar Kemahasiswaan','C',65,127,128,'2010-01-15 00:00:02',1,'2010-01-15 00:00:02',0),(69,'Pembinaan Kegiatan Kemahasiswaan','D',65,129,130,'2010-01-15 00:00:41',1,'2010-01-15 00:00:41',0),(70,'Pembinaan Penerbitan & Percetakan','E',65,131,132,'2010-01-15 00:01:13',1,'2010-01-15 00:01:13',0),(71,'Pembinaan/Pengembangan Desain & Periklanan','F',65,133,134,'2010-01-15 00:02:12',1,'2010-01-15 00:02:12',0),(72,'Peningkatan Pembimbing Akademik & Kemahasiswaan','04238',9,136,143,'2010-01-15 00:03:05',1,'2010-01-15 00:03:05',0),(73,'TOT Untuk Peningkatan Kegiatan Kemahasiswaan','A',72,137,138,'2010-01-15 00:03:53',1,'2010-01-15 00:03:53',0),(74,'Monitoring Magang Mahasiswa Dalam Rangka Pelaksanaan Kegiatan Kemahasiswaan','B',72,139,140,'2010-01-15 00:04:56',1,'2010-01-15 00:04:56',0),(75,'Partisipasi Pekan Olahraga & Seni','C',72,141,142,'2010-01-15 00:05:34',1,'2010-01-15 00:05:34',0);
/*!40000 ALTER TABLE `activities` ENABLE KEYS */;
UNLOCK TABLES;

--
-- Table structure for table `activity_children`
--

DROP TABLE IF EXISTS `activity_children`;
SET @saved_cs_client     = @@character_set_client;
SET character_set_client = utf8;
CREATE TABLE `activity_children` (
  `id` int(10) NOT NULL auto_increment,
  `code` varchar(10) NOT NULL,
  `name` varchar(100) NOT NULL,
  `created` datetime NOT NULL,
  `created_by` int(10) NOT NULL,
  `modified` datetime NOT NULL,
  `modified_by` int(10) NOT NULL,
  PRIMARY KEY  (`id`),
  KEY `code` (`code`),
  KEY `name` (`name`)
) ENGINE=MyISAM AUTO_INCREMENT=30 DEFAULT CHARSET=latin1;
SET character_set_client = @saved_cs_client;

--
-- Dumping data for table `activity_children`
--

LOCK TABLES `activity_children` WRITE;
/*!40000 ALTER TABLE `activity_children` DISABLE KEYS */;
INSERT INTO `activity_children` VALUES (1,'511111','Belanja gaji pokok PNS','2010-01-15 14:19:16',1,'2010-01-15 14:24:41',1),(8,'511129','Belanja Uang Makan PNS','2010-01-17 04:41:48',1,'2010-01-17 04:41:48',0),(10,'512111','Belanja Uang Honor Tetap','2010-01-17 04:44:25',1,'2010-01-17 04:44:25',0),(11,'512211','Belanja Uang Lembur','2010-01-17 05:16:09',1,'2010-01-17 05:16:09',0),(12,'512311','Belanja Vakasi','2010-01-17 05:17:10',1,'2010-01-17 05:17:10',0),(13,'521115','Honor yang terkait dengan operasional satuan kerja','2010-01-17 05:19:06',1,'2010-01-17 05:19:06',0),(14,'521119','Belanja barang operasional lainnya','2010-01-17 05:20:39',1,'2010-01-17 05:20:39',0),(15,'521111','Belanja Keperluan Perkantoran','2010-01-17 05:23:44',1,'2010-01-17 05:23:44',0),(16,'523111','Belanja Biaya Pemeliharaan Gedung dan Bangunan','2010-01-17 05:24:33',1,'2010-01-17 05:24:33',0),(17,'523121','Belanja Biaya Pemeliharaan Peralatan dan Mesin','2010-01-17 05:26:30',1,'2010-01-17 05:26:30',0),(18,'522111','Belanja Langganan Daya dan Jasa','2010-01-17 05:28:48',1,'2010-01-17 05:28:48',0),(19,'524111','Belanja Perjalanan Biasa','2010-01-17 05:30:45',1,'2010-01-17 05:30:45',0),(20,'521211','Belanja Bahan','2010-01-17 05:31:54',1,'2010-01-17 05:31:54',0),(21,'521213','Honor yang terkait dengan output kegiatan','2010-01-17 05:37:37',1,'2010-01-17 05:37:37',0),(22,'521219','Belanja Barang Non Operasional Lainnya','2010-01-17 05:39:19',1,'2010-01-17 05:39:19',0),(23,'524119','Belanja Perjalanan Lainnya (DN)','2010-01-17 05:45:33',1,'2010-01-17 05:45:33',0),(24,'521113','Belanja Untuk Menambah Daya Tahan Tubuh','2010-01-17 05:50:58',1,'2010-01-17 05:50:58',0),(25,'522115','Belanja Jasa Profesi','2010-01-17 05:55:20',1,'2010-01-17 05:55:20',0),(26,'522114','Belanja Sewa','2010-01-17 06:01:07',1,'2010-01-17 06:01:07',0),(27,'536111','Belanja Modal Fisik Lainnya','2010-01-17 06:03:56',1,'2010-01-17 06:03:56',0),(28,'532111','Belanja Modal Peralatan dan Mesin','2010-01-17 06:04:44',1,'2010-01-17 06:04:44',0),(29,'533111','Belanja Modal Gedung dan Bangunan','2010-01-17 06:09:12',1,'2010-01-17 06:09:12',0);
/*!40000 ALTER TABLE `activity_children` ENABLE KEYS */;
UNLOCK TABLES;

--
-- Table structure for table `asset_items`
--

DROP TABLE IF EXISTS `asset_items`;
SET @saved_cs_client     = @@character_set_client;
SET character_set_client = utf8;
CREATE TABLE `asset_items` (
  `id` int(11) NOT NULL auto_increment,
  `asset_id` int(11) NOT NULL,
  `item_id` int(11) NOT NULL,
  `inventory_no` varchar(50) NOT NULL,
  `location_id` int(11) NOT NULL,
  `unit_code_id` smallint(6) NOT NULL,
  `total` int(5) NOT NULL,
  `created` datetime NOT NULL,
  `created_by` int(10) NOT NULL,
  `modified` datetime NOT NULL,
  `modified_by` int(10) NOT NULL,
  PRIMARY KEY  (`id`),
  UNIQUE KEY `inventory_no` (`inventory_no`),
  KEY `asset_id` (`asset_id`),
  KEY `item_id` (`item_id`),
  KEY `location_id` (`location_id`),
  KEY `unit_code_id` (`unit_code_id`)
) ENGINE=MyISAM AUTO_INCREMENT=2 DEFAULT CHARSET=latin1;
SET character_set_client = @saved_cs_client;

--
-- Dumping data for table `asset_items`
--

LOCK TABLES `asset_items` WRITE;
/*!40000 ALTER TABLE `asset_items` DISABLE KEYS */;
INSERT INTO `asset_items` VALUES (1,1,2,'',1,1,1,'2010-08-12 13:29:50',1,'2010-08-12 13:29:50',1);
/*!40000 ALTER TABLE `asset_items` ENABLE KEYS */;
UNLOCK TABLES;

--
-- Table structure for table `assets`
--

DROP TABLE IF EXISTS `assets`;
SET @saved_cs_client     = @@character_set_client;
SET character_set_client = utf8;
CREATE TABLE `assets` (
  `id` int(11) NOT NULL auto_increment,
  `receipt_no` varchar(50) NOT NULL,
  `receipt_date` date NOT NULL,
  `receipt_no_spk` varchar(50) NOT NULL,
  `sp2d_no` varchar(50) NOT NULL,
  `sp2d_date` date NOT NULL,
  `sp2d_klb` varchar(50) NOT NULL,
  `spm` decimal(17,2) NOT NULL,
  `created` datetime NOT NULL,
  `created_by` int(10) NOT NULL,
  `modified` datetime NOT NULL,
  `modified_by` int(10) NOT NULL,
  PRIMARY KEY  (`id`)
) ENGINE=MyISAM AUTO_INCREMENT=2 DEFAULT CHARSET=latin1;
SET character_set_client = @saved_cs_client;

--
-- Dumping data for table `assets`
--

LOCK TABLES `assets` WRITE;
/*!40000 ALTER TABLE `assets` DISABLE KEYS */;
INSERT INTO `assets` VALUES (1,'100','2010-08-12','auahelap','23123','2010-08-13','23424','23423424.00','2010-08-12 13:29:50',1,'2010-08-12 13:29:50',0);
/*!40000 ALTER TABLE `assets` ENABLE KEYS */;
UNLOCK TABLES;

--
-- Table structure for table `cities`
--

DROP TABLE IF EXISTS `cities`;
SET @saved_cs_client     = @@character_set_client;
SET character_set_client = utf8;
CREATE TABLE `cities` (
  `id` int(11) unsigned NOT NULL auto_increment,
  `province_id` int(11) unsigned NOT NULL default '0',
  `name` varchar(60) default NULL,
  `other_name` varchar(255) default NULL,
  `created_by` varchar(30) default NULL,
  `created` datetime default NULL,
  `modified_by` varchar(30) default NULL,
  `modified` datetime default NULL,
  PRIMARY KEY  (`id`),
  KEY `province_id` (`province_id`),
  KEY `name` (`name`),
  KEY `other_name` (`other_name`)
) ENGINE=MyISAM AUTO_INCREMENT=450 DEFAULT CHARSET=latin1;
SET character_set_client = @saved_cs_client;

--
-- Dumping data for table `cities`
--

LOCK TABLES `cities` WRITE;
/*!40000 ALTER TABLE `cities` DISABLE KEYS */;
INSERT INTO `cities` VALUES (10,37,'KABUPATEN ACEH SELATAN','TAPAKTUAN',NULL,NULL,'1','2009-12-17 00:18:29'),(11,37,'KABUPATEN ACEH TENGGARA','KUTACANE',NULL,NULL,'admin','2009-06-24 10:47:44'),(12,37,'KABUPATEN ACEH TIMUR DAN KOTA LANGSA','LANGSA',NULL,NULL,NULL,NULL),(13,37,'KABUPATEN ACEH TENGAH','TAKENGON',NULL,NULL,NULL,NULL),(14,37,'KABUPATEN ACEH BARAT','MEULABOH',NULL,NULL,NULL,NULL),(15,37,'KABUPATEN ACEH BESAR','JANTHO',NULL,NULL,NULL,NULL),(16,37,'KABUPATEN PIDIE','SIGLI',NULL,NULL,NULL,NULL),(17,37,'KABUPATEN ACEH UTARA DAN KOTA LHOKSEUMAWE','LHOKSEUMAWE',NULL,NULL,NULL,NULL),(18,37,'KABUPATEN SIMEULUE','SINABANG',NULL,NULL,NULL,NULL),(19,37,'KABUPATEN ACEH SINGKIL','SINGKIL',NULL,NULL,NULL,NULL),(20,37,'KABUPATEN BIREUEN','BIREUEN',NULL,NULL,NULL,NULL),(21,37,'KABUPATEN ACEH BARAT DAYA','BLANGPIDIE',NULL,NULL,NULL,NULL),(22,37,'KABUPATEN GAYO LUES','BLANGKEJERAN',NULL,NULL,NULL,NULL),(23,37,'KABUPATEN ACEH JAYA','CALANG',NULL,NULL,NULL,NULL),(24,37,'KABUPATEN NAGAN RAYA','SUKA MAKMUE',NULL,NULL,NULL,NULL),(25,37,'KABUPATEN ACEH TAMIANG','KARANG BARU',NULL,NULL,NULL,NULL),(26,37,'KABUPATEN BENER MERIAH','SIMPANG TIGA REDELONG',NULL,NULL,NULL,NULL),(27,37,'KABUPATEN PIDIE JAYA','MEUREUDU',NULL,NULL,NULL,NULL),(28,37,'KOTA BANDA ACEH','BANDA ACEH',NULL,NULL,NULL,NULL),(29,37,'KOTA SABANG','SABANG',NULL,NULL,NULL,NULL),(30,37,'KOTA SUBULUSSALAM','SUBULUSSALAM',NULL,NULL,NULL,NULL),(31,45,'KABUPATEN TAPANULI TENGAH DAN KOTA SIBOLGA','SIBOLGA',NULL,NULL,NULL,NULL),(32,45,'KABUPATEN TAPANULI UTARA','TARUTUNG',NULL,NULL,NULL,NULL),(33,45,'KABUPATEN TAPANULI SELATAN DAN KOTA PADANG SIDEMPUAN','PADANG SIDEMPUAN',NULL,NULL,NULL,NULL),(34,45,'KABUPATEN NIAS','GUNUNGSITOLI',NULL,NULL,NULL,NULL),(35,45,'KABUPATEN LANGKAT','STABAT',NULL,NULL,NULL,NULL),(36,45,'KABUPATEN KARO','KABANJAHE',NULL,NULL,NULL,NULL),(37,45,'KABUPATEN DELI SERDANG','LUBUKPAKAM',NULL,NULL,NULL,NULL),(38,45,'KABUPATEN SIMALUNGUN DAN KOTA PEMATANG SIANTAR','PEMATANGSIANTAR',NULL,NULL,NULL,NULL),(39,45,'KABUPATEN ASAHAN','KISARAN',NULL,NULL,NULL,NULL),(40,45,'KABUPATEN LABUHANBATU SELATAN','KOTA PINANG',NULL,NULL,NULL,NULL),(41,45,'KABUPATEN LABUHANBATU UTARA','AEK KANOPAN',NULL,NULL,NULL,NULL),(42,45,'KABUPATEN LABUHANBATU','RANTAUPRAPAT',NULL,NULL,NULL,NULL),(43,45,'KABUPATEN DAIRI','SIDIKALANG',NULL,NULL,NULL,NULL),(44,45,'KABUPATEN TOBA SAMOSIR','BALIGE',NULL,NULL,NULL,NULL),(45,45,'KABUPATEN MANDAILING NATAL','PENYABUNGAN',NULL,NULL,NULL,NULL),(46,45,'KABUPATEN NIAS SELATAN','TELUK DALAM',NULL,NULL,NULL,NULL),(47,45,'KABUPATEN PAKPAK BHARAT','SALAK',NULL,NULL,NULL,NULL),(48,45,'KABUPATEN HUMBANG HASUNDUTAN','DOLOK SANGGUL',NULL,NULL,NULL,NULL),(49,45,'KABUPATEN SAMOSIR','PANGURUAN',NULL,NULL,NULL,NULL),(50,45,'KABUPATEN SERDANG BEDAGAI','SEI RAMPAH',NULL,NULL,NULL,NULL),(51,45,'KABUPATEN BATU BARA','LIMA PULUH',NULL,NULL,NULL,NULL),(52,45,'KABUPATEN PADANG LAWAS UTARA','GUNUNG TUA',NULL,NULL,NULL,NULL),(53,45,'KABUPATEN PADANG LAWAS','SIBUHUAN',NULL,NULL,NULL,NULL),(54,45,'KOTA MEDAN','MEDAN',NULL,NULL,NULL,NULL),(55,45,'KOTA TANJUNG BALAI','TANJUNG BALAI',NULL,NULL,NULL,NULL),(56,45,'KOTA BINJAI','BINJAI',NULL,NULL,NULL,NULL),(57,45,'KOTA TEBING TINGGI','TEBING TINGGI',NULL,NULL,NULL,NULL),(58,2,'KABUPATEN BENGKULU SELATAN','MANNA',NULL,NULL,NULL,NULL),(59,2,'KABUPATEN REJANG LEBONG','CURUP',NULL,NULL,NULL,NULL),(60,2,'KABUPATEN BENGKULU UTARA','ARGAMAKMUR',NULL,NULL,NULL,NULL),(61,2,'KABUPATEN KAUR','BINTUHAN',NULL,NULL,NULL,NULL),(62,2,'KABUPATEN SELUMA','TAIS',NULL,NULL,NULL,NULL),(63,2,'KABUPATEN MUKOMUKO','MUKOMUKO',NULL,NULL,NULL,NULL),(64,2,'KABUPATEN LEBONG','TUBEI',NULL,NULL,NULL,NULL),(65,2,'KABUPATEN KEPAHIANG','KEPAHIANG',NULL,NULL,NULL,NULL),(66,2,'KABUPATEN BENGKULU TENGAH','KARANG TINGGI',NULL,NULL,NULL,NULL),(67,2,'KOTA BENGKULU','BENGKULU',NULL,NULL,NULL,NULL),(68,31,'KABUPATEN KERINCI DAN KOTA SUNGAI PENUH','SUNGAIPENUH',NULL,NULL,NULL,NULL),(69,31,'KABUPATEN MERANGIN','BANGKO',NULL,NULL,NULL,NULL),(70,31,'KABUPATEN SAROLANGUN','SAROLANGUN',NULL,NULL,NULL,NULL),(71,31,'KABUPATEN BATANG HARI','MUARA BULIAN',NULL,NULL,NULL,NULL),(72,31,'KABUPATEN MUARO JAMBI','SENGETI',NULL,NULL,NULL,NULL),(73,31,'KABUPATEN TANJUNG JABUNG BARAT','KUALA TUNGKAL',NULL,NULL,NULL,NULL),(74,31,'KABUPATEN TANJUNG JABUNG TIMUR','MUARA SABAK',NULL,NULL,NULL,NULL),(75,31,'KABUPATEN BUNGO','MUARA BUNGO',NULL,NULL,NULL,NULL),(76,31,'KABUPATEN TEBO','MUARA TEBO',NULL,NULL,NULL,NULL),(77,31,'KOTA JAMBI','JAMBI',NULL,NULL,NULL,NULL),(78,42,'KABUPATEN KAMPAR','BANGKINANG',NULL,NULL,NULL,NULL),(79,42,'KABUPATEN INDRAGIRI HULU','RENGAT',NULL,NULL,NULL,NULL),(80,42,'KABUPATEN BENGKALIS','BENGKALIS',NULL,NULL,NULL,NULL),(81,42,'KABUPATEN INDRAGIRI HILIR','TEMBILAHAN',NULL,NULL,NULL,NULL),(82,42,'KABUPATEN PELALAWAN','PANGKALAN KERINCI',NULL,NULL,NULL,NULL),(83,42,'KABUPATEN ROKAN HULU','PASIR PANGARAIAN',NULL,NULL,NULL,NULL),(84,42,'KABUPATEN ROKAN HILIR','UJUNG TANJUNG',NULL,NULL,NULL,NULL),(85,42,'KABUPATEN SIAK','SIAK SRIINDRAPURA',NULL,NULL,NULL,NULL),(86,42,'KABUPATEN KUANTAN SINGINGI','TELUK KUANTAN',NULL,NULL,NULL,NULL),(87,42,'KOTA PEKANBARU','PEKANBARU',NULL,NULL,NULL,NULL),(88,42,'KOTA DUMAI','DUMAI',NULL,NULL,NULL,NULL),(89,43,'KABUPATEN PESISIR SELATAN','PAINAN',NULL,NULL,NULL,NULL),(90,43,'KABUPATEN SOLOK DAN KOTA SOLOK','SOLOK',NULL,NULL,NULL,NULL),(91,43,'KABUPATEN SIJUNJUNG','MUARO SIJUNJUNG',NULL,NULL,NULL,NULL),(92,43,'KABUPATEN TANAH DATAR','BATUSANGKAR',NULL,NULL,NULL,NULL),(93,43,'KABUPATEN PADANG PARIAMAN DAN KOTA PARIAMAN','PARIAMAN',NULL,NULL,NULL,NULL),(94,43,'KABUPATEN AGAM','LUBUKBASUNG',NULL,NULL,NULL,NULL),(95,43,'KABUPATEN LIMA PULUH KOTA DAN KOTA PAYAKUMBUH','PAYAKUMBUH',NULL,NULL,NULL,NULL),(96,43,'KABUPATEN PASAMAN','LUBUKSIKAPING',NULL,NULL,NULL,NULL),(97,43,'KABUPATEN KEPULAUAN MENTAWAI','TUA PEJAT',NULL,NULL,NULL,NULL),(98,43,'KABUPATEN DHARMASRAYA','PULAU PUNJUNG',NULL,NULL,NULL,NULL),(99,43,'KABUPATEN SOLOK SELATAN','PADANG ARO',NULL,NULL,NULL,NULL),(100,43,'KABUPATEN PASAMAN BARAT','SIMPANG EMPAT',NULL,NULL,NULL,NULL),(101,43,'KOTA PADANG','PADANG',NULL,NULL,NULL,NULL),(102,43,'KOTA SAWAHLUNTO','SAWAHLUNTO',NULL,NULL,NULL,NULL),(103,43,'KOTA PADANGPANJANG','PADANGPANJANG',NULL,NULL,NULL,NULL),(104,43,'KOTA BUKITTINGGI','BUKITTINGGI',NULL,NULL,NULL,NULL),(105,44,'KABUPATEN OGAN KOMERING ULU','BATURAJA',NULL,NULL,NULL,NULL),(106,44,'KABUPATEN OGAN KOMERING ILIR','KAYU AGUNG',NULL,NULL,NULL,NULL),(107,44,'KABUPATEN MUARA ENIM','MUARA ENIM',NULL,NULL,NULL,NULL),(108,44,'KABUPATEN LAHAT','LAHAT',NULL,NULL,NULL,NULL),(109,44,'KABUPATEN MUSI RAWAS DAN KOTA LUBUK LINGGAU','LUBUK LINGGAU',NULL,NULL,NULL,NULL),(110,44,'KABUPATEN MUSI BANYUASIN','SEKAYU',NULL,NULL,NULL,NULL),(111,44,'KABUPATEN BANYUASIN','BANYUASIN',NULL,NULL,NULL,NULL),(112,44,'KABUPATEN OGAN KOMERING ULU TIMUR','MARTAPURA',NULL,NULL,NULL,NULL),(113,44,'KABUPATEN OGAN KOMERING ULU SELATAN','MUARADUA',NULL,NULL,NULL,NULL),(114,44,'KABUPATEN OGAN ILIR','INDRALAYA',NULL,NULL,NULL,NULL),(115,44,'KABUPATEN EMPAT LAWANG','TEBING TINGGI',NULL,NULL,NULL,NULL),(116,44,'KOTA PALEMBANG','PALEMBANG',NULL,NULL,NULL,NULL),(117,44,'KOTA PAGAR ALAM','PAGAR ALAM',NULL,NULL,NULL,NULL),(118,44,'KOTA PRABUMULIH','PRABUMULIH',NULL,NULL,NULL,NULL),(119,22,'KABUPATEN LAMPUNG SELATAN','KALIANDA',NULL,NULL,NULL,NULL),(120,22,'KABUPATEN LAMPUNG TENGAH','GUNUNGSUGIH',NULL,NULL,NULL,NULL),(121,22,'KABUPATEN LAMPUNG UTARA','KOTABUMI',NULL,NULL,NULL,NULL),(122,22,'KABUPATEN LAMPUNG BARAT','LIWA',NULL,NULL,NULL,NULL),(123,22,'KABUPATEN TULANG BAWANG','MENGGALA',NULL,NULL,NULL,NULL),(124,22,'KABUPATEN TANGGAMUS','KOTAAGUNG',NULL,NULL,NULL,NULL),(125,22,'KABUPATEN LAMPUNG TIMUR','SUKADANA',NULL,NULL,NULL,NULL),(126,22,'KABUPATEN WAY KANAN','BLAMBANGAN UMPU',NULL,NULL,NULL,NULL),(127,22,'KABUPATEN PESAWARAN','GEDONG TATAAN',NULL,NULL,NULL,NULL),(128,22,'KOTA BANDAR LAMPUNG','BANDAR LAMPUNG',NULL,NULL,NULL,NULL),(129,22,'KOTA METRO','METRO',NULL,NULL,NULL,NULL),(130,1,'KABUPATEN BANGKA','SUNGAILIAT',NULL,NULL,NULL,NULL),(131,1,'KABUPATEN BELITUNG','TANJUNGPANDAN',NULL,NULL,NULL,NULL),(132,1,'KABUPATEN BANGKA SELATAN','MENTOK',NULL,NULL,NULL,NULL),(133,1,'KABUPATEN BANGKA TENGAH','KOBA',NULL,NULL,NULL,NULL),(134,1,'KABUPATEN BANGKA BARAT','TOBOALI',NULL,NULL,NULL,NULL),(135,1,'KABUPATEN BELITUNG TIMUR','MANGGAR',NULL,NULL,NULL,NULL),(136,1,'KOTA PANGKAL PINANG','PANGKAL PINANG',NULL,NULL,NULL,NULL),(137,19,'KABUPATEN BINTAN DAN KOTA TANJUNG PINANG','TANJUNGPINANG',NULL,NULL,NULL,NULL),(138,19,'KABUPATEN KARIMUN','TANJUNG BALAI KARIMUN',NULL,NULL,NULL,NULL),(139,19,'KABUPATEN NATUNA','RANAI',NULL,NULL,NULL,NULL),(140,19,'KABUPATEN LINGGA','DAIK LINGGA',NULL,NULL,NULL,NULL),(141,19,'KABUPATEN KEPULAUAN ANAMBAS','TAREMPA',NULL,NULL,NULL,NULL),(142,19,'KOTA BATAM','BATAM',NULL,NULL,NULL,NULL),(143,4,'KABUPATEN PANDEGLANG','PANDEGLANG',NULL,NULL,NULL,NULL),(144,4,'KABUPATEN LEBAK','RANGKASBITUNG',NULL,NULL,NULL,NULL),(145,4,'KABUPATEN TANGERANG DAN KOTA TANGERANG','TANGERANG',NULL,NULL,NULL,NULL),(146,4,'KABUPATEN SERANG DAN KOTA SERANG','SERANG',NULL,NULL,NULL,NULL),(147,4,'KOTA CILEGON','CILEGON',NULL,NULL,NULL,NULL),(148,11,'KABUPATEN BOGOR DAN KOTA BOGOR','CIBINONG',NULL,NULL,NULL,NULL),(149,11,'KABUPATEN SUKABUMI DAN KOTA SUKABUMI','SUKABUMI',NULL,NULL,NULL,NULL),(150,11,'KABUPATEN CIANJUR','CIANJUR',NULL,NULL,NULL,NULL),(151,11,'KABUPATEN BANDUNG DAN KOTA BANDUNG','SOREANG',NULL,NULL,NULL,NULL),(152,11,'KABUPATEN GARUT','GARUT',NULL,NULL,NULL,NULL),(153,11,'KABUPATEN TASIKMALAYA DAN KOTA TASIKMALAYA','SINGAPARNA',NULL,NULL,NULL,NULL),(154,11,'KABUPATEN CIAMIS','CIAMIS',NULL,NULL,NULL,NULL),(155,11,'KABUPATEN KUNINGAN','KUNINGAN',NULL,NULL,NULL,NULL),(156,11,'KABUPATEN CIREBON DAN KOTA CIREBON','SUMBER',NULL,NULL,NULL,NULL),(157,11,'KABUPATEN MAJALENGKA','MAJALENGKA',NULL,NULL,NULL,NULL),(158,11,'KABUPATEN SUMEDANG','SUMEDANG',NULL,NULL,NULL,NULL),(159,11,'KABUPATEN INDRAMAYU','INDRAMAYU',NULL,NULL,NULL,NULL),(160,11,'KABUPATEN SUBANG','SUBANG',NULL,NULL,NULL,NULL),(161,11,'KABUPATEN PURWAKARTA','PURWAKARTA',NULL,NULL,NULL,NULL),(162,11,'KABUPATEN KARAWANG','KARAWANG',NULL,NULL,NULL,NULL),(163,11,'KABUPATEN BEKASI DAN KOTA BEKASI','BEKASI',NULL,NULL,NULL,NULL),(164,11,'KABUPATEN BANDUNG BARAT','NGAMPRAH',NULL,NULL,NULL,NULL),(165,11,'KOTA DEPOK','DEPOK',NULL,NULL,NULL,NULL),(166,11,'KOTA CIMAHI','CIMAHI',NULL,NULL,NULL,NULL),(167,11,'KOTA BANJAR','BANJAR',NULL,NULL,NULL,NULL),(168,30,'KABUPATEN ADMINISTRASI KEPULAUAN SERIBU','PULAU PRAMUKA',NULL,NULL,NULL,NULL),(169,30,'KOTA ADMINISTRASI JAKARTA PUSAT','JAKARTA',NULL,NULL,NULL,NULL),(170,30,'KOTA ADMINISTRASI JAKARTA UTARA','JAKARTA',NULL,NULL,NULL,NULL),(171,30,'KOTA ADMINISTRASI JAKARTA BARAT','JAKARTA',NULL,NULL,NULL,NULL),(172,30,'KOTA ADMINISTRASI JAKARTA SELATAN','JAKARTA',NULL,NULL,NULL,NULL),(173,30,'KOTA ADMINISTRASI JAKARTA TIMUR','JAKARTA',NULL,NULL,NULL,NULL),(174,29,'KABUPATEN CILACAP','CILACAP',NULL,NULL,NULL,NULL),(175,29,'KABUPATEN BANYUMAS','PURWOKERTO',NULL,NULL,NULL,NULL),(176,29,'KABUPATEN PURBALINGGA','PURBALINGGA',NULL,NULL,NULL,NULL),(177,29,'KABUPATEN BANJARNEGARA','BANJARNEGARA',NULL,NULL,NULL,NULL),(178,29,'KABUPATEN KEBUMEN','KEBUMEN',NULL,NULL,NULL,NULL),(179,29,'KABUPATEN PURWOREJO','PURWOREJO',NULL,NULL,NULL,NULL),(180,29,'KABUPATEN WONOSOBO','WONOSOBO',NULL,NULL,NULL,NULL),(181,29,'KABUPATEN MAGELANG & KOTA MAGELANG','MUNGKID',NULL,NULL,NULL,NULL),(182,29,'KABUPATEN BOYOLALI','BOYOLALI',NULL,NULL,NULL,NULL),(183,29,'KABUPATEN KLATEN','KLATEN',NULL,NULL,NULL,NULL),(184,29,'KABUPATEN SUKOHARJO','SUKOHARJO',NULL,NULL,NULL,NULL),(185,29,'KABUPATEN WONOGIRI','WONOGIRI',NULL,NULL,NULL,NULL),(186,29,'KABUPATEN KARANGANYAR','KARANGANYAR',NULL,NULL,NULL,NULL),(187,29,'KABUPATEN SRAGEN','SRAGEN',NULL,NULL,NULL,NULL),(188,29,'KABUPATEN GROBOGAN','PURWODADI',NULL,NULL,NULL,NULL),(189,29,'KABUPATEN BLORA','BLORA',NULL,NULL,NULL,NULL),(190,29,'KABUPATEN REMBANG','REMBANG',NULL,NULL,NULL,NULL),(191,29,'KABUPATEN PATI','PATI',NULL,NULL,NULL,NULL),(192,29,'KABUPATEN KUDUS','KUDUS',NULL,NULL,NULL,NULL),(193,29,'KABUPATEN JEPARA','JEPARA',NULL,NULL,NULL,NULL),(194,29,'KABUPATEN DEMAK','DEMAK',NULL,NULL,NULL,NULL),(195,29,'KABUPATEN SEMARANG DAN KOTA SEMARANG','UNGARAN',NULL,NULL,NULL,NULL),(196,29,'KABUPATEN TEMANGGUNG','TEMANGGUNG',NULL,NULL,NULL,NULL),(197,29,'KABUPATEN KENDAL','KENDAL',NULL,NULL,NULL,NULL),(198,29,'KABUPATEN BATANG','BATANG',NULL,NULL,NULL,NULL),(199,29,'KABUPATEN PEKALONGAN DAN KOTA PEKALONGAN','KAJEN',NULL,NULL,NULL,NULL),(200,29,'KABUPATEN PEMALANG','PEMALANG',NULL,NULL,NULL,NULL),(201,29,'KABUPATEN TEGAL DAN KOTA TEGAL','SLAWI',NULL,NULL,NULL,NULL),(202,29,'KABUPATEN BREBES','BREBES',NULL,NULL,NULL,NULL),(203,29,'KOTA SURAKARTA','SOLO',NULL,NULL,NULL,NULL),(204,29,'KOTA SALATIGA','SALATIGA',NULL,NULL,NULL,NULL),(205,33,'KABUPATEN PACITAN','PACITAN',NULL,NULL,NULL,NULL),(206,33,'KABUPATEN PONOROGO','PONOROGO',NULL,NULL,NULL,NULL),(207,33,'KABUPATEN TRENGGALEK','TRENGGALEK',NULL,NULL,NULL,NULL),(208,33,'KABUPATEN TULUNGAGUNG','TULUNGAGUNG',NULL,NULL,NULL,NULL),(209,33,'KABUPATEN BLITAR DAN KOTA BLITAR','BLITAR',NULL,NULL,NULL,NULL),(210,33,'KABUPATEN KEDIRI DAN KOTA KEDIRI','KEDIRI',NULL,NULL,NULL,NULL),(211,33,'KABUPATEN MALANG DAN KOTA MALANG','KEPANJEN',NULL,NULL,NULL,NULL),(212,33,'KABUPATEN LUMAJANG','LUMAJANG',NULL,NULL,NULL,NULL),(213,33,'KABUPATEN JEMBER','JEMBER',NULL,NULL,NULL,NULL),(214,33,'KABUPATEN BANYUWANGI','BANYUWANGI',NULL,NULL,NULL,NULL),(215,33,'KABUPATEN BONDOWOSO','BONDOWOSO',NULL,NULL,NULL,NULL),(216,33,'KABUPATEN SITUBONDO','SITUBONDO',NULL,NULL,NULL,NULL),(217,33,'KABUPATEN PROBOLINGGO DAN KOTA PROBOLINGGO','PROBOLINGGO',NULL,NULL,NULL,NULL),(218,33,'KABUPATEN PASURUAN DAN KOTA PASURUAN','PASURUAN',NULL,NULL,NULL,NULL),(219,33,'KABUPATEN SIDOARJO','SIDOARJO',NULL,NULL,NULL,NULL),(220,33,'KABUPATEN MOJOKERTO DAN KOTA MOJOKERTO','MOJOKERTO',NULL,NULL,NULL,NULL),(221,33,'KABUPATEN JOMBANG','JOMBANG',NULL,NULL,NULL,NULL),(222,33,'KABUPATEN NGANJUK','NGANJUK',NULL,NULL,NULL,NULL),(223,33,'KABUPATEN MADIUN DAN KOTA MADIUN','MADIUN',NULL,NULL,NULL,NULL),(224,33,'KABUPATEN MAGETAN','MAGETAN',NULL,NULL,NULL,NULL),(225,33,'KABUPATEN NGAWI','NGAWI',NULL,NULL,NULL,NULL),(226,33,'KABUPATEN BOJONEGORO','BOJONEGORO',NULL,NULL,NULL,NULL),(227,33,'KABUPATEN TUBAN','TUBAN',NULL,NULL,NULL,NULL),(228,33,'KABUPATEN LAMONGAN','LAMONGAN',NULL,NULL,NULL,NULL),(229,33,'KABUPATEN GRESIK','GRESIK',NULL,NULL,NULL,NULL),(230,33,'KABUPATEN BANGKALAN','BANGKALAN',NULL,NULL,NULL,NULL),(231,33,'KABUPATEN SAMPANG','SAMPANG',NULL,NULL,NULL,NULL),(232,33,'KABUPATEN PAMEKASAN','PAMEKASAN',NULL,NULL,NULL,NULL),(233,33,'KABUPATEN SUMENEP','SUMENEP',NULL,NULL,NULL,NULL),(234,33,'KOTA SURABAYA','SURABAYA',NULL,NULL,NULL,NULL),(235,33,'KOTA BATU','BATU',NULL,NULL,NULL,NULL),(236,32,'KABUPATEN KULON PROGO','WATES',NULL,NULL,NULL,NULL),(237,32,'KABUPATEN BANTUL','BANTUL',NULL,NULL,NULL,NULL),(238,32,'KABUPATEN GUNUNG KIDUL','WONOSARI',NULL,NULL,NULL,NULL),(239,32,'KABUPATEN SLEMAN','SLEMAN',NULL,NULL,NULL,NULL),(240,32,'KOTA YOGYAKARTA','JOGJAKARTA',NULL,NULL,NULL,NULL),(241,3,'KABUPATEN JEMBRANA','NEGARA',NULL,NULL,NULL,NULL),(242,3,'KABUPATEN TABANAN','TABANAN',NULL,NULL,NULL,NULL),(243,3,'KABUPATEN BADUNG','BADUNG',NULL,NULL,NULL,NULL),(244,3,'KABUPATEN GIANYAR','GIANYAR',NULL,NULL,NULL,NULL),(245,3,'KABUPATEN KLUNGKUNG','KLUNGKUNG',NULL,NULL,NULL,NULL),(246,3,'KABUPATEN BANGLI','BANGLI',NULL,NULL,NULL,NULL),(247,3,'KABUPATEN KARANGASEM','KARANGASEM',NULL,NULL,NULL,NULL),(248,3,'KABUPATEN BULELENG','SINGARAJA',NULL,NULL,NULL,NULL),(249,3,'KOTA DENPASAR','DENPASAR',NULL,NULL,NULL,NULL),(250,38,'KABUPATEN LOMBOK BARAT DAN KOTA MATARAM','MATARAM',NULL,NULL,NULL,NULL),(251,38,'KABUPATEN LOMBOK TENGAH','PRAYA',NULL,NULL,NULL,NULL),(252,38,'KABUPATEN LOMBOK TIMUR','SELONG',NULL,NULL,NULL,NULL),(253,38,'KABUPATEN SUMBAWA','SUMBAWA BESAR',NULL,NULL,NULL,NULL),(254,38,'KABUPATEN DOMPU','DOMPU',NULL,NULL,NULL,NULL),(255,38,'KABUPATEN BIMA DAN KOTA BIMA','RABA',NULL,NULL,NULL,NULL),(256,38,'KABUPATEN SUMBAWA BARAT','TALIWANG',NULL,NULL,NULL,NULL),(257,38,'KABUPATEN LOMBOK UTARA','TANJUNG',NULL,NULL,NULL,NULL),(258,39,'KABUPATEN KUPANG DAN KOTA KUPANG','KUPANG',NULL,NULL,NULL,NULL),(259,39,'KABUPATEN TIMOR TENGAH SELATAN','SOE',NULL,NULL,NULL,NULL),(260,39,'KABUPATEN TIMOR TENGAH UTARA','KEFAMENANU',NULL,NULL,NULL,NULL),(261,39,'KABUPATEN BELU','ATAMBUA',NULL,NULL,NULL,NULL),(262,39,'KABUPATEN ALOR','KALABAHI',NULL,NULL,NULL,NULL),(263,39,'KABUPATEN FLORES TIMUR','LARANTUKA',NULL,NULL,NULL,NULL),(264,39,'KABUPATEN SIKKA','MAUMERE',NULL,NULL,NULL,NULL),(265,39,'KABUPATEN ENDE','ENDE',NULL,NULL,NULL,NULL),(266,39,'KABUPATEN NGADA','BAJAWA',NULL,NULL,NULL,NULL),(267,39,'KABUPATEN MANGGARAI','RUTENG',NULL,NULL,NULL,NULL),(268,39,'KABUPATEN SUMBA TIMUR','WAINGAPU',NULL,NULL,NULL,NULL),(269,39,'KABUPATEN SUMBA BARAT','WAIKABUBAK',NULL,NULL,NULL,NULL),(270,39,'KABUPATEN LEMBATA','LEWOLEBA',NULL,NULL,NULL,NULL),(271,39,'KABUPATEN ROTE NDAO','BAA',NULL,NULL,NULL,NULL),(272,39,'KABUPATEN MANGGARAI BARAT','LABUAN BAJO',NULL,NULL,NULL,NULL),(273,39,'KABUPATEN NAGEKEO','MBAY',NULL,NULL,NULL,NULL),(274,39,'KABUPATEN SUMBA TENGAH','WAIBAKUL',NULL,NULL,NULL,NULL),(275,39,'KABUPATEN SUMBA BARAT DAYA','TAMBOLAKA',NULL,NULL,NULL,NULL),(276,39,'KABUPATEN MANGGARAI TIMUR','BORONG',NULL,NULL,NULL,NULL),(277,34,'KABUPATEN SAMBAS','SAMBAS',NULL,NULL,NULL,NULL),(278,34,'KABUPATEN PONTIANAK DAN KOTA PONTIANAK','MEMPAWAH',NULL,NULL,NULL,NULL),(279,34,'KABUPATEN SANGGAU','BATANG TARANG',NULL,NULL,NULL,NULL),(280,34,'KABUPATEN KETAPANG','KETAPANG',NULL,NULL,NULL,NULL),(281,34,'KABUPATEN SINTANG','SINTANG',NULL,NULL,NULL,NULL),(282,34,'KABUPATEN KAPUAS HULU','PUTUSSIBAU',NULL,NULL,NULL,NULL),(283,34,'KABUPATEN BENGKAYANG','BENGKAYANG',NULL,NULL,NULL,NULL),(284,34,'KABUPATEN LANDAK','NGABANG',NULL,NULL,NULL,NULL),(285,34,'KABUPATEN MELAWI','NANGA PINOH',NULL,NULL,NULL,NULL),(286,34,'KABUPATEN SEKADAU','SEKADAU',NULL,NULL,NULL,NULL),(287,34,'KABUPATEN KAYONG UTARA','SUKADANA',NULL,NULL,NULL,NULL),(288,34,'KABUPATEN KUBU RAYA','SUNGAI RAYA',NULL,NULL,NULL,NULL),(289,34,'KOTA SINGKAWANG','SINGKAWANG',NULL,NULL,NULL,NULL),(290,20,'KABUPATEN TANAH LAUT','PELAIHARI',NULL,NULL,NULL,NULL),(291,20,'KABUPATEN KOTABARU','KOTABARU',NULL,NULL,NULL,NULL),(292,20,'KABUPATEN BANJAR','MARTAPURA',NULL,NULL,NULL,NULL),(293,20,'KABUPATEN BARITO KUALA','MARABAHAN',NULL,NULL,NULL,NULL),(294,20,'KABUPATEN TAPIN','RANTAU',NULL,NULL,NULL,NULL),(295,20,'KABUPATEN HULU SUNGAI SELATAN','KANDANGAN',NULL,NULL,NULL,NULL),(296,20,'KABUPATEN HULU SUNGAI TENGAH','BARABAI',NULL,NULL,NULL,NULL),(297,20,'KABUPATEN HULU SUNGAI UTARA','AMUNTAI',NULL,NULL,NULL,NULL),(298,20,'KABUPATEN TABALONG','TANJUNG',NULL,NULL,NULL,NULL),(299,20,'KABUPATEN TANAH BUMBU','BATULICIN',NULL,NULL,NULL,NULL),(300,20,'KABUPATEN BALANGAN','PARINGIN',NULL,NULL,NULL,NULL),(301,20,'KOTA BANJARMASIN','BANJARMASIN',NULL,NULL,NULL,NULL),(302,20,'KOTA BANJARBARU','BANJARBARU',NULL,NULL,NULL,NULL),(303,18,'KABUPATEN KOTAWARINGIN BARAT','PANGKALAN BUN',NULL,NULL,NULL,NULL),(304,18,'KABUPATEN KOTAWARINGIN TIMUR','SAMPIT',NULL,NULL,NULL,NULL),(305,18,'KABUPATEN KAPUAS','KUALA KAPUAS',NULL,NULL,NULL,NULL),(306,18,'KABUPATEN BARITO SELATAN','BUNTOK',NULL,NULL,NULL,NULL),(307,18,'KABUPATEN BARITO UTARA','MUARA TEWEH',NULL,NULL,NULL,NULL),(308,18,'KABUPATEN KATINGAN','KASONGAN',NULL,NULL,NULL,NULL),(309,18,'KABUPATEN SERUYAN','KUALA PEMBUANG',NULL,NULL,NULL,NULL),(310,18,'KABUPATEN SUKAMARA','SUKAMARA',NULL,NULL,NULL,NULL),(311,18,'KABUPATEN LAMANDAU','NANGA BULIK',NULL,NULL,NULL,NULL),(312,18,'KABUPATEN GUNUNG MAS','KUALA KURUN',NULL,NULL,NULL,NULL),(313,18,'KABUPATEN PULANG PISAU','PULANG PISAU',NULL,NULL,NULL,NULL),(314,18,'KABUPATEN MURUNG RAYA','PURUKCAHU',NULL,NULL,NULL,NULL),(315,18,'KABUPATEN BARITO TIMUR','TAMIANG',NULL,NULL,NULL,NULL),(316,18,'KOTA PALANGKARAYA','PALANGKARAYA',NULL,NULL,NULL,NULL),(317,35,'KABUPATEN PASER','TANAH GROGOT',NULL,NULL,NULL,NULL),(318,35,'KABUPATEN KUTAI KARTANEGARA','TENGGARONG',NULL,NULL,NULL,NULL),(319,35,'KABUPATEN BERAU','TANJUNGREDEP',NULL,NULL,NULL,NULL),(320,35,'KABUPATEN BULUNGAN','TANJUNGSELOR',NULL,NULL,NULL,NULL),(321,35,'KABUPATEN NUNUKAN','NUNUKAN',NULL,NULL,NULL,NULL),(322,35,'KABUPATEN MALINAU','MALINAU',NULL,NULL,NULL,NULL),(323,35,'KABUPATEN KUTAI BARAT','SENDAWAR',NULL,NULL,NULL,NULL),(324,35,'KABUPATEN KUTAI TIMUR','SANGATTA',NULL,NULL,NULL,NULL),(325,35,'KABUPATEN PENAJAM PASER UTARA','PENAJAM',NULL,NULL,NULL,NULL),(326,35,'KOTA BALIKPAPAN','BALIKPAPAN',NULL,NULL,NULL,NULL),(327,35,'KOTA SAMARINDA','SAMARINDA',NULL,NULL,NULL,NULL),(328,35,'KOTA TARAKAN','TARAKAN',NULL,NULL,NULL,NULL),(329,35,'KOTA BONTANG','BONTANG',NULL,NULL,NULL,NULL),(330,28,'KABUPATEN GORONTALO & KOTA GORONTALO','GORONTALO',NULL,NULL,NULL,NULL),(331,28,'KABUPATEN BOALEMO','TILAMUTA',NULL,NULL,NULL,NULL),(332,28,'KABUPATEN BONE BOLANGO','SUWAWA',NULL,NULL,NULL,NULL),(333,28,'KABUPATEN POHUWATO','MARISA',NULL,NULL,NULL,NULL),(334,28,'KABUPATEN GORONTALO UTARA','KWANDANG',NULL,NULL,NULL,NULL),(335,26,'KABUPATEN SELAYAR','BENTENG',NULL,NULL,NULL,NULL),(336,26,'KABUPATEN BULUKUMBA','BULUKUMBA',NULL,NULL,NULL,NULL),(337,26,'KABUPATEN BANTAENG','BANTAENG',NULL,NULL,NULL,NULL),(338,26,'KABUPATEN JENEPONTO','JENEPONTO',NULL,NULL,NULL,NULL),(339,26,'KABUPATEN TAKALAR','TAKALAR',NULL,NULL,NULL,NULL),(340,26,'KABUPATEN GOWA','SUNGGU MINASA',NULL,NULL,NULL,NULL),(341,26,'KABUPATEN SINJAI','SINJAI',NULL,NULL,NULL,NULL),(342,26,'KABUPATEN BONE','WATAMPONE',NULL,NULL,NULL,NULL),(343,26,'KABUPATEN MAROS','MAROS',NULL,NULL,NULL,NULL),(344,26,'KABUPATEN PANGKAJENE DAN KEPULAUAN','PANGKAJENE',NULL,NULL,NULL,NULL),(345,26,'KABUPATEN BARRU','BARRU',NULL,NULL,NULL,NULL),(346,26,'KABUPATEN SOPPENG','WATAN SOPPENG',NULL,NULL,NULL,NULL),(347,26,'KABUPATEN WAJO','SENGKANG',NULL,NULL,NULL,NULL),(348,26,'KABUPATEN SIDENRENG RAPPANG','SIDENRENG',NULL,NULL,NULL,NULL),(349,26,'KABUPATEN PINRANG','PINRANG',NULL,NULL,NULL,NULL),(350,26,'KABUPATEN ENREKANG','ENREKANG',NULL,NULL,NULL,NULL),(351,26,'KABUPATEN LUWU & KOTA PALOPO','PALOPO',NULL,NULL,NULL,NULL),(352,26,'KABUPATEN TANA TORAJA','MAKALE',NULL,NULL,NULL,NULL),(353,26,'KABUPATEN LUWU UTARA','MASAMBA',NULL,NULL,NULL,NULL),(354,26,'KABUPATEN LUWU TIMUR','MALILI',NULL,NULL,NULL,NULL),(355,26,'KABUPATEN TORAJA UTARA','RANTEPAO',NULL,NULL,NULL,NULL),(356,26,'KOTA MAKASSAR','MAKASSAR',NULL,NULL,NULL,NULL),(357,26,'KOTA PARE-PARE','PARE-PARE',NULL,NULL,NULL,NULL),(358,7,'KABUPATEN KOLAKA','KOLAKA',NULL,NULL,NULL,NULL),(359,7,'KABUPATEN KONAWE','UNAAHA',NULL,NULL,NULL,NULL),(360,7,'KABUPATEN MUNA','RAHA',NULL,NULL,NULL,NULL),(361,7,'KABUPATEN BUTON & KOTA BAU-BAU','BAU-BAU',NULL,NULL,NULL,NULL),(362,7,'KABUPATEN KONAWE SELATAN','ANDOLO',NULL,NULL,NULL,NULL),(363,7,'KABUPATEN BOMBANA','RUMBIA',NULL,NULL,NULL,NULL),(364,7,'KABUPATEN WAKATOBI','WANGI-WANGI',NULL,NULL,NULL,NULL),(365,7,'KABUPATEN KOLAKA UTARA','LASUSUA',NULL,NULL,NULL,NULL),(366,7,'KABUPATEN KONAWE UTARA','WANGGUDU',NULL,NULL,NULL,NULL),(367,7,'KABUPATEN BUTON UTARA','BURANGA',NULL,NULL,NULL,NULL),(368,7,'KOTA KENDARI','KENDARI',NULL,NULL,NULL,NULL),(369,25,'KABUPATEN BANGGAI','LUWUK',NULL,NULL,NULL,NULL),(370,25,'KABUPATEN POSO','POSO',NULL,NULL,NULL,NULL),(371,25,'KABUPATEN DONGGALA','DONGGALA',NULL,NULL,NULL,NULL),(372,25,'KABUPATEN TOLI-TOLI','TOLI-TOLI',NULL,NULL,NULL,NULL),(373,25,'KABUPATEN BUOL','BUOL',NULL,NULL,NULL,NULL),(374,25,'KABUPATEN MOROWALI','BUNGKU',NULL,NULL,NULL,NULL),(375,25,'KABUPATEN BANGGAI KEPULAUAN','BANGGAI',NULL,NULL,NULL,NULL),(376,25,'KABUPATEN PARIGI MOUTONG','PARIGI',NULL,NULL,NULL,NULL),(377,25,'KABUPATEN TOJO UNA-UNA','AMPANA',NULL,NULL,NULL,NULL),(378,25,'KABUPATEN SIGI','SIGI BIROMARU',NULL,NULL,NULL,NULL),(379,25,'KOTA PALU','PALU',NULL,NULL,NULL,NULL),(380,27,'KABUPATEN BOLAANG MONGONDOW & KOTA KOTAMUBAGU','KOTAMOBAGU',NULL,NULL,NULL,NULL),(381,27,'KABUPATEN BOLAANG MONGONDOW TIMUR','TUTUYAN',NULL,NULL,NULL,NULL),(382,27,'KABUPATEN BOLAANG MONGONDOW SELATAN','BOLAANG UKI',NULL,NULL,NULL,NULL),(383,27,'KABUPATEN MINAHASA','TONDANO',NULL,NULL,NULL,NULL),(384,27,'KABUPATEN KEPULAUAN SANGIHE','TAHUNA',NULL,NULL,NULL,NULL),(385,27,'KABUPATEN KEPULAUAN TALAUD','MELONGUANE',NULL,NULL,NULL,NULL),(386,27,'KABUPATEN MINAHASA SELATAN','AMURANG',NULL,NULL,NULL,NULL),(387,27,'KABUPATEN MINAHASA UTARA','AIRMADIDI',NULL,NULL,NULL,NULL),(388,27,'KABUPATEN MINAHASA TENGGARA','RATAHAN',NULL,NULL,NULL,NULL),(389,27,'KABUPATEN BOLAANG MONGONDOW UTARA','BOROKO',NULL,NULL,NULL,NULL),(390,27,'KABUPATEN KEPULAUAN SIAU TAGULANDANG BIARO','ONDONG SIAU',NULL,NULL,NULL,NULL),(391,27,'KOTA MANADO','MANADO',NULL,NULL,NULL,NULL),(392,27,'KOTA BITUNG','BITUNG',NULL,NULL,NULL,NULL),(393,27,'KOTA TOMOHON','TOMOHON',NULL,NULL,NULL,NULL),(394,24,'KABUPATEN MAMUJU UTARA','PASANGKAYU',NULL,NULL,NULL,NULL),(395,24,'KABUPATEN MAMUJU','MAMUJU',NULL,NULL,NULL,NULL),(396,24,'KABUPATEN MAMASA','MAMASA',NULL,NULL,NULL,NULL),(397,24,'KABUPATEN POLEWALI MANDAR','POLEWALI',NULL,NULL,NULL,NULL),(398,24,'KABUPATEN MAJENE','MAJENE',NULL,NULL,NULL,NULL),(399,23,'KABUPATEN MALUKU BARAT DAYA','TIAKUR',NULL,NULL,NULL,NULL),(400,23,'KABUPATEN MALUKU TENGAH','MASOHI',NULL,NULL,NULL,NULL),(401,23,'KABUPATEN MALUKU TENGGARA & KOTA TUAL','TUAL',NULL,NULL,NULL,NULL),(402,23,'KABUPATEN MALUKU TENGGARA BARAT','SAUMLAKI',NULL,NULL,NULL,NULL),(403,23,'KABUPATEN BURU','NAMLEA',NULL,NULL,NULL,NULL),(404,23,'KABUPATEN BURU SELATAN','NAMROLE',NULL,NULL,NULL,NULL),(405,23,'KABUPATEN SERAM BAGIAN TIMUR','DATARAN HUNIMOA',NULL,NULL,NULL,NULL),(406,23,'KABUPATEN SERAM BAGIAN BARAT','DATARAN HUNIPOPU',NULL,NULL,NULL,NULL),(407,23,'KABUPATEN KEPULAUAN ARU','DOBO',NULL,NULL,NULL,NULL),(408,23,'KOTA AMBON','AMBON',NULL,NULL,NULL,NULL),(409,36,'KABUPATEN HALMAHERA BARAT & KOTA TERNATE','TERNATE',NULL,NULL,NULL,NULL),(410,36,'KABUPATEN HALMAHERA TENGAH','WEDA',NULL,NULL,NULL,NULL),(411,36,'KABUPATEN HALMAHERA UTARA','TOBELO',NULL,NULL,NULL,NULL),(412,36,'KABUPATEN HALMAHERA SELATAN','LABUHA',NULL,NULL,NULL,NULL),(413,36,'KABUPATEN KEPULAUAN SULA','SANANA',NULL,NULL,NULL,NULL),(414,36,'KABUPATEN HALMAHERA TIMUR','MABA',NULL,NULL,NULL,NULL),(415,36,'KOTA TIDORE KEPULAUAN','TIDORE KEPULAUAN',NULL,NULL,NULL,NULL),(416,41,'KABUPATEN MERAUKE','MERAUKE',NULL,NULL,NULL,NULL),(417,41,'KABUPATEN JAYAWIJAYA','WAMENA',NULL,NULL,NULL,NULL),(418,41,'KABUPATEN JAYAPURA & KOTA JAYAPURA','JAYAPURA',NULL,NULL,NULL,NULL),(419,41,'KABUPATEN NABIRE','NABIRE',NULL,NULL,NULL,NULL),(420,41,'KABUPATEN KEPULAUAN YAPEN','SERUI',NULL,NULL,NULL,NULL),(421,41,'KABUPATEN BIAK NUMFOR','BIAK',NULL,NULL,NULL,NULL),(422,41,'KABUPATEN PUNCAK JAYA','KOTAMULIA',NULL,NULL,NULL,NULL),(423,41,'KABUPATEN PANIAI','ENAROTALI',NULL,NULL,NULL,NULL),(424,41,'KABUPATEN MIMIKA','TIMIKA',NULL,NULL,NULL,NULL),(425,41,'KABUPATEN SARMI','SARMI',NULL,NULL,NULL,NULL),(426,41,'KABUPATEN KEEROM','WARIS',NULL,NULL,NULL,NULL),(427,41,'KABUPATEN PEGUNUNGAN BINTANG','OKSIBIL',NULL,NULL,NULL,NULL),(428,41,'KABUPATEN YAHUKIMO','SUMOHAI',NULL,NULL,NULL,NULL),(429,41,'KABUPATEN TOLIKARA','KARUBAGA',NULL,NULL,NULL,NULL),(430,41,'KABUPATEN WAROPEN','BOTAWA',NULL,NULL,NULL,NULL),(431,41,'KABUPATEN BOVEN DIGOEL','TANAH MERAH',NULL,NULL,NULL,NULL),(432,41,'KABUPATEN MAPPI','KEPI',NULL,NULL,NULL,NULL),(433,41,'KABUPATEN ASMAT','AGATS',NULL,NULL,NULL,NULL),(434,41,'KABUPATEN SUPIORI','SORENDIWERI',NULL,NULL,NULL,NULL),(435,41,'KABUPATEN MAMBERAMO RAYA','BURMESO',NULL,NULL,NULL,NULL),(436,41,'KABUPATEN MAMBERAMO TENGAH','KOBAKMA',NULL,NULL,NULL,NULL),(437,41,'KABUPATEN YALIMO','ELELIM',NULL,NULL,NULL,NULL),(438,41,'KABUPATEN LANNY JAYA','TIOM',NULL,NULL,NULL,NULL),(439,41,'KABUPATEN NDUGA','KENYAM',NULL,NULL,NULL,NULL),(440,41,'KABUPATEN PUNCAK','ILAGA',NULL,NULL,NULL,NULL),(441,41,'KABUPATEN DOGIYAI','KIGAMANI',NULL,NULL,NULL,NULL),(442,40,'KABUPATEN SORONG & KOTA SORONG','SORONG',NULL,NULL,NULL,NULL),(443,40,'KABUPATEN MANOKWARI','MANOKWARI',NULL,NULL,NULL,NULL),(444,40,'KABUPATEN FAKFAK','FAKFAK',NULL,NULL,NULL,NULL),(445,40,'KABUPATEN SORONG SELATAN','TEMINABUAN',NULL,NULL,NULL,NULL),(446,40,'KABUPATEN RAJA AMPAT','WAISAI',NULL,NULL,NULL,NULL),(447,40,'KABUPATEN TELUK BINTUNI','BINTUNI',NULL,NULL,NULL,NULL),(448,40,'KABUPATEN TELUK WONDAMA','RASIEI',NULL,NULL,NULL,NULL),(449,40,'KABUPATEN KAIMANA','KAIMANA',NULL,NULL,NULL,NULL);
/*!40000 ALTER TABLE `cities` ENABLE KEYS */;
UNLOCK TABLES;

--
-- Table structure for table `companies`
--

DROP TABLE IF EXISTS `companies`;
SET @saved_cs_client     = @@character_set_client;
SET character_set_client = utf8;
CREATE TABLE `companies` (
  `id` int(11) NOT NULL auto_increment,
  `district_id` int(11) NOT NULL,
  `name` varchar(50) NOT NULL,
  `company_type` char(2) NOT NULL COMMENT '1 = CV; 2 = PT; 3 = UD',
  `address` text NOT NULL,
  `contact_person` varchar(50) NOT NULL,
  `phone_1` varchar(20) NOT NULL,
  `phone_2` varchar(20) NOT NULL,
  `fax` varchar(20) NOT NULL,
  `industry_category` int(1) NOT NULL COMMENT '1 = mesin, logam, kimia; 2 = aneka industri',
  `unit_category` int(1) NOT NULL COMMENT '1 = kecil; 2 = menengah; 3 = besar',
  `activity_type` varchar(50) NOT NULL,
  PRIMARY KEY  (`id`),
  KEY `district_id` (`district_id`),
  KEY `company_type` (`company_type`),
  KEY `industry_category` (`industry_category`),
  KEY `unit_category` (`unit_category`)
) ENGINE=MyISAM AUTO_INCREMENT=13 DEFAULT CHARSET=latin1;
SET character_set_client = @saved_cs_client;

--
-- Dumping data for table `companies`
--

LOCK TABLES `companies` WRITE;
/*!40000 ALTER TABLE `companies` DISABLE KEYS */;
INSERT INTO `companies` VALUES (3,9,'SURYA USAHA NINGTIAS','PT','Jl. Gandaria No.8 Kel. Pekayon, Pasar Rebo','Bpk. Handiono Suryanto','081315528932','1234','',2,3,'Barang-barang Cetakan'),(2,9,'ALPHA AKSARA KARYA','PT','Jl. Gandaria No.8 Kel. Pekayon, Pasar Rebo','Bpk. Sulaeman','','','',2,2,'Barang-barang Cetakan'),(4,9,'STEVINDO MITRA USAHA','CV','Jl. Raya Bogor No. 81 Km.27,5 Kel. Pekayon Pasar Rebo','Bpk. Teddy Hartono','','','',1,2,'BENGKEL BUBUT'),(5,9,'ADITAMA CITRA MANDIRI','CV','Jl. Gandaria No.8 Rt10/2 Kel.Pekayon Pasar Rebo','Ibu. Nurhayati','','','',2,3,'Percetakan dan Penerbitan'),(6,9,'SARI JAYA','CV','Jl.Lapan No.33 Rt 13/1 Pekayon Pasar Rebo','Bpk. Suryanto','','','',2,1,'Aneka Kue Kering'),(7,9,'NIAGA TIMUR JAKARTA CENTRUM','PT','Jl. Pekayon Rt. 0150/009 Pekayon Pasar Rebo','','','','',2,2,'Agen LPG 3 KG'),(8,9,'NATA BUNGSU ABADI','PT','Jl. Bulak Sari Rt. 008/010, Pekayon Pasar Rebo','','','','',2,2,'Agen LPG 3 KG'),(9,9,'PUSKOPAD KODAM JAYA','CV','Jl. TB. Simatupang Raya/1A, Kp. Rambutan, Pasar Rebo','','','','',2,2,'Agen LPG 3 KG'),(10,9,'WANITA SATRIA','PT','Pekayon, Rt. 008/03 Pekayon, Pasar Rebo','','','','',2,2,'Agen LPG 3 KG'),(11,9,'PT.PENTA KUSALA.S','','Jl. Raya Gedong TB. Simatupang, Pasar Rebo','','','','',1,2,'SPBU'),(12,9,'PATRINDO USAHA. S','PT','Jl. Raya Bogor Gandaria ','','','','',1,2,'SPBU');
/*!40000 ALTER TABLE `companies` ENABLE KEYS */;
UNLOCK TABLES;

--
-- Table structure for table `company_investments`
--

DROP TABLE IF EXISTS `company_investments`;
SET @saved_cs_client     = @@character_set_client;
SET character_set_client = utf8;
CREATE TABLE `company_investments` (
  `id` int(11) NOT NULL auto_increment,
  `company_id` int(11) NOT NULL,
  `total` decimal(20,2) NOT NULL,
  `date_recorded` date NOT NULL,
  PRIMARY KEY  (`id`)
) ENGINE=MyISAM DEFAULT CHARSET=latin1;
SET character_set_client = @saved_cs_client;

--
-- Dumping data for table `company_investments`
--

LOCK TABLES `company_investments` WRITE;
/*!40000 ALTER TABLE `company_investments` DISABLE KEYS */;
/*!40000 ALTER TABLE `company_investments` ENABLE KEYS */;
UNLOCK TABLES;

--
-- Table structure for table `company_productions`
--

DROP TABLE IF EXISTS `company_productions`;
SET @saved_cs_client     = @@character_set_client;
SET character_set_client = utf8;
CREATE TABLE `company_productions` (
  `id` int(11) NOT NULL auto_increment,
  `company_id` int(11) NOT NULL,
  `total` decimal(18,2) NOT NULL,
  `unit_id` int(2) NOT NULL,
  `date_recorded` date NOT NULL,
  PRIMARY KEY  (`id`)
) ENGINE=MyISAM DEFAULT CHARSET=latin1;
SET character_set_client = @saved_cs_client;

--
-- Dumping data for table `company_productions`
--

LOCK TABLES `company_productions` WRITE;
/*!40000 ALTER TABLE `company_productions` DISABLE KEYS */;
/*!40000 ALTER TABLE `company_productions` ENABLE KEYS */;
UNLOCK TABLES;

--
-- Table structure for table `company_registrations`
--

DROP TABLE IF EXISTS `company_registrations`;
SET @saved_cs_client     = @@character_set_client;
SET character_set_client = utf8;
CREATE TABLE `company_registrations` (
  `id` int(11) NOT NULL auto_increment,
  `company_id` int(11) NOT NULL,
  `ref_no` varchar(50) NOT NULL,
  `date_recorded` date NOT NULL,
  PRIMARY KEY  (`id`)
) ENGINE=MyISAM DEFAULT CHARSET=latin1;
SET character_set_client = @saved_cs_client;

--
-- Dumping data for table `company_registrations`
--

LOCK TABLES `company_registrations` WRITE;
/*!40000 ALTER TABLE `company_registrations` DISABLE KEYS */;
/*!40000 ALTER TABLE `company_registrations` ENABLE KEYS */;
UNLOCK TABLES;

--
-- Table structure for table `company_resources`
--

DROP TABLE IF EXISTS `company_resources`;
SET @saved_cs_client     = @@character_set_client;
SET character_set_client = utf8;
CREATE TABLE `company_resources` (
  `id` int(11) NOT NULL auto_increment,
  `company_id` int(11) NOT NULL,
  `total_male` int(10) NOT NULL default '0',
  `total_female` int(10) NOT NULL default '0',
  `total` int(10) NOT NULL default '0',
  `date_recorded` date NOT NULL,
  PRIMARY KEY  (`id`)
) ENGINE=MyISAM DEFAULT CHARSET=latin1;
SET character_set_client = @saved_cs_client;

--
-- Dumping data for table `company_resources`
--

LOCK TABLES `company_resources` WRITE;
/*!40000 ALTER TABLE `company_resources` DISABLE KEYS */;
/*!40000 ALTER TABLE `company_resources` ENABLE KEYS */;
UNLOCK TABLES;

--
-- Table structure for table `countries`
--

DROP TABLE IF EXISTS `countries`;
SET @saved_cs_client     = @@character_set_client;
SET character_set_client = utf8;
CREATE TABLE `countries` (
  `id` int(5) NOT NULL auto_increment,
  `iso2` char(2) NOT NULL,
  `iso3` char(3) NOT NULL,
  `name` varchar(100) NOT NULL,
  PRIMARY KEY  (`id`),
  KEY `iso2` (`iso2`),
  KEY `iso3` (`iso3`),
  KEY `name` (`name`)
) ENGINE=MyISAM AUTO_INCREMENT=895 DEFAULT CHARSET=latin1;
SET character_set_client = @saved_cs_client;

--
-- Dumping data for table `countries`
--

LOCK TABLES `countries` WRITE;
/*!40000 ALTER TABLE `countries` DISABLE KEYS */;
INSERT INTO `countries` VALUES (4,'AF','AFG','Afghanistan'),(248,'AX','ALA','Aland Islands'),(8,'AL','ALB','Albania'),(12,'DZ','DZA','Algeria'),(16,'AS','ASM','American Samoa'),(20,'AD','AND','Andorra'),(24,'AO','AGO','Angola'),(660,'AI','AIA','Anguilla'),(10,'AQ','ATA','Antarctica'),(28,'AG','ATG','Antigua and Barbuda'),(32,'AR','ARG','Argentina'),(51,'AM','ARM','Armenia'),(533,'AW','ABW','Aruba'),(36,'AU','AUS','Australia'),(40,'AT','AUT','Austria'),(31,'AZ','AZE','Azerbaijan'),(44,'BS','BHS','Bahamas'),(48,'BH','BHR','Bahrain'),(50,'BD','BGD','Bangladesh'),(52,'BB','BRB','Barbados'),(112,'BY','BLR','Belarus'),(56,'BE','BEL','Belgium'),(84,'BZ','BLZ','Belize'),(204,'BJ','BEN','Benin'),(60,'BM','BMU','Bermuda'),(64,'BT','BTN','Bhutan'),(68,'BO','BOL','Bolivia'),(70,'BA','BIH','Bosnia and Herzegovina'),(72,'BW','BWA','Botswana'),(74,'BV','BVT','Bouvet Island'),(76,'BR','BRA','Brazil'),(86,'IO','IOT','British Indian Ocean Territory'),(96,'BN','BRN','Brunei Darussalam'),(100,'BG','BGR','Bulgaria'),(854,'BF','BFA','Burkina Faso'),(108,'BI','BDI','Burundi'),(116,'KH','KHM','Cambodia'),(120,'CM','CMR','Cameroon'),(124,'CA','CAN','Canada'),(132,'CV','CPV','Cape Verde'),(136,'KY','CYM','Cayman Islands'),(140,'CF','CAF','Central African Republic'),(148,'TD','TCD','Chad'),(152,'CL','CHL','Chile'),(156,'CN','CHN','China'),(162,'CX','CXR','Christmas Island'),(166,'CC','CCK','Cocos (Keeling); Islands'),(170,'CO','COL','Colombia'),(174,'KM','COM','Comoros'),(178,'CG','COG','Congo'),(180,'CD','COD','Congo, Democratic Republic of the'),(184,'CK','COK','Cook Islands'),(188,'CR','CRI','Costa Rica'),(384,'CI','CIV','Côte d\'Ivoire'),(191,'HR','HRV','Croatia'),(192,'CU','CUB','Cuba'),(196,'CY','CYP','Cyprus'),(203,'CZ','CZE','Czech Republic'),(208,'DK','DNK','Denmark'),(262,'DJ','DJI','Djibouti'),(212,'DM','DMA','Dominica'),(214,'DO','DOM','Dominican Republic'),(218,'EC','ECU','Ecuador'),(818,'EG','EGY','Egypt'),(222,'SV','SLV','El Salvador'),(226,'GQ','GNQ','Equatorial Guinea'),(232,'ER','ERI','Eritrea'),(233,'EE','EST','Estonia'),(231,'ET','ETH','Ethiopia'),(238,'FK','FLK','Falkland Islands (Malvinas);'),(234,'FO','FRO','Faroe Islands'),(242,'FJ','FJI','Fiji'),(246,'FI','FIN','Finland'),(250,'FR','FRA','France'),(254,'GF','GUF','French Guiana'),(258,'PF','PYF','French Polynesia'),(260,'TF','ATF','French Southern Territories'),(266,'GA','GAB','Gabon'),(270,'GM','GMB','Gambia'),(268,'GE','GEO','Georgia'),(276,'DE','DEU','Germany'),(288,'GH','GHA','Ghana'),(292,'GI','GIB','Gibraltar'),(300,'GR','GRC','Greece'),(304,'GL','GRL','Greenland'),(308,'GD','GRD','Grenada'),(312,'GP','GLP','Guadeloupe'),(316,'GU','GUM','Guam'),(320,'GT','GTM','Guatemala'),(831,'GG','GGY','Guernsey'),(324,'GN','GIN','Guinea'),(624,'GW','GNB','Guinea-Bissau'),(328,'GY','GUY','Guyana'),(332,'HT','HTI','Haiti'),(334,'HM','HMD','Heard Island and McDonald Islands'),(336,'VA','VAT','Holy See (Vatican City State);'),(340,'HN','HND','Honduras'),(344,'HK','HKG','Hong Kong'),(348,'HU','HUN','Hungary'),(352,'IS','ISL','Iceland'),(356,'IN','IND','India'),(360,'ID','IDN','Indonesia'),(364,'IR','IRN','Iran, Islamic Republic of'),(368,'IQ','IRQ','Iraq'),(372,'IE','IRL','Ireland'),(833,'IM','IMN','Isle of Man'),(376,'IL','ISR','Israel'),(380,'IT','ITA','Italy'),(388,'JM','JAM','Jamaica'),(392,'JP','JPN','Japan'),(832,'JE','JEY','Jersey'),(400,'JO','JOR','Jordan'),(398,'KZ','KAZ','Kazakhstan'),(404,'KE','KEN','Kenya'),(296,'KI','KIR','Kiribati'),(408,'KP','PRK','Korea, Democratic People\'s Republic of'),(410,'KR','KOR','Korea, Republic of'),(414,'KW','KWT','Kuwait'),(417,'KG','KGZ','Kyrgyzstan'),(418,'LA','LAO','Lao People\'s Democratic Republic'),(428,'LV','LVA','Latvia'),(422,'LB','LBN','Lebanon'),(426,'LS','LSO','Lesotho'),(430,'LR','LBR','Liberia'),(434,'LY','LBY','Libyan Arab Jamahiriya'),(438,'LI','LIE','Liechtenstein'),(440,'LT','LTU','Lithuania'),(442,'LU','LUX','Luxembourg'),(446,'MO','MAC','Macao'),(807,'MK','MKD','Macedonia, the former Yugoslav Republic of'),(450,'MG','MDG','Madagascar'),(454,'MW','MWI','Malawi'),(458,'MY','MYS','Malaysia'),(462,'MV','MDV','Maldives'),(466,'ML','MLI','Mali'),(470,'MT','MLT','Malta'),(584,'MH','MHL','Marshall Islands'),(474,'MQ','MTQ','Martinique'),(478,'MR','MRT','Mauritania'),(480,'MU','MUS','Mauritius'),(175,'YT','MYT','Mayotte'),(484,'MX','MEX','Mexico'),(583,'FM','FSM','Micronesia, Federated States of'),(498,'MD','MDA','Moldova'),(492,'MC','MCO','Monaco'),(496,'MN','MNG','Mongolia'),(499,'ME','MNE','Montenegro'),(500,'MS','MSR','Montserrat'),(504,'MA','MAR','Morocco'),(508,'MZ','MOZ','Mozambique'),(104,'MM','MMR','Myanmar'),(516,'NA','NAM','Namibia'),(520,'NR','NRU','Nauru'),(524,'NP','NPL','Nepal'),(528,'NL','NLD','Netherlands'),(530,'AN','ANT','Netherlands Antilles'),(540,'NC','NCL','New Caledonia'),(554,'NZ','NZL','New Zealand'),(558,'NI','NIC','Nicaragua'),(562,'NE','NER','Niger'),(566,'NG','NGA','Nigeria'),(570,'NU','NIU','Niue'),(574,'NF','NFK','Norfolk Island'),(580,'MP','MNP','Northern Mariana Islands'),(578,'NO','NOR','Norway'),(512,'OM','OMN','Oman'),(586,'PK','PAK','Pakistan'),(585,'PW','PLW','Palau'),(275,'PS','PSE','Palestinian Territory, Occupied'),(591,'PA','PAN','Panama'),(598,'PG','PNG','Papua New Guinea'),(600,'PY','PRY','Paraguay'),(604,'PE','PER','Peru'),(608,'PH','PHL','Philippines'),(612,'PN','PCN','Pitcairn'),(616,'PL','POL','Poland'),(620,'PT','PRT','Portugal'),(630,'PR','PRI','Puerto Rico'),(634,'QA','QAT','Qatar'),(638,'RE','REU','Réunion'),(642,'RO','ROU','Romania'),(643,'RU','RUS','Russian Federation'),(646,'RW','RWA','Rwanda'),(652,'BL','BLM','Saint Barthélemy'),(654,'SH','SHN','Saint Helena'),(659,'KN','KNA','Saint Kitts and Nevis'),(662,'LC','LCA','Saint Lucia'),(663,'MF','MAF','Saint Martin (French part);'),(666,'PM','SPM','Saint Pierre and Miquelon'),(670,'VC','VCT','Saint Vincent and the Grenadines'),(882,'WS','WSM','Samoa'),(674,'SM','SMR','San Marino'),(678,'ST','STP','Sao Tome and Principe'),(682,'SA','SAU','Saudi Arabia'),(686,'SN','SEN','Senegal'),(688,'RS','SRB','Serbia[5]'),(690,'SC','SYC','Seychelles'),(694,'SL','SLE','Sierra Leone'),(702,'SG','SGP','Singapore'),(703,'SK','SVK','Slovakia'),(705,'SI','SVN','Slovenia'),(90,'SB','SLB','Solomon Islands'),(706,'SO','SOM','Somalia'),(710,'ZA','ZAF','South Africa'),(239,'GS','SGS','South Georgia and the South Sandwich Islands'),(724,'ES','ESP','Spain'),(144,'LK','LKA','Sri Lanka'),(736,'SD','SDN','Sudan'),(740,'SR','SUR','Suriname'),(744,'SJ','SJM','Svalbard and Jan Mayen'),(748,'SZ','SWZ','Swaziland'),(752,'SE','SWE','Sweden'),(756,'CH','CHE','Switzerland'),(760,'SY','SYR','Syrian Arab Republic'),(158,'TW','TWN','Taiwan, Province of China'),(762,'TJ','TJK','Tajikistan'),(834,'TZ','TZA','Tanzania, United Republic of'),(764,'TH','THA','Thailand'),(626,'TL','TLS','Timor-Leste'),(768,'TG','TGO','Togo'),(772,'TK','TKL','Tokelau'),(776,'TO','TON','Tonga'),(780,'TT','TTO','Trinidad and Tobago'),(788,'TN','TUN','Tunisia'),(792,'TR','TUR','Turkey'),(795,'TM','TKM','Turkmenistan'),(796,'TC','TCA','Turks and Caicos Islands'),(798,'TV','TUV','Tuvalu'),(800,'UG','UGA','Uganda'),(804,'UA','UKR','Ukraine'),(784,'AE','ARE','United Arab Emirates'),(826,'GB','GBR','United Kingdom'),(840,'US','USA','United States'),(581,'UM','UMI','United States Minor Outlying Islands'),(858,'UY','URY','Uruguay'),(860,'UZ','UZB','Uzbekistan'),(548,'VU','VUT','Vanuatu'),(862,'VE','VEN','Venezuela'),(704,'VN','VNM','Viet Nam'),(92,'VG','VGB','Virgin Islands, British'),(850,'VI','VIR','Virgin Islands, U.S.'),(876,'WF','WLF','Wallis and Futuna'),(732,'EH','ESH','Western Sahara'),(887,'YE','YEM','Yemen'),(894,'ZM','ZMB','Zambia'),(716,'ZW','ZWE','Zimbabwe');
/*!40000 ALTER TABLE `countries` ENABLE KEYS */;
UNLOCK TABLES;

--
-- Table structure for table `coverage_areas`
--

DROP TABLE IF EXISTS `coverage_areas`;
SET @saved_cs_client     = @@character_set_client;
SET character_set_client = utf8;
CREATE TABLE `coverage_areas` (
  `id` int(11) NOT NULL auto_increment,
  `name` varchar(50) NOT NULL,
  PRIMARY KEY  (`id`)
) ENGINE=MyISAM AUTO_INCREMENT=10 DEFAULT CHARSET=latin1;
SET character_set_client = @saved_cs_client;

--
-- Dumping data for table `coverage_areas`
--

LOCK TABLES `coverage_areas` WRITE;
/*!40000 ALTER TABLE `coverage_areas` DISABLE KEYS */;
INSERT INTO `coverage_areas` VALUES (1,'Kramat Jati'),(2,'Jatinegara'),(3,'Gambir'),(4,'Kebayoran'),(5,'Tanjung Priok'),(6,'Tangerang'),(7,'Pengatur Distribusi Jakarta'),(8,'Pondok Ungu'),(9,'Pondok Kopi');
/*!40000 ALTER TABLE `coverage_areas` ENABLE KEYS */;
UNLOCK TABLES;

--
-- Table structure for table `coverage_services`
--

DROP TABLE IF EXISTS `coverage_services`;
SET @saved_cs_client     = @@character_set_client;
SET character_set_client = utf8;
CREATE TABLE `coverage_services` (
  `id` int(11) NOT NULL auto_increment,
  `name` varchar(50) NOT NULL,
  PRIMARY KEY  (`id`)
) ENGINE=MyISAM AUTO_INCREMENT=17 DEFAULT CHARSET=latin1;
SET character_set_client = @saved_cs_client;

--
-- Dumping data for table `coverage_services`
--

LOCK TABLES `coverage_services` WRITE;
/*!40000 ALTER TABLE `coverage_services` DISABLE KEYS */;
INSERT INTO `coverage_services` VALUES (1,'Ciracas'),(2,'Lenteng Agung'),(3,'Condet'),(4,'Pondok Gede'),(5,'Kebon Jeruk'),(6,'Kalimalang'),(7,'Cikokol'),(8,'Cengkareng'),(9,'Serpong'),(10,'Kalideres'),(11,'Curug'),(12,'Cikupa'),(13,'Sepatan'),(14,'Pasar Minggu'),(15,'Teluk Naga'),(16,'Marunda');
/*!40000 ALTER TABLE `coverage_services` ENABLE KEYS */;
UNLOCK TABLES;

--
-- Table structure for table `districts`
--

DROP TABLE IF EXISTS `districts`;
SET @saved_cs_client     = @@character_set_client;
SET character_set_client = utf8;
CREATE TABLE `districts` (
  `id` int(11) unsigned NOT NULL auto_increment,
  `municipality_id` int(11) NOT NULL,
  `name` varchar(150) NOT NULL,
  `created` datetime NOT NULL,
  `created_by` int(11) NOT NULL,
  `modified` datetime NOT NULL,
  `modified_by` int(11) NOT NULL,
  PRIMARY KEY  (`id`),
  KEY `municipality_id` (`municipality_id`)
) ENGINE=MyISAM AUTO_INCREMENT=48 DEFAULT CHARSET=latin1 COMMENT='kecamatan';
SET character_set_client = @saved_cs_client;

--
-- Dumping data for table `districts`
--

LOCK TABLES `districts` WRITE;
/*!40000 ALTER TABLE `districts` DISABLE KEYS */;
INSERT INTO `districts` VALUES (1,3,'Cakung','2009-06-14 11:28:08',1,'2009-06-14 11:28:08',0),(2,3,'Cipayung','2009-06-14 11:30:07',1,'2009-06-14 11:30:07',0),(3,3,'Ciracas','2009-06-14 11:29:51',1,'2009-06-14 11:29:51',0),(4,3,'Duren Sawit','2009-06-14 11:30:32',1,'2009-06-14 11:30:32',0),(5,3,'Jatinegara','2009-06-14 11:31:07',1,'2009-06-14 11:31:07',0),(6,3,'Kramat Jati','2009-06-14 11:31:28',1,'2009-06-14 11:31:28',0),(7,3,'Makassar','2009-06-14 11:31:45',1,'2009-06-14 11:31:45',0),(8,3,'Matraman','2009-06-14 11:32:03',1,'2009-06-14 11:32:03',0),(9,3,'Pasar Rebo','2009-06-14 11:32:28',1,'2009-06-14 11:32:28',0),(10,3,'Pulo Gadung','2009-06-14 11:32:53',1,'2009-06-14 11:32:53',0),(11,6,'Cilincing','2009-06-14 11:33:37',1,'2009-06-14 11:33:37',0),(12,6,'Kelapa Gading','2009-06-14 11:34:01',1,'2009-06-14 11:34:01',0),(13,6,'Koja','2009-06-14 11:34:37',1,'2009-06-14 11:34:37',0),(14,1,'Cempaka Putih','2009-06-17 00:30:47',1,'2009-06-17 00:30:47',0),(15,1,'Gambir','2009-06-17 00:31:18',1,'2009-06-17 00:31:18',0),(16,1,'Johar Baru','2009-06-17 00:31:41',1,'2009-06-17 00:31:41',0),(17,1,'Kemayoran','2009-06-17 00:31:57',1,'2009-06-17 00:31:57',0),(18,1,'Menteng','2009-06-17 00:32:07',1,'2009-06-17 00:32:07',0),(19,1,'Sawah Besar','2009-06-17 00:32:21',1,'2009-06-17 00:32:21',0),(20,1,'Senen','2009-06-17 00:32:35',1,'2009-06-17 00:32:35',0),(21,1,'Tanah Abang','2009-06-17 00:33:01',1,'2009-06-17 00:33:01',0),(22,2,'Cengkareng','2009-06-17 00:33:26',1,'2009-06-17 00:33:26',0),(23,2,'Grogol','2009-06-17 00:33:52',1,'2009-06-17 00:33:52',0),(24,2,'Kalideres','2009-06-17 00:34:06',1,'2009-06-17 00:34:06',0),(25,2,'Kebon Jeruk','2009-06-17 00:34:24',1,'2009-06-17 00:34:24',0),(26,2,'Kembangan','2009-06-17 00:34:35',1,'2009-06-17 00:34:35',0),(27,2,'Palmerah','2009-06-17 00:34:47',1,'2009-06-17 00:34:47',0),(28,2,'Taman Sari','2009-06-17 00:35:07',1,'2009-06-17 00:35:07',0),(29,2,'Tambora','2009-06-17 00:35:23',1,'2009-06-17 00:35:23',0),(30,3,'Cilandak','2009-06-17 00:35:41',1,'2009-06-17 00:35:41',0),(31,4,'Jagakarsa','2009-06-17 00:36:01',1,'2009-06-17 00:36:01',0),(32,4,'Kebayoran Baru','2009-06-17 00:36:18',1,'2009-06-17 00:36:18',0),(33,4,'Kebayoran Lama','2009-06-17 00:36:34',1,'2009-06-17 00:36:34',0),(34,4,'Mampang Prapatan','2009-06-17 00:37:07',1,'2009-06-17 00:37:07',0),(35,4,'Pancoran','2009-06-17 00:37:27',1,'2009-06-17 00:37:27',0),(36,4,'Pasar Minggu','2009-06-17 00:37:45',1,'2009-06-17 00:37:45',0),(37,4,'Pesanggrahan','2009-06-17 00:38:06',1,'2009-06-17 00:38:06',0),(38,4,'Setiabudi','2009-06-17 00:38:21',1,'2009-06-17 00:38:21',0),(39,4,'Tebet','2009-06-17 00:38:42',1,'2009-06-17 00:38:42',0),(40,6,'Pademangan','2009-06-17 00:39:20',1,'2009-06-17 00:39:20',0),(41,6,'Penjaringan','2009-06-17 00:39:40',1,'2009-06-17 00:39:40',0),(42,6,'Tanjung Priok','2009-06-17 00:39:55',1,'2009-06-17 00:39:55',0),(43,7,'Kepulauan Seribu Selatan','2009-06-17 00:40:58',1,'2009-06-17 00:40:58',0),(44,7,'Kepulauan Seribu Utara','2009-06-17 00:41:39',1,'2009-06-17 00:41:39',0);
/*!40000 ALTER TABLE `districts` ENABLE KEYS */;
UNLOCK TABLES;

--
-- Table structure for table `funding_sources`
--

DROP TABLE IF EXISTS `funding_sources`;
SET @saved_cs_client     = @@character_set_client;
SET character_set_client = utf8;
CREATE TABLE `funding_sources` (
  `id` int(10) NOT NULL auto_increment,
  `name` varchar(60) NOT NULL,
  `pic` varchar(60) NOT NULL COMMENT 'penerima dana',
  `unit_code_id` smallint(6) NOT NULL COMMENT 'unit kerja penerima dana',
  `date_received` date NOT NULL,
  `bind` tinyint(1) default '0',
  `unbind` tinyint(1) default '0',
  `pnbp` tinyint(1) default '0',
  `created` datetime NOT NULL,
  `created_by` int(10) NOT NULL,
  `modified` datetime NOT NULL,
  `modified_by` int(10) NOT NULL,
  PRIMARY KEY  (`id`),
  KEY `name` (`name`),
  KEY `date_received` (`date_received`),
  KEY `unit_code_id` (`unit_code_id`),
  KEY `pic` (`pic`)
) ENGINE=MyISAM AUTO_INCREMENT=2 DEFAULT CHARSET=latin1;
SET character_set_client = @saved_cs_client;

--
-- Dumping data for table `funding_sources`
--

LOCK TABLES `funding_sources` WRITE;
/*!40000 ALTER TABLE `funding_sources` DISABLE KEYS */;
INSERT INTO `funding_sources` VALUES (1,'KPPN','Aagus',7,'2010-01-14',0,0,1,'2010-01-14 14:56:43',1,'2010-01-14 14:59:04',1);
/*!40000 ALTER TABLE `funding_sources` ENABLE KEYS */;
UNLOCK TABLES;

--
-- Table structure for table `groups`
--

DROP TABLE IF EXISTS `groups`;
SET @saved_cs_client     = @@character_set_client;
SET character_set_client = utf8;
CREATE TABLE `groups` (
  `id` int(5) unsigned NOT NULL auto_increment,
  `name` varchar(20) NOT NULL,
  PRIMARY KEY  (`id`),
  UNIQUE KEY `name` (`name`)
) ENGINE=MyISAM AUTO_INCREMENT=12 DEFAULT CHARSET=latin1;
SET character_set_client = @saved_cs_client;

--
-- Dumping data for table `groups`
--

LOCK TABLES `groups` WRITE;
/*!40000 ALTER TABLE `groups` DISABLE KEYS */;
INSERT INTO `groups` VALUES (1,'admin'),(11,'user');
/*!40000 ALTER TABLE `groups` ENABLE KEYS */;
UNLOCK TABLES;

--
-- Table structure for table `groups_menus`
--

DROP TABLE IF EXISTS `groups_menus`;
SET @saved_cs_client     = @@character_set_client;
SET character_set_client = utf8;
CREATE TABLE `groups_menus` (
  `group_id` int(5) NOT NULL,
  `menu_id` int(10) NOT NULL,
  KEY `group_id` (`group_id`,`menu_id`),
  KEY `group_id_2` (`menu_id`,`group_id`)
) ENGINE=MyISAM DEFAULT CHARSET=latin1;
SET character_set_client = @saved_cs_client;

--
-- Dumping data for table `groups_menus`
--

LOCK TABLES `groups_menus` WRITE;
/*!40000 ALTER TABLE `groups_menus` DISABLE KEYS */;
INSERT INTO `groups_menus` VALUES (1,5),(1,6),(1,9),(1,11),(1,12),(1,14),(1,15),(1,16),(1,17),(1,22),(1,65),(1,66),(1,67),(1,68),(1,70),(1,71),(1,72),(1,74),(1,75),(1,76),(1,77),(1,78),(1,79),(1,80),(1,81),(1,82),(1,83),(1,84),(1,85),(1,86),(1,87),(11,5),(11,6),(11,65),(11,66),(11,67),(11,68),(11,70),(11,71),(11,72),(11,74),(11,75),(11,76),(11,77),(11,78),(11,79),(11,80),(11,83),(11,84),(11,85),(11,86),(11,87);
/*!40000 ALTER TABLE `groups_menus` ENABLE KEYS */;
UNLOCK TABLES;

--
-- Table structure for table `groups_module_actions`
--

DROP TABLE IF EXISTS `groups_module_actions`;
SET @saved_cs_client     = @@character_set_client;
SET character_set_client = utf8;
CREATE TABLE `groups_module_actions` (
  `module_action_id` int(10) NOT NULL,
  `group_id` int(5) NOT NULL,
  KEY `module_action_id` (`module_action_id`,`group_id`),
  KEY `group_id` (`group_id`,`module_action_id`)
) ENGINE=MyISAM DEFAULT CHARSET=latin1;
SET character_set_client = @saved_cs_client;

--
-- Dumping data for table `groups_module_actions`
--

LOCK TABLES `groups_module_actions` WRITE;
/*!40000 ALTER TABLE `groups_module_actions` DISABLE KEYS */;
INSERT INTO `groups_module_actions` VALUES (22,1),(23,1),(24,1),(25,1),(26,1),(26,11),(27,1),(28,1),(29,1),(34,1),(35,1),(36,1),(37,1),(42,1),(43,1),(44,1),(45,1),(50,1),(51,1),(52,1),(53,1),(54,1),(55,1),(56,1),(57,1),(73,1),(73,11),(95,1),(96,1),(97,1),(98,1),(99,1),(100,1),(101,1),(102,1),(113,1),(114,1),(115,1),(116,1),(126,1),(256,1),(257,1),(258,1),(259,1),(259,11),(260,1),(261,1),(262,1),(263,1),(263,11),(264,1),(265,1),(266,1),(267,1),(267,11),(268,1),(269,1),(270,1),(271,1),(271,11),(272,1),(273,1),(274,1),(275,1),(275,11),(276,1),(277,1),(277,11),(278,1),(279,1),(280,1),(281,1),(282,1),(283,1),(283,11),(296,1),(297,1),(298,1),(299,1),(299,11),(300,1),(301,1),(302,1),(303,1),(303,11),(304,1),(305,1),(306,1),(307,1),(307,11),(312,1),(312,11),(323,1),(323,11),(324,1),(325,1),(326,1),(327,1),(328,1),(328,11),(329,1),(330,1),(331,1),(332,1),(332,11),(333,1),(334,1),(335,1),(336,1),(336,11),(337,1),(338,1),(339,1),(340,1),(340,11),(341,1),(341,11),(342,1),(342,11),(343,1),(344,1),(345,1),(346,1),(347,1),(347,11);
/*!40000 ALTER TABLE `groups_module_actions` ENABLE KEYS */;
UNLOCK TABLES;

--
-- Table structure for table `items`
--

DROP TABLE IF EXISTS `items`;
SET @saved_cs_client     = @@character_set_client;
SET character_set_client = utf8;
CREATE TABLE `items` (
  `id` int(11) NOT NULL auto_increment,
  `name` varchar(100) NOT NULL,
  `type` varchar(100) default NULL,
  `production_year` int(4) default NULL,
  `machine_number` varchar(20) default NULL,
  `morning_power_usage` int(2) default NULL,
  `night_power_usage` int(2) default NULL,
  `unit_id` int(10) NOT NULL,
  `price_per_unit` decimal(17,2) NOT NULL,
  `width` decimal(10,2) default NULL,
  `height` decimal(10,2) default NULL,
  `length` decimal(10,2) default NULL,
  `service_plan_id` int(3) default NULL,
  `provider_id` int(11) default NULL,
  `created` datetime NOT NULL,
  `created_by` int(10) NOT NULL,
  `modified` datetime NOT NULL,
  `modified_by` int(10) NOT NULL,
  PRIMARY KEY  (`id`),
  KEY `unit_id` (`unit_id`),
  KEY `service_plan_id` (`service_plan_id`),
  KEY `provider_id` (`provider_id`)
) ENGINE=MyISAM AUTO_INCREMENT=147 DEFAULT CHARSET=latin1;
SET character_set_client = @saved_cs_client;

--
-- Dumping data for table `items`
--

LOCK TABLES `items` WRITE;
/*!40000 ALTER TABLE `items` DISABLE KEYS */;
INSERT INTO `items` VALUES (16,'Mini Bus','Toyota Kijang Inova',2006,'ITR6230290',NULL,NULL,35,'172040500.00',NULL,NULL,NULL,2,2,'2010-08-13 09:32:52',7,'2010-08-13 09:32:52',0),(15,'Mini Bus','Toyota Kijang Inova',2006,'ITR6230295',NULL,NULL,35,'172040500.00',NULL,NULL,NULL,2,2,'2010-08-13 09:31:45',7,'2010-08-13 09:31:45',0),(4,'Micro Bus','Toyota Dyna 125 PS LT',2006,'',NULL,NULL,35,'358500000.00',NULL,NULL,NULL,2,2,'2010-08-13 09:06:34',7,'2010-08-13 09:06:34',0),(5,'Mini Bus','Toyota Kijang Super',1995,'',NULL,NULL,35,'27000000.00',NULL,NULL,NULL,2,2,'2010-08-13 09:08:58',7,'2010-08-13 09:08:58',0),(6,'Mini Bus','Toyota Kijang Inova',2006,'',NULL,NULL,35,'172040500.00',NULL,NULL,NULL,2,2,'2010-08-13 09:15:00',7,'2010-08-13 09:15:00',0),(7,'Sepeda Motor','Honda Vario',2010,'',NULL,NULL,35,'14964000.00',NULL,NULL,NULL,2,2,'2010-08-13 09:16:34',7,'2010-08-13 09:16:34',0),(8,'Mini Bus','Toyota Avansa E',2009,'',NULL,NULL,35,'120000000.00',NULL,NULL,NULL,2,2,'2010-08-13 09:17:41',7,'2010-08-13 09:17:41',0),(9,'Peralatan Studio Fhoto','Canon',2009,'',NULL,NULL,36,'760000000.00',NULL,NULL,NULL,3,2,'2010-08-13 09:21:17',7,'2010-08-13 09:21:17',0),(10,'Mini Bus','Toyota Kijang Super',1995,'7K0006794',NULL,NULL,35,'27000000.00',NULL,NULL,NULL,2,2,'2010-08-13 09:25:11',7,'2010-08-13 09:25:11',0),(11,'Mini Bus','Toyota Kijang Super',1995,'7K0018595',NULL,NULL,35,'27000000.00',NULL,NULL,NULL,2,2,'2010-08-13 09:26:39',7,'2010-08-13 09:26:39',0),(12,'Mini Bus','Toyota Kijang Super',1995,'7K0017615',NULL,NULL,35,'27000000.00',NULL,NULL,NULL,2,2,'2010-08-13 09:27:41',7,'2010-08-13 09:27:41',0),(13,'Mini Bus','Toyota Kijang Super',1993,'5K9155448',NULL,NULL,35,'26800000.00',NULL,NULL,NULL,2,2,'2010-08-13 09:28:54',7,'2010-08-13 09:28:54',0),(14,'Mini Bus','Toyota Kijang Super',1993,'5K9156803',NULL,NULL,35,'26800000.00',NULL,NULL,NULL,2,2,'2010-08-13 09:30:03',7,'2010-08-13 09:30:03',0),(17,'Mobil Jeep','Toyota Fortuner Diesel',2009,'2KD6401682',NULL,NULL,35,'342500000.00',NULL,NULL,NULL,2,2,'2010-08-13 09:34:45',7,'2010-08-13 09:34:45',0),(18,'Mini Bus','Toyota Kijang Inova Automatis',2009,'ITR6831991',NULL,NULL,35,'217200000.00',NULL,NULL,NULL,2,2,'2010-08-13 09:36:50',7,'2010-08-13 09:36:50',0),(19,'Mini Bus','Toyota Avansa E',2009,'DE67357',NULL,NULL,35,'120000000.00',NULL,NULL,NULL,2,2,'2010-08-13 09:39:41',7,'2010-08-13 09:39:41',0),(20,'Sepeda Motor','Honda GL MAX 125',1996,'UAE1015455',NULL,NULL,35,'3000000.00',NULL,NULL,NULL,2,2,'2010-08-13 09:40:55',7,'2010-08-13 09:40:55',0),(21,'Sepeda Motor','Honda GL MAX 125',1994,'EFE1009132',NULL,NULL,35,'3000000.00',NULL,NULL,NULL,2,2,'2010-08-13 09:41:46',7,'2010-08-13 09:41:46',0),(22,'Sepeda Motor','Yamaha L2Super',1981,'L2393294K',NULL,NULL,35,'330000.00',NULL,NULL,NULL,2,2,'2010-08-13 09:43:11',7,'2010-08-13 10:00:15',7),(23,'Sepeda Motor','Yamaha L2Super',1981,'L25065909K',NULL,NULL,35,'330000.00',NULL,NULL,NULL,2,2,'2010-08-13 09:44:37',7,'2010-08-13 09:44:37',0),(24,'Sepeda Motor','Honda Vario',2010,'',NULL,NULL,35,'14964000.00',NULL,NULL,NULL,2,2,'2010-08-13 09:45:29',7,'2010-08-13 09:45:29',0),(25,'Mesin Cetak','OCE Vario Print',2009,'',NULL,NULL,34,'1355750000.00',NULL,NULL,NULL,3,2,'2010-08-13 10:04:33',7,'2010-08-13 10:04:33',0),(26,'Mesin Cetak','Beiren JS2192A',2009,'',NULL,NULL,34,'1848000000.00',NULL,NULL,NULL,3,2,'2010-08-13 10:05:46',7,'2010-08-13 10:05:46',0),(27,'Mesin Cetak','Sanxin ZL47A-NP',2009,'',NULL,NULL,34,'297935000.00',NULL,NULL,NULL,3,2,'2010-08-13 10:07:00',7,'2010-08-13 10:07:00',0),(28,'Note Book','Fujitsu',2009,'',NULL,NULL,34,'22638204.00',NULL,NULL,NULL,4,2,'2010-08-13 10:08:40',7,'2010-08-13 10:08:40',0),(29,'Noot Book','Fujitsu',2009,'',NULL,NULL,34,'22638204.00',NULL,NULL,NULL,4,2,'2010-08-13 10:09:25',7,'2010-08-13 10:09:25',0),(30,'Note Book','Fujitsu',2009,'',NULL,NULL,34,'22638204.00',NULL,NULL,NULL,4,2,'2010-08-13 10:09:56',7,'2010-08-13 10:09:56',0),(31,'Camara Digital','Canon EOS7D',2009,'',NULL,NULL,34,'20334598.00',NULL,NULL,NULL,4,2,'2010-08-13 10:11:13',7,'2010-08-13 10:11:13',0),(32,'Camera Digital','Canon EOS7D',2009,'',NULL,NULL,34,'20334598.00',NULL,NULL,NULL,4,2,'2010-08-13 10:12:00',7,'2010-08-13 10:12:00',0),(33,'Camera Digital','Canon EOA7D',2009,'',NULL,NULL,34,'20334598.00',NULL,NULL,NULL,4,2,'2010-08-13 10:12:42',7,'2010-08-13 10:12:42',0),(34,'Mesin Fhoto Copy Doubel Folio','Canon IR-2022N',2009,'',NULL,NULL,34,'32450226.00',NULL,NULL,NULL,2,2,'2010-08-13 10:13:59',7,'2010-08-13 10:13:59',0),(35,'Printer','Canon MF 3222',2009,'',NULL,NULL,34,'4125550.00',NULL,NULL,NULL,2,2,'2010-08-13 10:15:09',7,'2010-08-13 10:15:09',0),(36,'Komputer','Dell Optiplex 360',2009,'',NULL,NULL,35,'14895835.00',NULL,NULL,NULL,3,2,'2010-08-13 10:17:33',7,'2010-08-13 10:17:33',0),(37,'Komputer','Dell Optiplex 360',2009,'',NULL,NULL,35,'14895835.00',NULL,NULL,NULL,3,2,'2010-08-13 10:18:35',7,'2010-08-13 10:18:35',0),(38,'Mesin Cetak','HP INDIGO',2009,'',NULL,NULL,34,'3987500000.00',NULL,NULL,NULL,3,2,'2010-08-13 10:22:26',7,'2010-08-13 10:22:26',0),(39,'Komputer Lab','Dell',2009,'001',NULL,NULL,35,'20660887.00',NULL,NULL,NULL,3,2,'2010-08-13 12:52:51',7,'2010-08-13 12:52:51',0),(40,'Komputer Lab','Dell',2009,'002',NULL,NULL,35,'20660887.00',NULL,NULL,NULL,3,2,'2010-08-13 12:53:32',7,'2010-08-13 12:53:32',0),(41,'Komputer Lab','Dell',2009,'003',NULL,NULL,35,'20660887.00',NULL,NULL,NULL,3,2,'2010-08-13 12:54:02',7,'2010-08-13 12:54:02',0),(42,'Komputer Lab','Dell',2009,'',NULL,NULL,35,'20660887.00',NULL,NULL,NULL,3,2,'2010-08-13 12:54:37',7,'2010-08-13 12:54:37',0),(43,'Komputer Lab','Dell',2009,'004',NULL,NULL,35,'20660887.00',NULL,NULL,NULL,3,2,'2010-08-13 12:55:09',7,'2010-08-13 12:55:09',0),(44,'Komputer Lab','Dell',2009,'005',NULL,NULL,35,'20660887.00',NULL,NULL,NULL,3,2,'2010-08-13 12:55:48',7,'2010-08-13 12:55:48',0),(45,'Komputer Lab','Dell',2009,'006',NULL,NULL,35,'20660887.00',NULL,NULL,NULL,3,2,'2010-08-13 12:56:23',7,'2010-08-13 12:56:23',0),(46,'Komputer Lab','Dell',2009,'007',NULL,NULL,35,'20660887.00',NULL,NULL,NULL,3,2,'2010-08-13 12:56:59',7,'2010-08-13 12:56:59',0),(47,'Komputer Lab','Dell',2009,'008',NULL,NULL,35,'20660887.00',NULL,NULL,NULL,3,2,'2010-08-13 12:57:34',7,'2010-08-13 12:57:34',0),(48,'Komputer Lab','Dell',2009,'009',NULL,NULL,35,'20660887.00',NULL,NULL,NULL,3,2,'2010-08-13 12:58:05',7,'2010-08-13 12:58:05',0),(49,'Komputer Lab','Dell',2009,'010',NULL,NULL,35,'20660887.00',NULL,NULL,NULL,3,2,'2010-08-13 12:59:00',7,'2010-08-13 12:59:00',0),(50,'Komputer Lab','Dell',2009,'011',NULL,NULL,35,'20660887.00',NULL,NULL,NULL,3,2,'2010-08-13 12:59:42',7,'2010-08-13 12:59:42',0),(51,'Komputer Lab','Dell',2009,'012',NULL,NULL,35,'20660887.00',NULL,NULL,NULL,3,2,'2010-08-13 13:00:16',7,'2010-08-13 13:00:16',0),(52,'Komputer Lab','Dell',2009,'013',NULL,NULL,35,'20660887.00',NULL,NULL,NULL,3,2,'2010-08-13 13:02:11',7,'2010-08-13 13:02:11',0),(53,'Komputer Lab','Dell',2009,'014',NULL,NULL,35,'20660887.00',NULL,NULL,NULL,3,2,'2010-08-13 13:02:49',7,'2010-08-13 13:02:49',0),(54,'Komputer Lab','Dell',2009,'015',NULL,NULL,35,'20660887.00',NULL,NULL,NULL,3,2,'2010-08-13 13:03:19',7,'2010-08-13 13:03:19',0),(55,'Komputer Lab','Dell',2009,'016',NULL,NULL,35,'20660887.00',NULL,NULL,NULL,3,2,'2010-08-13 13:03:53',7,'2010-08-13 13:03:53',0),(56,'Komputer Lab','Dell',2009,'017',NULL,NULL,35,'20660887.00',NULL,NULL,NULL,3,2,'2010-08-13 13:04:25',7,'2010-08-13 13:04:25',0),(57,'Komputer Lab','Dell',2009,'018',NULL,NULL,35,'20660887.00',NULL,NULL,NULL,3,2,'2010-08-13 13:05:03',7,'2010-08-13 13:05:03',0),(58,'Komputer Lab','Dell',2009,'019',NULL,NULL,35,'20660887.00',NULL,NULL,NULL,3,2,'2010-08-13 13:05:43',7,'2010-08-13 13:05:43',0),(59,'Komputer Lab','Dell',2009,'020',NULL,NULL,35,'20660887.00',NULL,NULL,NULL,3,2,'2010-08-13 13:06:20',7,'2010-08-13 13:06:20',0),(60,'Komputer Lab','Dell',2009,'021',NULL,NULL,35,'20660887.00',NULL,NULL,NULL,3,2,'2010-08-13 13:07:38',7,'2010-08-13 13:07:38',0),(61,'Komputer Lab','Dell',2009,'022',NULL,NULL,35,'20660887.00',NULL,NULL,NULL,3,2,'2010-08-13 13:08:23',7,'2010-08-13 13:08:23',0),(62,'Komputer Lab','Dell',2009,'023',NULL,NULL,35,'20660887.00',NULL,NULL,NULL,3,2,'2010-08-13 13:09:04',7,'2010-08-13 13:09:04',0),(63,'Komputer Lab','Dell',2009,'024',NULL,NULL,35,'20660887.00',NULL,NULL,NULL,3,2,'2010-08-13 13:09:48',7,'2010-08-13 13:09:48',0),(64,'Komputer Lab','Dell',2009,'025',NULL,NULL,35,'20660887.00',NULL,NULL,NULL,3,2,'2010-08-13 13:10:34',7,'2010-08-13 13:10:34',0),(65,'Komputer Lab','Dell',2009,'026',NULL,NULL,35,'20660887.00',NULL,NULL,NULL,3,2,'2010-08-13 13:11:06',7,'2010-08-13 13:11:06',0),(66,'Komputer Lab','Dell',2009,'027',NULL,NULL,35,'20660887.00',NULL,NULL,NULL,3,2,'2010-08-13 13:11:46',7,'2010-08-13 13:11:46',0),(67,'Komputer Lab','Dell',2009,'028',NULL,NULL,35,'20660887.00',NULL,NULL,NULL,3,2,'2010-08-13 13:12:22',7,'2010-08-13 13:12:22',0),(68,'Komputer Lab','Dell',2009,'029',NULL,NULL,35,'20660887.00',NULL,NULL,NULL,3,2,'2010-08-13 13:12:52',7,'2010-08-13 13:12:52',0),(69,'Komputer Lab','Dell',2009,'030',NULL,NULL,35,'20660887.00',NULL,NULL,NULL,3,2,'2010-08-13 13:13:26',7,'2010-08-13 13:13:26',0),(70,'Komputer Lab','Dell',2009,'031',NULL,NULL,35,'20660887.00',NULL,NULL,NULL,3,2,'2010-08-13 13:13:55',7,'2010-08-13 13:13:55',0),(71,'Komputer Lab','Dell',2009,'032',NULL,NULL,35,'20660887.00',NULL,NULL,NULL,3,2,'2010-08-13 13:14:36',7,'2010-08-13 13:14:36',0),(72,'Komputer Lab','Dell',2009,'033',NULL,NULL,35,'20660887.00',NULL,NULL,NULL,3,2,'2010-08-13 13:15:32',7,'2010-08-13 13:15:32',0),(73,'Komputer Lab','Dell',2009,'034',NULL,NULL,35,'20660887.00',NULL,NULL,NULL,3,2,'2010-08-13 13:16:20',7,'2010-08-13 13:16:20',0),(74,'Komputer Lab','Dell',2009,'035',NULL,NULL,35,'20660887.00',NULL,NULL,NULL,3,2,'2010-08-13 13:16:55',7,'2010-08-13 13:16:55',0),(75,'Komputer Lab','Dell',2009,'036',NULL,NULL,35,'20660887.00',NULL,NULL,NULL,3,2,'2010-08-13 13:17:57',7,'2010-08-13 13:17:57',0),(76,'Komputer Lab','Dell',2009,'037',NULL,NULL,35,'20660887.00',NULL,NULL,NULL,3,2,'2010-08-13 13:18:34',7,'2010-08-13 13:18:34',0),(77,'Komputer Lab','Dell',2009,'038',NULL,NULL,35,'20660887.00',NULL,NULL,NULL,3,2,'2010-08-13 13:19:04',7,'2010-08-13 13:19:04',0),(78,'Komputer Lab','Dell',2009,'039',NULL,NULL,35,'20660887.00',NULL,NULL,NULL,3,2,'2010-08-13 13:19:42',7,'2010-08-13 13:19:42',0),(79,'Komputer Lab','Dell',2009,'040',NULL,NULL,35,'20660887.00',NULL,NULL,NULL,3,2,'2010-08-13 13:20:16',7,'2010-08-13 13:20:16',0),(80,'Komputer Lab','Dell',2009,'041',NULL,NULL,35,'20660887.00',NULL,NULL,NULL,3,2,'2010-08-13 13:21:25',7,'2010-08-13 13:21:25',0),(81,'Komputer Lab','Dell',2009,'042',NULL,NULL,35,'20660887.00',NULL,NULL,NULL,3,2,'2010-08-13 13:21:55',7,'2010-08-13 13:21:55',0),(82,'Komputer Lab','Dell',2009,'043',NULL,NULL,35,'20660887.00',NULL,NULL,NULL,3,2,'2010-08-13 13:25:40',7,'2010-08-13 13:25:40',0),(83,'Komputer Lab','Dell',2009,'044',NULL,NULL,35,'20660887.00',NULL,NULL,NULL,3,2,'2010-08-13 13:28:06',7,'2010-08-13 13:28:06',0),(84,'Komputer Lab','Dell',2009,'045',NULL,NULL,35,'20660887.00',NULL,NULL,NULL,3,2,'2010-08-13 13:28:39',7,'2010-08-13 13:28:39',0),(85,'Komputer Lab','Dell',2009,'046',NULL,NULL,35,'20660887.00',NULL,NULL,NULL,3,2,'2010-08-13 13:29:15',7,'2010-08-13 13:29:15',0),(86,'Komputer Lab','Dell',2009,'047',NULL,NULL,35,'20660887.00',NULL,NULL,NULL,3,2,'2010-08-13 13:30:15',7,'2010-08-13 13:30:15',0),(87,'Komputer Lab','Dell',2009,'048',NULL,NULL,35,'20660887.00',NULL,NULL,NULL,3,2,'2010-08-13 13:30:48',7,'2010-08-13 13:30:48',0),(88,'Komputer Lab','Dell',2009,'049',NULL,NULL,35,'20660887.00',NULL,NULL,NULL,3,2,'2010-08-13 13:31:21',7,'2010-08-13 13:31:21',0),(89,'Komputer Lab','Dell',2009,'050',NULL,NULL,35,'20660887.00',NULL,NULL,NULL,3,2,'2010-08-13 13:31:53',7,'2010-08-13 13:31:53',0),(90,'Komputer Lab','Dell',2009,'051',NULL,NULL,35,'20660887.00',NULL,NULL,NULL,3,2,'2010-08-13 13:32:32',7,'2010-08-13 13:32:32',0),(91,'Komputer Lab','Dell',2009,'052',NULL,NULL,35,'20660887.00',NULL,NULL,NULL,3,2,'2010-08-13 13:33:09',7,'2010-08-13 13:33:09',0),(92,'Komputer Lab','Dell',2009,'053',NULL,NULL,35,'20660887.00',NULL,NULL,NULL,3,2,'2010-08-13 13:36:36',7,'2010-08-13 13:36:36',0),(93,'Komputer Lab','Dell',2009,'054',NULL,NULL,35,'20660887.00',NULL,NULL,NULL,1,2,'2010-08-13 13:37:13',7,'2010-08-13 13:37:13',0),(94,'Komputer Lab','Dell',2009,'055',NULL,NULL,35,'20660887.00',NULL,NULL,NULL,3,2,'2010-08-13 13:38:38',7,'2010-08-13 13:38:38',0),(95,'Komputer Lab','Dell',2009,'056',NULL,NULL,35,'20660887.00',NULL,NULL,NULL,3,2,'2010-08-13 13:39:08',7,'2010-08-13 13:39:08',0),(96,'Komputer Lab','Dell',2009,'057',NULL,NULL,35,'20660887.00',NULL,NULL,NULL,3,2,'2010-08-13 13:40:02',7,'2010-08-13 13:40:02',0),(97,'Komputer Lab','Dell',2009,'057',NULL,NULL,35,'20660887.00',NULL,NULL,NULL,3,2,'2010-08-13 13:42:11',7,'2010-08-13 13:42:11',0),(98,'Komputer Lab','Dell',2009,'058',NULL,NULL,35,'20660887.00',NULL,NULL,NULL,3,2,'2010-08-13 13:42:47',7,'2010-08-13 13:42:47',0),(99,'Komputer Lab','Dell',2009,'059',NULL,NULL,35,'20660887.00',NULL,NULL,NULL,3,2,'2010-08-13 13:43:21',7,'2010-08-13 13:43:21',0),(100,'Komputer Lab','Dell',2009,'060',NULL,NULL,35,'20660887.00',NULL,NULL,NULL,3,2,'2010-08-13 13:44:07',7,'2010-08-13 13:44:07',0),(101,'Komputer Lab','Dell',2009,'061',NULL,NULL,35,'20660887.00',NULL,NULL,NULL,3,2,'2010-08-13 13:44:39',7,'2010-08-13 13:44:39',0),(102,'Komputer Lab','Dell',2009,'062',NULL,NULL,35,'20660887.00',NULL,NULL,NULL,3,2,'2010-08-13 13:45:40',7,'2010-08-13 13:45:40',0),(103,'Meja Recepsionis','',2009,'',NULL,NULL,34,'1980000.00',NULL,NULL,NULL,4,2,'2010-08-13 13:48:15',7,'2010-08-13 13:48:15',0),(104,'Kursi Besi/Metal','Indachi Setara',2009,'',NULL,NULL,34,'1347500.00',NULL,NULL,NULL,4,2,'2010-08-13 13:49:41',7,'2010-08-13 13:49:41',0),(105,'Kursi Besi/Metal','Indachi Setara',2009,'',NULL,NULL,34,'825000.00',NULL,NULL,NULL,4,2,'2010-08-13 13:50:42',7,'2010-08-13 13:50:42',0),(106,'Kursi Tunggu 3 Sitter','',2009,'',NULL,NULL,34,'2612500.00',NULL,NULL,NULL,4,2,'2010-08-13 13:51:31',7,'2010-08-13 13:51:31',0),(107,'Meja Penitipan Barang','',2009,'',NULL,NULL,34,'7807250.00',NULL,NULL,NULL,4,2,'2010-08-13 13:52:36',7,'2010-08-13 13:52:36',0),(108,'Rak Penitipan Barang','',2009,'',NULL,NULL,34,'33750200.00',NULL,NULL,NULL,4,2,'2010-08-13 13:55:17',7,'2010-08-13 13:55:17',0),(109,'Stabilizer','',2009,'',NULL,NULL,34,'140409500.00',NULL,NULL,NULL,4,2,'2010-08-13 13:57:41',7,'2010-08-13 13:57:41',0),(110,'Kursi Dosen','Chairman Setara',2009,'',NULL,NULL,34,'1320000.00',NULL,NULL,NULL,4,2,'2010-08-13 13:59:20',7,'2010-08-13 13:59:20',0),(111,'CTP','Kodak',2009,'',NULL,NULL,35,'2061339500.00',NULL,NULL,NULL,3,2,'2010-08-13 14:02:29',7,'2010-08-13 14:02:29',0),(112,'Kursi Besi/Metal','Indachi Setara',2009,'',NULL,NULL,34,'1210000.00',NULL,NULL,NULL,4,2,'2010-08-16 08:25:13',7,'2010-08-16 08:25:13',0),(113,'Kursi Besi/Metal (siswa)','Indachi Setara',2009,'',NULL,NULL,34,'697500.00',NULL,NULL,NULL,4,2,'2010-08-16 08:27:03',7,'2010-08-16 08:27:03',0),(114,'Meja Komputer Bulat','',2009,'',NULL,NULL,34,'2079000.00',NULL,NULL,NULL,4,2,'2010-08-16 08:28:44',7,'2010-08-16 08:28:44',0),(115,'Rak Buku Kayu Type I','',2009,'',NULL,NULL,34,'13002000.00',NULL,NULL,NULL,4,2,'2010-08-16 08:29:53',7,'2010-08-16 08:29:53',0),(116,'Rak Buku Kayu Type II','',2009,'',NULL,NULL,34,'24557500.00',NULL,NULL,NULL,4,2,'2010-08-16 08:30:38',7,'2010-08-16 08:30:38',0),(117,'Meja Komputer','',2009,'',NULL,NULL,34,'1815000.00',NULL,NULL,NULL,4,2,'2010-08-16 09:03:20',7,'2010-08-16 09:03:20',0),(118,'Meja baca Kayu Type I','',2009,'',NULL,NULL,34,'1072500.00',NULL,NULL,NULL,4,2,'2010-08-16 09:04:20',7,'2010-08-16 09:04:20',0),(119,'Meja baca Kayu Type II','',2009,'',NULL,NULL,34,'1182500.00',NULL,NULL,NULL,4,2,'2010-08-16 09:06:26',7,'2010-08-16 09:06:26',0),(120,'Meja baca Kayu Type III','',2009,'',NULL,NULL,34,'1837000.00',NULL,NULL,NULL,4,2,'2010-08-16 09:07:08',7,'2010-08-16 09:07:08',0),(121,'Meja baca Kayu Type IV','',2009,'',NULL,NULL,34,'1072500.00',NULL,NULL,NULL,4,2,'2010-08-16 09:08:07',7,'2010-08-16 09:08:07',0),(122,'Meja baca Kayu Type V','',2009,'',NULL,NULL,34,'1052500.00',NULL,NULL,NULL,4,2,'2010-08-16 09:08:46',7,'2010-08-16 09:08:46',0),(123,'Meja Diskusi','',2009,'',NULL,NULL,34,'5473600.00',NULL,NULL,NULL,4,2,'2010-08-16 09:09:37',7,'2010-08-16 09:09:37',0),(124,'Rak buku+Meja Baca Kayu','',2009,'',NULL,NULL,34,'19243840.00',NULL,NULL,NULL,4,2,'2010-08-16 09:11:03',7,'2010-08-16 09:11:03',0),(125,'Meja Makan Type I','',2009,'',NULL,NULL,34,'1177000.00',NULL,NULL,NULL,4,2,'2010-08-16 09:11:53',7,'2010-08-16 09:11:53',0),(126,'Meja Makan Type II','',2009,'',NULL,NULL,34,'825000.00',NULL,NULL,NULL,4,2,'2010-08-16 09:12:59',7,'2010-08-16 09:12:59',0),(127,'Meja Makan Type III','',2009,'',NULL,NULL,34,'1870000.00',NULL,NULL,NULL,4,2,'2010-08-16 09:13:51',7,'2010-08-16 09:13:51',0),(128,'Meja Makan Type IV','',2009,'',NULL,NULL,34,'1347500.00',NULL,NULL,NULL,4,2,'2010-08-16 09:14:29',7,'2010-08-16 09:14:29',0),(129,'Meja Bar','',2009,'',NULL,NULL,34,'880000.00',NULL,NULL,NULL,4,2,'2010-08-16 09:15:10',7,'2010-08-16 09:15:10',0),(130,'Meja saji','',2009,'',NULL,NULL,34,'17060000.00',NULL,NULL,NULL,4,2,'2010-08-16 09:15:49',7,'2010-08-16 09:15:49',0),(131,'Kursi Makan Moveable','Ultima I-S',2009,'',NULL,NULL,34,'660000.00',NULL,NULL,NULL,4,2,'2010-08-16 09:16:53',7,'2010-08-16 09:16:53',0),(132,'Kursi Makan Fixed','Ultima I-S',2009,'',NULL,NULL,34,'1078000.00',NULL,NULL,NULL,4,2,'2010-08-16 09:17:45',7,'2010-08-16 09:17:45',0),(133,'Kursi Makan ','Ultima I-S',2009,'',NULL,NULL,34,'687500.00',NULL,NULL,NULL,4,2,'2010-08-16 09:18:35',7,'2010-08-16 09:18:35',0),(134,'Kursi Makan ','Ultima I-S',2009,'',NULL,NULL,34,'797500.00',NULL,NULL,NULL,4,2,'2010-08-16 09:21:13',7,'2010-08-16 09:21:13',0),(135,'Kursi Bar','Setara Chairman',2009,'',NULL,NULL,34,'1215500.00',NULL,NULL,NULL,4,2,'2010-08-16 09:22:37',7,'2010-08-16 09:22:37',0),(136,'Meja Kerja Kayu','',2009,'',NULL,NULL,34,'4620000.00',NULL,NULL,NULL,4,2,'2010-08-16 09:27:24',7,'2010-08-16 09:27:24',0),(137,'White Board','',2009,'',NULL,NULL,34,'2530000.00',NULL,NULL,NULL,4,2,'2010-08-16 09:28:22',7,'2010-08-16 09:28:22',0),(138,'Meja Disen 1 Biro','',2009,'',NULL,NULL,34,'4070000.00',NULL,NULL,NULL,4,2,'2010-08-16 09:29:07',7,'2010-08-16 09:29:07',0),(139,'Panggung Kelas','',2009,'',NULL,NULL,34,'153340000.00',NULL,NULL,NULL,4,2,'2010-08-16 09:29:50',7,'2010-08-16 09:29:50',0),(140,'Meja Siswa','Chairman Setara',2009,'',NULL,NULL,34,'990000.00',NULL,NULL,NULL,4,2,'2010-08-16 09:31:10',7,'2010-08-16 09:31:10',0),(141,'Kursi Siswa','Chairman Setara',2009,'',NULL,NULL,34,'770000.00',NULL,NULL,NULL,4,2,'2010-08-16 09:31:53',7,'2010-08-16 09:31:53',0),(142,'Meja Administarsi ','',2009,'',NULL,NULL,34,'23839200.00',NULL,NULL,NULL,4,2,'2010-08-16 09:33:00',7,'2010-08-16 09:33:00',0),(143,'kursi Siswa','Indachi Setara',2009,'',NULL,NULL,34,'687200.00',NULL,NULL,NULL,4,2,'2010-08-16 11:00:48',7,'2010-08-16 11:00:48',0),(144,'kursi Siswa','Indachi Setara',2009,'',NULL,NULL,34,'753500.00',NULL,NULL,NULL,4,2,'2010-08-16 11:02:10',7,'2010-08-16 11:02:10',0),(145,'A.C Split','Nasional 1,5 Pk',2003,'',NULL,NULL,34,'3602000.00',NULL,NULL,NULL,3,2,'2010-08-16 12:38:59',7,'2010-08-16 12:38:59',0),(146,'A.C Central','York',1995,'',NULL,NULL,34,'3547000.00',NULL,NULL,NULL,3,2,'2010-08-16 12:40:16',7,'2010-08-16 12:40:16',0);
/*!40000 ALTER TABLE `items` ENABLE KEYS */;
UNLOCK TABLES;

--
-- Table structure for table `lamp_types`
--

DROP TABLE IF EXISTS `lamp_types`;
SET @saved_cs_client     = @@character_set_client;
SET character_set_client = utf8;
CREATE TABLE `lamp_types` (
  `id` smallint(3) NOT NULL auto_increment,
  `name` varchar(100) NOT NULL,
  PRIMARY KEY  (`id`)
) ENGINE=MyISAM AUTO_INCREMENT=9 DEFAULT CHARSET=latin1;
SET character_set_client = @saved_cs_client;

--
-- Dumping data for table `lamp_types`
--

LOCK TABLES `lamp_types` WRITE;
/*!40000 ALTER TABLE `lamp_types` DISABLE KEYS */;
INSERT INTO `lamp_types` VALUES (1,'SOX (50/90) W'),(2,'SON 150 W'),(3,'SON 250 W'),(4,'SON 400 W'),(5,'SON 70 W'),(6,'HPIT 400 W'),(7,'HPIT 1000 W'),(8,'HPIT 250 W');
/*!40000 ALTER TABLE `lamp_types` ENABLE KEYS */;
UNLOCK TABLES;

--
-- Table structure for table `lamps`
--

DROP TABLE IF EXISTS `lamps`;
SET @saved_cs_client     = @@character_set_client;
SET character_set_client = utf8;
CREATE TABLE `lamps` (
  `id` int(11) unsigned NOT NULL auto_increment,
  `subdistrict_id` int(11) NOT NULL,
  `street_id` int(11) unsigned NOT NULL,
  `lamp_type_id` smallint(3) NOT NULL,
  `pillar_type_id` smallint(3) NOT NULL,
  `relay_id` int(11) NOT NULL,
  `panel_id` int(11) NOT NULL,
  `network_size_id` int(3) NOT NULL,
  `network_type_id` int(3) default NULL,
  `name` varchar(20) NOT NULL,
  `note` text NOT NULL,
  `created` datetime NOT NULL,
  `created_by` int(11) NOT NULL,
  `modified` datetime NOT NULL,
  `modified_by` int(11) NOT NULL,
  PRIMARY KEY  (`id`),
  KEY `subdistrict_id` (`subdistrict_id`),
  KEY `street_id` (`street_id`),
  KEY `lamp_type_id` (`lamp_type_id`),
  KEY `pillar_type_id` (`pillar_type_id`),
  KEY `relay_id` (`relay_id`),
  KEY `panel_id` (`panel_id`),
  KEY `network_size_id` (`network_size_id`),
  KEY `network_type_id` (`network_type_id`)
) ENGINE=MyISAM AUTO_INCREMENT=47 DEFAULT CHARSET=latin1;
SET character_set_client = @saved_cs_client;

--
-- Dumping data for table `lamps`
--

LOCK TABLES `lamps` WRITE;
/*!40000 ALTER TABLE `lamps` DISABLE KEYS */;
INSERT INTO `lamps` VALUES (12,3,84,5,10,42,1,4,1,'GD9C1/0005','','2011-01-25 12:14:33',0,'2011-01-27 20:54:50',1),(11,3,84,5,10,42,1,4,1,'GD9C1/0004','','2011-01-25 12:14:33',0,'2011-01-27 20:55:33',1),(10,3,84,5,10,7,1,4,1,'GD 09C/P01/0003','','2011-01-25 12:14:33',0,'2011-01-25 12:14:33',0),(9,3,84,5,10,7,1,4,1,'GD 09C/P01/0002','','2011-01-25 12:14:33',0,'2011-01-25 12:14:33',0),(8,3,84,5,10,7,1,4,1,'GD 09C/P01/0001','','2011-01-25 12:14:33',0,'2011-01-25 12:14:33',0),(13,3,84,5,10,7,1,4,1,'GD 09C/P01/0006','','2011-01-25 12:14:34',0,'2011-01-25 12:14:34',0),(14,3,84,5,10,7,1,4,1,'GD 09C/P01/0007','','2011-01-25 12:14:34',0,'2011-01-25 12:14:34',0),(15,3,399,5,10,7,1,4,1,'GD 09C/P01/0008','','2011-01-25 12:17:00',0,'2011-01-25 12:17:00',0),(16,3,399,5,10,7,1,4,1,'GD 09C/P01/0009','','2011-01-25 12:17:00',0,'2011-01-25 12:17:00',0),(17,3,399,5,10,7,1,4,1,'GD 09C/P01/0010','','2011-01-25 12:17:00',0,'2011-01-25 12:17:00',0),(18,3,77,5,10,7,1,4,1,'GD 09C/P01/0011','','2011-01-25 12:18:08',0,'2011-01-25 12:18:08',0),(19,3,77,5,10,7,1,4,1,'GD 09C/P01/0012','','2011-01-25 12:18:08',0,'2011-01-25 12:18:08',0),(20,3,400,5,10,7,1,4,1,'GD 09C/P01/0013','','2011-01-25 12:19:27',0,'2011-01-25 12:19:27',0),(21,3,400,5,10,7,1,4,1,'GD 09C/P01/0014','','2011-01-25 12:19:27',0,'2011-01-25 12:19:27',0),(22,3,400,5,10,7,1,4,1,'GD 09C/P01/0015','','2011-01-25 12:19:27',0,'2011-01-25 12:19:27',0),(23,3,400,5,10,7,1,4,1,'GD 09C/P01/0016','','2011-01-25 12:19:27',0,'2011-01-25 12:19:27',0),(24,3,400,5,10,7,1,4,1,'GD 09C/P01/0017','','2011-01-25 12:19:27',0,'2011-01-25 12:19:27',0),(25,3,400,5,10,7,1,4,1,'GD 09C/P01/0018','','2011-01-25 12:19:27',0,'2011-01-25 12:19:27',0),(26,3,400,5,10,7,1,4,1,'GD 09C/P01/0019','','2011-01-25 12:19:27',0,'2011-01-25 12:19:27',0),(27,3,400,5,10,7,1,4,1,'GD 09C/P01/0020','','2011-01-25 12:19:27',0,'2011-01-25 12:19:27',0),(28,3,267,5,10,7,1,4,1,'GD 09C/P01/0021','','2011-01-25 12:20:15',0,'2011-01-25 12:20:15',0),(29,3,267,5,10,7,1,4,1,'GD 09C/P01/0022','','2011-01-25 12:20:15',0,'2011-01-25 12:20:15',0),(30,3,267,5,10,7,1,4,1,'GD 09C/P01/0023','','2011-01-25 12:20:15',0,'2011-01-25 12:20:15',0),(31,3,267,5,10,7,1,4,1,'GD 09C/P01/0024','','2011-01-25 12:20:15',0,'2011-01-25 12:20:15',0),(32,3,267,5,10,7,1,4,1,'GD 09C/P01/0025','','2011-01-25 12:20:15',0,'2011-01-25 12:20:15',0),(33,3,350,3,10,30,1,4,1,'GD 40/P01/0001','','2011-01-25 12:22:07',0,'2011-01-25 12:22:07',0),(34,3,350,3,10,30,1,4,1,'GD 40/P01/0002','','2011-01-25 12:22:07',0,'2011-01-25 12:22:07',0),(35,3,350,3,10,30,1,4,1,'GD 40/P01/0003','','2011-01-25 12:22:07',0,'2011-01-25 12:22:07',0),(36,3,350,3,10,30,1,4,1,'GD 40/P01/0004','','2011-01-25 12:22:07',0,'2011-01-25 12:22:07',0),(37,3,350,3,10,30,1,4,1,'GD 40/P01/0005','','2011-01-25 12:22:07',0,'2011-01-25 12:22:07',0),(38,3,350,3,10,30,1,4,1,'GD 40/P01/0006','','2011-01-25 12:22:07',0,'2011-01-25 12:22:07',0),(39,3,350,3,10,30,1,4,1,'GD 40/P01/0007','','2011-01-25 12:22:07',0,'2011-01-25 12:22:07',0),(40,3,350,3,10,30,1,4,1,'GD 40/P01/0008','','2011-01-25 12:22:07',0,'2011-01-25 12:22:07',0),(41,3,350,3,10,30,1,4,1,'GD 40/P01/0009','','2011-01-25 12:22:07',0,'2011-01-25 12:22:07',0),(42,3,350,3,10,30,1,4,1,'GD 40/P01/0010','','2011-01-25 12:22:07',0,'2011-01-25 12:22:07',0),(43,3,350,3,10,30,1,4,1,'GD 40/P01/0011','','2011-01-25 12:22:07',0,'2011-01-25 12:22:07',0),(44,3,350,3,10,30,1,4,1,'GD 40/P01/0012','','2011-01-25 12:22:07',0,'2011-01-25 12:22:07',0),(45,3,350,3,10,30,1,4,1,'GD 40/P01/0013','','2011-01-25 12:22:07',0,'2011-01-25 12:22:07',0),(46,3,350,3,10,30,1,4,1,'GD 40/P01/0014','','2011-01-25 12:22:07',0,'2011-01-25 12:22:07',0);
/*!40000 ALTER TABLE `lamps` ENABLE KEYS */;
UNLOCK TABLES;

--
-- Table structure for table `letter_counters`
--

DROP TABLE IF EXISTS `letter_counters`;
SET @saved_cs_client     = @@character_set_client;
SET character_set_client = utf8;
CREATE TABLE `letter_counters` (
  `letter_number_id` int(10) NOT NULL,
  `counter` int(10) NOT NULL,
  UNIQUE KEY `letter_number_id` (`letter_number_id`,`counter`),
  KEY `counter` (`counter`)
) ENGINE=MyISAM DEFAULT CHARSET=latin1;
SET character_set_client = @saved_cs_client;

--
-- Dumping data for table `letter_counters`
--

LOCK TABLES `letter_counters` WRITE;
/*!40000 ALTER TABLE `letter_counters` DISABLE KEYS */;
/*!40000 ALTER TABLE `letter_counters` ENABLE KEYS */;
UNLOCK TABLES;

--
-- Table structure for table `locations`
--

DROP TABLE IF EXISTS `locations`;
SET @saved_cs_client     = @@character_set_client;
SET character_set_client = utf8;
CREATE TABLE `locations` (
  `id` int(11) NOT NULL auto_increment,
  `name` varchar(100) NOT NULL,
  `width` decimal(10,2) default '0.00',
  `height` decimal(10,2) default '0.00',
  `length` decimal(10,2) default '0.00',
  PRIMARY KEY  (`id`)
) ENGINE=MyISAM AUTO_INCREMENT=26 DEFAULT CHARSET=latin1;
SET character_set_client = @saved_cs_client;

--
-- Dumping data for table `locations`
--

LOCK TABLES `locations` WRITE;
/*!40000 ALTER TABLE `locations` DISABLE KEYS */;
INSERT INTO `locations` VALUES (1,'Ka.Bauk','0.00','0.00','0.00'),(2,'Kasubbag.Umum',NULL,NULL,NULL),(3,'Administrasi Lelang',NULL,NULL,NULL),(4,'Staf Subbag.Umum',NULL,NULL,NULL),(5,'Tunggu Subbag.Umum',NULL,NULL,NULL),(6,'Subbag.Keuangan',NULL,NULL,NULL),(7,'Subbag.Tatalaksana dan KepegawaiaN',NULL,NULL,NULL),(8,'Toelet Wanita Lt.2 Gedung Produksi',NULL,NULL,NULL),(9,'Toelet Pria Lt.2 Gedung Produksi',NULL,NULL,NULL),(10,'Ka.BAAK',NULL,NULL,NULL),(11,'Kasubbag.Akademik dan Kemahasiswaan',NULL,NULL,NULL),(12,'Subbag.Perencanaan dan Sistem Informasi',NULL,NULL,NULL),(13,'Staf BAAK',NULL,NULL,NULL),(14,'Ka.UPT Pusat Informatika',NULL,NULL,NULL),(15,'Staf UPT Pusat Informatika',NULL,NULL,NULL),(16,'Ruang Makan',NULL,NULL,NULL),(17,'Dapur Gedung B',NULL,NULL,NULL),(18,'Toelet Pria Lt.2 Gedung B',NULL,NULL,NULL),(19,'Toelet Wanita Lt.2 Gedung B',NULL,NULL,NULL),(20,'Gudang Depan Toelet Lt.2 Gedung B',NULL,NULL,NULL),(21,'Kelas 1 Lt.2 Gedung Produksi',NULL,NULL,NULL),(22,'Kelas 2 Lt.2 Gedung Produksi',NULL,NULL,NULL),(23,'Kelas 3 Lt.2 Gedung Produksi',NULL,NULL,NULL),(24,'Kelas 4 Lt.2 Gedung Produksi',NULL,NULL,NULL),(25,'Kelas 5 Lt.2 Gedung Produksi',NULL,NULL,NULL);
/*!40000 ALTER TABLE `locations` ENABLE KEYS */;
UNLOCK TABLES;

--
-- Table structure for table `menu_types`
--

DROP TABLE IF EXISTS `menu_types`;
SET @saved_cs_client     = @@character_set_client;
SET character_set_client = utf8;
CREATE TABLE `menu_types` (
  `id` tinyint(3) NOT NULL auto_increment,
  `name` varchar(20) NOT NULL,
  `call_name` varchar(10) NOT NULL,
  `order` int(11) default '0',
  `created` datetime NOT NULL,
  `created_by` bigint(20) NOT NULL,
  `modified` datetime NOT NULL,
  `modified_by` bigint(20) NOT NULL,
  PRIMARY KEY  (`id`),
  UNIQUE KEY `call_name` (`call_name`),
  KEY `name` (`name`),
  KEY `order` (`order`)
) ENGINE=MyISAM AUTO_INCREMENT=12 DEFAULT CHARSET=latin1;
SET character_set_client = @saved_cs_client;

--
-- Dumping data for table `menu_types`
--

LOCK TABLES `menu_types` WRITE;
/*!40000 ALTER TABLE `menu_types` DISABLE KEYS */;
INSERT INTO `menu_types` VALUES (3,'Setup','setup',20,'2009-12-12 23:53:31',1,'2011-01-28 22:12:47',1),(5,'Report','report',12,'2009-12-12 23:53:54',1,'2011-01-28 22:14:16',1),(6,'Admin','admin',18,'2009-12-16 13:47:50',1,'2011-01-28 22:13:16',1),(10,'Industri','industry',14,'2010-09-30 19:15:23',1,'2011-01-28 22:13:24',1),(11,'PJU','pju',16,'2010-10-07 20:07:47',1,'2011-01-28 22:13:30',1);
/*!40000 ALTER TABLE `menu_types` ENABLE KEYS */;
UNLOCK TABLES;

--
-- Table structure for table `menus`
--

DROP TABLE IF EXISTS `menus`;
SET @saved_cs_client     = @@character_set_client;
SET character_set_client = utf8;
CREATE TABLE `menus` (
  `id` int(10) NOT NULL auto_increment,
  `parent_id` int(10) default NULL,
  `name` varchar(50) NOT NULL,
  `url` varchar(50) NOT NULL,
  `element_id` varchar(20) NOT NULL,
  `enable` tinyint(1) NOT NULL,
  `lft` int(10) NOT NULL,
  `rght` int(10) NOT NULL,
  `menu_type_id` tinyint(3) default NULL,
  `order` int(11) default '0',
  `created` datetime NOT NULL,
  `created_by` int(11) NOT NULL,
  `modified` datetime NOT NULL,
  `modified_by` int(11) NOT NULL,
  PRIMARY KEY  (`id`),
  KEY `parent_id` (`parent_id`),
  KEY `enable` (`enable`),
  KEY `menu_type_id` (`menu_type_id`),
  KEY `order` (`order`)
) ENGINE=MyISAM AUTO_INCREMENT=88 DEFAULT CHARSET=latin1;
SET character_set_client = @saved_cs_client;

--
-- Dumping data for table `menus`
--

LOCK TABLES `menus` WRITE;
/*!40000 ALTER TABLE `menus` DISABLE KEYS */;
INSERT INTO `menus` VALUES (6,NULL,'Nama Kota','/cities','cities',0,7,8,3,0,'2009-12-13 02:34:56',1,'2011-01-28 22:21:15',1),(5,NULL,'Nama Propinsi','/provinces','provinces',1,1,2,3,20,'2009-12-13 02:03:29',1,'2011-01-28 22:17:35',1),(9,NULL,'Unit Kerja','/unit_codes','unit_codes',1,3,4,6,20,'2009-12-13 02:53:40',1,'2011-01-28 22:33:22',1),(11,NULL,'Menu','/menus','menus',1,5,6,6,12,'2009-12-13 05:03:18',1,'2011-02-01 12:58:25',1),(12,NULL,'Tipe Menu','/menu_types','menu_types',1,9,10,6,10,'2009-12-13 05:12:51',1,'2011-02-01 12:58:34',1),(14,NULL,'User Management','/users','users',1,11,12,6,16,'2009-12-16 13:49:35',1,'2011-02-01 12:58:08',1),(15,NULL,'Settings','/site_settings','site_settings',1,13,14,6,14,'2009-12-16 13:50:55',1,'2011-02-01 12:58:17',1),(16,NULL,'Module Management','/modules','modules',1,15,16,6,18,'2009-12-17 10:21:02',3,'2011-02-01 12:55:23',1),(17,NULL,'Group - Permission','/groups','groups',1,17,18,6,8,'2009-12-17 12:07:33',1,'2011-01-28 22:36:29',1),(22,NULL,'Log Pengguna','/user_logs','user_logs',1,19,20,6,6,'2010-01-13 21:17:25',1,'2011-01-28 22:36:53',1),(79,NULL,'Data Lampu','/lamps','lamps',1,45,46,11,20,'2010-10-07 20:08:12',1,'2011-01-28 22:39:28',1),(72,NULL,'Jenis Tiang','/pillar_types','pillar_types',0,33,34,3,18,'2010-09-29 17:59:36',1,'2011-02-01 12:54:21',1),(70,NULL,'Nama Jalan','/streets','streets',1,29,30,3,12,'2010-08-26 03:38:33',1,'2011-02-01 12:43:04',1),(71,NULL,'Jenis Lampu','/lamp_types','lamp_types',1,31,32,3,4,'2010-09-29 17:48:24',1,'2011-01-28 22:21:56',1),(65,NULL,'Jenis Jalan','/street_types','street_types',1,21,22,3,10,'2010-08-26 01:19:44',1,'2011-02-01 12:43:20',1),(66,NULL,'Nama Kotamadya / Kabupaten','/municipalities','Municipalities',1,23,24,3,18,'2010-08-26 01:31:52',1,'2011-02-01 12:42:21',1),(67,NULL,'Nama Kecamatan','/districts','districts',1,25,26,3,16,'2010-08-26 01:54:25',1,'2011-02-01 12:42:39',1),(68,NULL,'Nama Kelurahan','/subdistricts','subdistricts',1,27,28,3,14,'2010-08-26 02:54:52',1,'2011-02-01 12:42:50',1),(74,NULL,'Gardu','/relays','relays',1,35,36,3,8,'2010-09-29 20:05:33',1,'2011-02-01 12:43:32',1),(75,NULL,'Panel','/panels','panels',1,37,38,3,-2,'2010-09-29 21:28:43',1,'2011-02-01 12:53:57',1),(76,NULL,'Jenis Jaringan','/network_types','network_types',1,39,40,3,2,'2010-09-30 14:23:05',1,'2011-01-28 22:22:45',1),(77,NULL,'Ukuran Jaringan','/network_sizes','network_sizes',1,41,42,3,0,'2010-09-30 14:31:36',1,'2011-02-01 12:53:21',1),(78,NULL,'Data Perusahaan','/companies','companies',1,43,44,10,0,'2010-09-30 19:15:49',1,'2010-09-30 19:15:49',0),(80,NULL,'Chart lampu','/reports/lamps','report_lamps',1,47,48,5,20,'2011-01-15 20:40:40',1,'2011-01-28 22:40:19',1),(81,NULL,'Input lampu banyak','/lamps/add_bulk','add_bulk',1,49,50,3,-4,'2011-01-15 20:42:19',1,'2011-02-01 12:54:14',1),(82,NULL,'Input Panel','/panels/add_bulk','panels_add_bulk',0,51,52,3,0,'2011-01-25 08:38:51',1,'2011-01-28 20:26:00',1),(83,NULL,'Excel Existing','/lamps/excel','excel',1,53,54,5,0,'2011-01-25 11:27:53',1,'2011-01-25 11:29:34',1),(84,NULL,'Area Jaringan','/coverage_areas','coverage_areas',1,55,56,3,6,'2011-01-25 13:35:48',1,'2011-02-01 12:52:40',1),(85,NULL,'Area Pelayanan','/coverage_services','coverage_services',1,57,58,3,4,'2011-01-25 13:36:14',1,'2011-02-01 12:52:50',1),(86,NULL,'Excel Gardu','/relays/excel','relaysexcel',1,59,60,5,0,'2011-01-28 20:23:16',1,'2011-01-28 20:23:16',0),(87,NULL,'Excel Panel','/panels/excel','panelsexcel',1,61,62,5,18,'2011-01-28 20:23:48',1,'2011-01-28 22:39:01',1);
/*!40000 ALTER TABLE `menus` ENABLE KEYS */;
UNLOCK TABLES;

--
-- Table structure for table `module_actions`
--

DROP TABLE IF EXISTS `module_actions`;
SET @saved_cs_client     = @@character_set_client;
SET character_set_client = utf8;
CREATE TABLE `module_actions` (
  `id` int(10) NOT NULL auto_increment,
  `module_id` int(10) NOT NULL,
  `name` varchar(50) NOT NULL,
  `created` datetime NOT NULL,
  `created_by` int(10) NOT NULL,
  `modified` datetime NOT NULL,
  `modified_by` int(10) NOT NULL,
  PRIMARY KEY  (`id`),
  KEY `module_id` (`module_id`),
  KEY `name` (`name`)
) ENGINE=MyISAM AUTO_INCREMENT=348 DEFAULT CHARSET=latin1;
SET character_set_client = @saved_cs_client;

--
-- Dumping data for table `module_actions`
--

LOCK TABLES `module_actions` WRITE;
/*!40000 ALTER TABLE `module_actions` DISABLE KEYS */;
INSERT INTO `module_actions` VALUES (24,5,'edit','2009-12-17 12:00:01',1,'2009-12-17 12:00:01',0),(23,5,'add','2009-12-17 12:00:01',1,'2009-12-17 12:00:01',0),(22,5,'index','2009-12-17 12:00:01',1,'2009-12-17 12:00:01',0),(25,5,'delete','2009-12-17 12:00:01',1,'2009-12-17 12:00:01',0),(26,6,'index','2009-12-17 12:00:17',1,'2009-12-17 12:00:17',0),(27,6,'add','2009-12-17 12:00:17',1,'2009-12-17 12:00:17',0),(28,6,'edit','2009-12-17 12:00:17',1,'2009-12-17 12:00:17',0),(29,6,'delete','2009-12-17 12:00:17',1,'2009-12-17 17:14:56',0),(34,8,'index','2009-12-17 12:00:54',1,'2009-12-17 12:00:54',0),(35,8,'add','2009-12-17 12:00:54',1,'2009-12-17 12:00:54',0),(36,8,'edit','2009-12-17 12:00:54',1,'2009-12-17 12:00:54',0),(37,8,'delete','2009-12-17 12:00:54',1,'2009-12-17 12:00:54',0),(113,15,'index','2009-12-21 11:39:21',1,'2009-12-21 11:39:21',0),(42,10,'index','2009-12-17 12:01:51',1,'2009-12-17 12:01:51',0),(43,10,'add','2009-12-17 12:01:51',1,'2009-12-17 12:01:51',0),(44,10,'edit','2009-12-17 12:01:51',1,'2009-12-17 12:01:51',0),(45,10,'delete','2009-12-17 12:01:51',1,'2009-12-17 12:01:51',0),(98,11,'delete','2009-12-20 23:23:42',0,'2009-12-20 23:23:42',1),(114,15,'add','2009-12-21 11:39:21',1,'2009-12-21 11:39:21',0),(115,15,'edit','2009-12-21 11:39:21',1,'2009-12-21 11:39:21',0),(50,12,'index','2009-12-17 12:05:49',1,'2009-12-17 12:05:49',0),(51,12,'add','2009-12-17 12:05:49',1,'2009-12-17 12:05:49',0),(52,12,'edit','2009-12-17 12:05:49',1,'2009-12-17 12:05:49',0),(53,12,'delete','2009-12-17 12:05:49',1,'2009-12-17 12:05:49',0),(54,13,'index','2009-12-17 12:47:42',1,'2009-12-17 12:47:42',0),(55,13,'add','2009-12-17 12:47:42',1,'2009-12-17 12:47:42',0),(56,13,'edit','2009-12-17 12:47:42',1,'2009-12-17 12:47:42',0),(57,13,'delete','2009-12-17 12:47:42',1,'2009-12-17 12:47:42',0),(97,11,'index','2009-12-20 23:23:42',0,'2009-12-20 23:23:42',1),(96,11,'add','2009-12-20 23:23:42',0,'2009-12-20 23:23:42',1),(95,11,'edit','2009-12-20 23:23:42',0,'2009-12-20 23:23:42',1),(102,9,'delete','2009-12-20 23:24:05',0,'2009-12-20 23:24:05',1),(101,9,'index','2009-12-20 23:24:05',0,'2009-12-20 23:24:05',1),(100,9,'add','2009-12-20 23:24:05',0,'2009-12-20 23:24:05',1),(99,9,'edit','2009-12-20 23:24:05',0,'2009-12-20 23:24:05',1),(73,14,'display','2009-12-20 21:32:51',0,'2009-12-20 21:32:51',1),(116,15,'delete','2009-12-21 11:39:21',1,'2009-12-21 11:39:21',0),(126,17,'index','2010-01-13 21:16:44',1,'2010-01-13 21:16:44',0),(339,42,'delete','2011-01-28 20:22:26',0,'2011-01-28 20:22:26',1),(326,47,'add','2011-01-25 11:27:36',0,'2011-01-25 11:27:36',1),(325,47,'edit','2011-01-25 11:27:36',0,'2011-01-25 11:27:36',1),(283,40,'index','2010-09-29 17:59:18',1,'2010-09-29 17:59:18',0),(282,40,'delete','2010-09-29 17:59:18',1,'2010-09-29 17:59:18',0),(281,40,'edit','2010-09-29 17:59:18',1,'2010-09-29 17:59:18',0),(280,40,'add','2010-09-29 17:59:18',1,'2010-09-29 17:59:18',0),(275,39,'index','2010-09-29 17:47:58',1,'2010-09-29 17:47:58',0),(274,39,'delete','2010-09-29 17:47:58',1,'2010-09-29 17:47:58',0),(272,39,'add','2010-09-29 17:47:58',1,'2010-09-29 17:47:58',0),(273,39,'edit','2010-09-29 17:47:58',1,'2010-09-29 17:47:58',0),(271,38,'index','2010-08-26 03:37:13',1,'2010-08-26 03:37:13',0),(270,38,'delete','2010-08-26 03:37:13',1,'2010-08-26 03:37:13',0),(269,38,'edit','2010-08-26 03:37:13',1,'2010-08-26 03:37:13',0),(268,38,'add','2010-08-26 03:37:13',1,'2010-08-26 03:37:13',0),(279,34,'delete','2010-09-29 17:59:04',0,'2010-09-29 17:59:04',1),(278,34,'edit','2010-09-29 17:59:04',0,'2010-09-29 17:59:04',1),(277,34,'index','2010-09-29 17:59:04',0,'2010-09-29 17:59:04',1),(276,34,'add','2010-09-29 17:59:04',0,'2010-09-29 17:59:04',1),(256,35,'add','2010-08-26 01:31:06',1,'2010-08-26 01:31:06',0),(257,35,'edit','2010-08-26 01:31:06',1,'2010-08-26 01:31:06',0),(258,35,'delete','2010-08-26 01:31:06',1,'2010-08-26 01:31:06',0),(259,35,'index','2010-08-26 01:31:06',1,'2010-08-26 01:31:06',0),(260,36,'add','2010-08-26 01:54:03',1,'2010-08-26 01:54:03',0),(261,36,'edit','2010-08-26 01:54:03',1,'2010-08-26 01:54:03',0),(262,36,'delete','2010-08-26 01:54:03',1,'2010-08-26 01:54:03',0),(263,36,'index','2010-08-26 01:54:03',1,'2010-08-26 01:54:03',0),(264,37,'add','2010-08-26 02:53:32',1,'2010-08-26 02:53:32',0),(265,37,'edit','2010-08-26 02:53:32',1,'2010-08-26 02:53:32',0),(266,37,'delete','2010-08-26 02:53:32',1,'2010-08-26 02:53:32',0),(267,37,'index','2010-08-26 02:53:32',1,'2010-08-26 02:53:32',0),(338,42,'add','2011-01-28 20:22:26',0,'2011-01-28 20:22:26',1),(337,42,'edit','2011-01-28 20:22:26',0,'2011-01-28 20:22:26',1),(344,43,'edit','2011-01-28 20:22:45',0,'2011-01-28 20:22:45',1),(345,43,'add','2011-01-28 20:22:45',0,'2011-01-28 20:22:45',1),(296,44,'add','2010-09-30 14:22:47',1,'2010-09-30 14:22:47',0),(297,44,'edit','2010-09-30 14:22:47',1,'2010-09-30 14:22:47',0),(298,44,'delete','2010-09-30 14:22:47',1,'2010-09-30 14:22:47',0),(299,44,'index','2010-09-30 14:22:47',1,'2010-09-30 14:22:47',0),(300,45,'add','2010-09-30 14:31:15',1,'2010-09-30 14:31:15',0),(301,45,'edit','2010-09-30 14:31:15',1,'2010-09-30 14:31:15',0),(302,45,'delete','2010-09-30 14:31:15',1,'2010-09-30 14:31:15',0),(303,45,'index','2010-09-30 14:31:15',1,'2010-09-30 14:31:15',0),(304,46,'add','2010-09-30 19:15:10',1,'2010-09-30 19:15:10',0),(305,46,'edit','2010-09-30 19:15:10',1,'2010-09-30 19:15:10',0),(306,46,'delete','2010-09-30 19:15:10',1,'2010-09-30 19:15:10',0),(307,46,'index','2010-09-30 19:15:10',1,'2010-09-30 19:15:10',0),(312,48,'lamps','2011-01-15 20:40:07',1,'2011-01-15 20:40:07',0),(324,47,'delete','2011-01-25 11:27:36',0,'2011-01-25 11:27:36',1),(323,47,'index','2011-01-25 11:27:36',0,'2011-01-25 11:27:36',1),(343,43,'delete','2011-01-28 20:22:45',0,'2011-01-28 20:22:45',1),(342,43,'index','2011-01-28 20:22:45',0,'2011-01-28 20:22:45',1),(327,47,'add_bulk','2011-01-25 11:27:36',0,'2011-01-25 11:27:36',1),(328,47,'excel','2011-01-25 11:27:36',0,'2011-01-25 11:27:36',1),(329,49,'add','2011-01-25 13:35:00',1,'2011-01-25 13:35:00',0),(330,49,'edit','2011-01-25 13:35:00',1,'2011-01-25 13:35:00',0),(331,49,'delete','2011-01-25 13:35:00',1,'2011-01-25 13:35:00',0),(332,49,'index','2011-01-25 13:35:00',1,'2011-01-25 13:35:00',0),(333,50,'add','2011-01-25 13:35:17',1,'2011-01-25 13:35:17',0),(334,50,'edit','2011-01-25 13:35:17',1,'2011-01-25 13:35:17',0),(335,50,'delete','2011-01-25 13:35:17',1,'2011-01-25 13:35:17',0),(336,50,'index','2011-01-25 13:35:17',1,'2011-01-25 13:35:17',0),(340,42,'index','2011-01-28 20:22:26',0,'2011-01-28 20:22:26',1),(341,42,'excel','2011-01-28 20:22:26',0,'2011-01-28 20:22:26',1),(346,43,'add_bulk','2011-01-28 20:22:45',0,'2011-01-28 20:22:45',1),(347,43,'excel','2011-01-28 20:22:45',0,'2011-01-28 20:22:45',1);
/*!40000 ALTER TABLE `module_actions` ENABLE KEYS */;
UNLOCK TABLES;

--
-- Table structure for table `modules`
--

DROP TABLE IF EXISTS `modules`;
SET @saved_cs_client     = @@character_set_client;
SET character_set_client = utf8;
CREATE TABLE `modules` (
  `id` int(10) NOT NULL auto_increment,
  `name` varchar(50) NOT NULL,
  `controller` varchar(50) NOT NULL,
  `show_all` tinyint(1) default '1',
  `created` datetime NOT NULL,
  `created_by` int(10) NOT NULL,
  `modified` datetime NOT NULL,
  `modified_by` int(10) NOT NULL,
  PRIMARY KEY  (`id`),
  KEY `name` (`name`),
  KEY `controller` (`controller`),
  KEY `created` (`created`),
  KEY `created_by` (`created_by`)
) ENGINE=MyISAM AUTO_INCREMENT=51 DEFAULT CHARSET=latin1;
SET character_set_client = @saved_cs_client;

--
-- Dumping data for table `modules`
--

LOCK TABLES `modules` WRITE;
/*!40000 ALTER TABLE `modules` DISABLE KEYS */;
INSERT INTO `modules` VALUES (5,'Cities','cities',1,'2009-12-17 12:00:01',1,'2009-12-17 12:00:01',0),(6,'Provinces','provinces',1,'2009-12-17 12:00:17',1,'2009-12-17 12:00:17',0),(8,'Unit Codes','unit_codes',1,'2009-12-17 12:00:54',1,'2009-12-17 12:00:54',0),(9,'Menu','menus',1,'2009-12-17 12:01:06',1,'2009-12-20 23:24:05',1),(10,'Menu Type','menu_types',1,'2009-12-17 12:01:51',1,'2009-12-17 12:01:51',0),(11,'User Management','users',1,'2009-12-17 12:02:55',1,'2009-12-20 23:23:42',1),(12,'Module Management','modules',1,'2009-12-17 12:05:49',1,'2009-12-17 12:05:49',0),(13,'Group Management','groups',1,'2009-12-17 12:47:42',1,'2009-12-17 12:47:42',0),(14,'Pages','pages',1,'2009-12-20 21:29:56',1,'2009-12-20 21:32:51',1),(15,'Settings','site_settings',1,'2009-12-21 11:39:21',1,'2009-12-21 11:39:21',0),(17,'Log Pengguna','user_logs',1,'2010-01-13 21:16:44',1,'2010-01-13 21:16:44',0),(40,'Jenis Tiang','pillar_types',1,'2010-09-29 17:59:18',1,'2010-09-29 17:59:18',0),(39,'Jenis Lampu','lamp_types',1,'2010-09-29 17:47:58',1,'2010-09-29 17:47:58',0),(38,'Nama Jalan','streets',1,'2010-08-26 03:37:13',1,'2010-08-26 03:37:13',0),(34,'Jenis Jalan','street_types',1,'2010-08-26 01:19:02',1,'2010-09-29 17:59:04',1),(35,'Kotamadya','municipalities',1,'2010-08-26 01:31:06',1,'2010-08-26 01:31:06',0),(36,'Nama Kecamatan','districts',1,'2010-08-26 01:54:03',1,'2010-08-26 01:54:03',0),(37,'Nama Kelurahan','subdistricts',1,'2010-08-26 02:53:32',1,'2010-08-26 02:53:32',0),(47,'Data Lampu','lamps',1,'2010-10-07 20:09:50',1,'2011-01-25 11:27:36',1),(42,'Gardu','relays',1,'2010-09-29 20:05:12',1,'2011-01-28 20:22:26',1),(43,'Panel','panels',1,'2010-09-29 21:28:20',1,'2011-01-28 20:22:45',1),(44,'Jenis Jaringan','network_types',1,'2010-09-30 14:22:47',1,'2010-09-30 14:22:47',0),(45,'Ukuran Jaringan','network_sizes',1,'2010-09-30 14:31:15',1,'2010-09-30 14:31:15',0),(46,'Data Perusahaan','companies',1,'2010-09-30 19:15:10',1,'2010-09-30 19:15:10',0),(48,'Report','reports',1,'2011-01-15 20:40:07',1,'2011-01-15 20:40:07',0),(49,'Area Jaringan','coverage_areas',1,'2011-01-25 13:35:00',1,'2011-01-25 13:35:00',0),(50,'Area Pelayanan','coverage_services',1,'2011-01-25 13:35:17',1,'2011-01-25 13:35:17',0);
/*!40000 ALTER TABLE `modules` ENABLE KEYS */;
UNLOCK TABLES;

--
-- Table structure for table `municipalities`
--

DROP TABLE IF EXISTS `municipalities`;
SET @saved_cs_client     = @@character_set_client;
SET character_set_client = utf8;
CREATE TABLE `municipalities` (
  `id` int(11) unsigned NOT NULL auto_increment,
  `province_id` smallint(3) NOT NULL,
  `name` varchar(150) NOT NULL,
  `created` datetime NOT NULL,
  `created_by` int(11) NOT NULL,
  `modified` datetime NOT NULL,
  `modified_by` int(11) NOT NULL,
  PRIMARY KEY  (`id`),
  KEY `province_id` (`province_id`)
) ENGINE=MyISAM AUTO_INCREMENT=16 DEFAULT CHARSET=latin1 COMMENT='kotamadya / kabepaten';
SET character_set_client = @saved_cs_client;

--
-- Dumping data for table `municipalities`
--

LOCK TABLES `municipalities` WRITE;
/*!40000 ALTER TABLE `municipalities` DISABLE KEYS */;
INSERT INTO `municipalities` VALUES (1,30,'Jakarta Pusat','2009-06-13 23:11:15',1,'2010-08-26 01:41:36',1),(2,30,'Jakarta Barat','2009-06-13 23:11:15',1,'2010-08-26 01:41:44',1),(3,30,'Jakarta Timur','2009-06-13 23:12:18',1,'2010-08-26 01:41:52',1),(4,30,'Jakarta Selatan','2009-06-13 23:12:18',1,'2010-08-26 01:41:59',1),(6,30,'Jakarta Utara','2009-06-14 10:59:39',1,'2010-08-26 01:42:07',1),(7,30,'Kepulauan Seribu','2009-06-17 00:40:26',1,'2010-08-26 01:42:15',1);
/*!40000 ALTER TABLE `municipalities` ENABLE KEYS */;
UNLOCK TABLES;

--
-- Table structure for table `network_sizes`
--

DROP TABLE IF EXISTS `network_sizes`;
SET @saved_cs_client     = @@character_set_client;
SET character_set_client = utf8;
CREATE TABLE `network_sizes` (
  `id` int(3) NOT NULL auto_increment,
  `name` varchar(20) NOT NULL,
  `network_type_id` int(3) NOT NULL,
  PRIMARY KEY  (`id`),
  KEY `network_type_id` (`network_type_id`)
) ENGINE=MyISAM AUTO_INCREMENT=8 DEFAULT CHARSET=latin1;
SET character_set_client = @saved_cs_client;

--
-- Dumping data for table `network_sizes`
--

LOCK TABLES `network_sizes` WRITE;
/*!40000 ALTER TABLE `network_sizes` DISABLE KEYS */;
INSERT INTO `network_sizes` VALUES (1,'4x50mm',2),(2,'4x25mm',2),(3,'4x10mm',2),(4,'4x16mm',1),(5,'3x70+50mm',1),(6,'2x16mm',1),(7,'4x35 mm',1);
/*!40000 ALTER TABLE `network_sizes` ENABLE KEYS */;
UNLOCK TABLES;

--
-- Table structure for table `network_types`
--

DROP TABLE IF EXISTS `network_types`;
SET @saved_cs_client     = @@character_set_client;
SET character_set_client = utf8;
CREATE TABLE `network_types` (
  `id` int(3) unsigned NOT NULL auto_increment,
  `code` char(1) NOT NULL,
  `name` varchar(20) NOT NULL,
  PRIMARY KEY  (`id`)
) ENGINE=MyISAM AUTO_INCREMENT=3 DEFAULT CHARSET=latin1;
SET character_set_client = @saved_cs_client;

--
-- Dumping data for table `network_types`
--

LOCK TABLES `network_types` WRITE;
/*!40000 ALTER TABLE `network_types` DISABLE KEYS */;
INSERT INTO `network_types` VALUES (1,'U','Udara'),(2,'T','Tanah');
/*!40000 ALTER TABLE `network_types` ENABLE KEYS */;
UNLOCK TABLES;

--
-- Table structure for table `panels`
--

DROP TABLE IF EXISTS `panels`;
SET @saved_cs_client     = @@character_set_client;
SET character_set_client = utf8;
CREATE TABLE `panels` (
  `id` int(11) unsigned NOT NULL auto_increment,
  `street_id` int(11) default NULL,
  `relay_id` int(11) unsigned NOT NULL,
  `parent_id` int(11) default NULL,
  `type` char(1) default 'I',
  `name` varchar(15) NOT NULL,
  PRIMARY KEY  (`id`),
  KEY `relay_id` (`relay_id`),
  KEY `parent_id` (`parent_id`),
  KEY `street_id` (`street_id`),
  KEY `street_id_2` (`street_id`)
) ENGINE=MyISAM AUTO_INCREMENT=66 DEFAULT CHARSET=latin1;
SET character_set_client = @saved_cs_client;

--
-- Dumping data for table `panels`
--

LOCK TABLES `panels` WRITE;
/*!40000 ALTER TABLE `panels` DISABLE KEYS */;
INSERT INTO `panels` VALUES (1,135,40,NULL,'I','E40PI1'),(4,160,40,1,'I','E40PI2'),(5,135,40,NULL,'P','E40PP1'),(6,160,40,NULL,'P','E40PP2'),(7,503,36,NULL,'I','E40API1'),(8,219,36,NULL,'I','E40API2'),(9,229,38,NULL,'I','E40BPI1'),(10,213,4,NULL,'I','E219PI1'),(11,213,4,NULL,'P','E219PP1'),(12,276,39,NULL,'I','E219PPI1'),(13,148,23,NULL,'I','E41PI1'),(14,268,13,NULL,'N','E39PN1'),(15,213,4,NULL,'P','E219PP2'),(16,213,13,NULL,'P','E39PP1'),(17,213,13,NULL,'I','E39PI1'),(18,213,13,NULL,'P','E39PP2'),(19,213,13,NULL,'P','E39PP3'),(20,261,46,NULL,'I','GD41PI1'),(21,344,6,NULL,'I','GD42PI1'),(22,332,42,NULL,'I','GD09CPI1'),(23,84,42,NULL,'I','GD9CPI2'),(24,39,9,NULL,'I','GD103PI1'),(25,106,47,NULL,'I','GD52PI1'),(26,350,30,NULL,'I','GD40PI1'),(27,70,35,NULL,'I','E98PI1'),(28,398,1,NULL,'I','E111PI1'),(29,235,41,NULL,'I','E32PI1'),(30,257,16,NULL,'I','E131PI1'),(31,391,17,NULL,'I','E49PI1'),(32,391,17,NULL,'P','E49PP1'),(33,18,15,NULL,'I','E100PI1'),(34,106,44,NULL,'I','GD9API'),(35,381,18,NULL,'I','E124PI1'),(36,381,18,NULL,'P','E124PP1'),(37,381,18,NULL,'P','E124PP2'),(38,103,33,NULL,'I','GD06PI1'),(39,1,33,NULL,'I','GD06PI2'),(40,1,33,NULL,'P','GD06PP1'),(41,2,14,NULL,'I','GD163PI1'),(42,2,14,NULL,'P','GD163PP1'),(43,87,34,NULL,'I','GD37PI1'),(44,263,43,NULL,'I','GD44PI1'),(45,172,26,NULL,'I','E50PI1'),(46,25,11,NULL,'I','GD236PI1'),(47,114,29,NULL,'I','GD9BPI1'),(48,482,45,NULL,'I','GD268BPI1'),(49,523,31,NULL,'I','GD217PI1'),(50,390,28,NULL,'I','E38API1'),(51,382,25,NULL,'I','E80PI1'),(63,361,27,NULL,'I','E15API1'),(53,175,24,NULL,'I','E73PI1'),(54,381,51,NULL,'I','E79PI1'),(55,381,51,NULL,'P','E79PP1'),(56,302,21,NULL,'I','GD191PPI1'),(57,270,22,NULL,'I','GD140PI1'),(58,311,12,NULL,'I','GD193NPI1'),(59,8,19,NULL,'I','GD62API1'),(60,318,20,NULL,'I','GD231PPI1'),(61,381,18,NULL,'P','E124PP3'),(62,381,18,NULL,'P','E124PP4'),(64,175,24,NULL,'P','E73PP1'),(65,175,24,NULL,'P','E73PP2');
/*!40000 ALTER TABLE `panels` ENABLE KEYS */;
UNLOCK TABLES;

--
-- Table structure for table `pillar_types`
--

DROP TABLE IF EXISTS `pillar_types`;
SET @saved_cs_client     = @@character_set_client;
SET character_set_client = utf8;
CREATE TABLE `pillar_types` (
  `id` smallint(3) NOT NULL auto_increment,
  `name` varchar(20) NOT NULL,
  PRIMARY KEY  (`id`)
) ENGINE=MyISAM AUTO_INCREMENT=12 DEFAULT CHARSET=latin1;
SET character_set_client = @saved_cs_client;

--
-- Dumping data for table `pillar_types`
--

LOCK TABLES `pillar_types` WRITE;
/*!40000 ALTER TABLE `pillar_types` DISABLE KEYS */;
INSERT INTO `pillar_types` VALUES (3,'ANTIK/KHUSUS'),(4,'TANCAP'),(5,'BASEPLATE'),(6,'CABANG 2'),(7,'CABANG 4'),(8,'CABANG 8'),(9,'PARABOLA'),(10,'Tiang PLN'),(11,'HMP');
/*!40000 ALTER TABLE `pillar_types` ENABLE KEYS */;
UNLOCK TABLES;

--
-- Table structure for table `providers`
--

DROP TABLE IF EXISTS `providers`;
SET @saved_cs_client     = @@character_set_client;
SET character_set_client = utf8;
CREATE TABLE `providers` (
  `id` int(11) NOT NULL auto_increment,
  `name` varchar(100) NOT NULL,
  `address` varchar(200) default NULL,
  PRIMARY KEY  (`id`)
) ENGINE=MyISAM AUTO_INCREMENT=3 DEFAULT CHARSET=latin1;
SET character_set_client = @saved_cs_client;

--
-- Dumping data for table `providers`
--

LOCK TABLES `providers` WRITE;
/*!40000 ALTER TABLE `providers` DISABLE KEYS */;
INSERT INTO `providers` VALUES (1,'PT. Trikarsa Mandiri Utama','JL. Cipinang Muara Raya No. 78 Jakarta Timur'),(2,'Sendiri','PoliMedia');
/*!40000 ALTER TABLE `providers` ENABLE KEYS */;
UNLOCK TABLES;

--
-- Table structure for table `provinces`
--

DROP TABLE IF EXISTS `provinces`;
SET @saved_cs_client     = @@character_set_client;
SET character_set_client = utf8;
CREATE TABLE `provinces` (
  `id` int(10) unsigned NOT NULL auto_increment,
  `code` varchar(2) default NULL,
  `name` varchar(60) default NULL,
  `created_by` varchar(60) default NULL,
  `created` datetime default NULL,
  `modified_by` varchar(60) default NULL,
  `modified` datetime default NULL,
  PRIMARY KEY  (`id`),
  KEY `name` (`name`),
  KEY `code` (`code`)
) ENGINE=MyISAM AUTO_INCREMENT=51 DEFAULT CHARSET=latin1;
SET character_set_client = @saved_cs_client;

--
-- Dumping data for table `provinces`
--

LOCK TABLES `provinces` WRITE;
/*!40000 ALTER TABLE `provinces` DISABLE KEYS */;
INSERT INTO `provinces` VALUES (1,'BB','KEPULAUAN BANGKA BELITUNG',NULL,NULL,NULL,NULL),(2,'BK','BENGKULU',NULL,NULL,NULL,NULL),(3,'BL','BALI',NULL,NULL,NULL,NULL),(4,'BT','BANTEN',NULL,NULL,NULL,NULL),(7,'CR','SULAWESI TENGGARA',NULL,NULL,NULL,NULL),(11,'JB','JAWA BARAT',NULL,NULL,NULL,NULL),(18,'KH','KALIMANTAN TENGAH',NULL,NULL,NULL,NULL),(19,'KR','KEPULAUAN RIAU',NULL,NULL,NULL,NULL),(20,'KS','KALIMANTAN SELATAN',NULL,NULL,NULL,NULL),(22,'LP','LAMPUNG',NULL,NULL,NULL,NULL),(23,'ML','MALUKU',NULL,NULL,NULL,NULL),(24,'CB','SULAWESI BARAT',NULL,NULL,NULL,NULL),(25,'CH','SULAWESI TENGAH',NULL,NULL,NULL,NULL),(26,'CS','SULAWESI SELATAN',NULL,NULL,NULL,NULL),(27,'CU','SULAWESI UTARA',NULL,NULL,NULL,NULL),(28,'GT','GORONTALO',NULL,NULL,NULL,NULL),(29,'JH','JAWA TENGAH',NULL,NULL,NULL,NULL),(30,'JK','DKI JAKARTA',NULL,NULL,'1','2011-01-21 11:39:42'),(31,'JM','JAMBI',NULL,NULL,NULL,NULL),(32,'JO','DAERAH ISTIMEWA YOGYAKARTA',NULL,NULL,NULL,NULL),(33,'JT','JAWA TIMUR',NULL,NULL,NULL,NULL),(34,'KB','KALIMANTAN BARAT',NULL,NULL,NULL,NULL),(35,'KT','KALIMANTAN TIMUR',NULL,NULL,NULL,NULL),(36,'MU','MALUKU UTARA',NULL,NULL,NULL,NULL),(37,'NA','NANGROE ACEH DARUSSALAM',NULL,NULL,NULL,NULL),(38,'NB','NUSA TENGGARA BARAT',NULL,NULL,NULL,NULL),(39,'NT','NUSA TENGGARA TIMUR',NULL,NULL,NULL,NULL),(40,'PB','PAPUA BARAT',NULL,NULL,NULL,NULL),(41,'PP','PAPUA',NULL,NULL,NULL,NULL),(42,'RI','RIAU',NULL,NULL,NULL,NULL),(43,'SB','SUMATERA BARAT',NULL,NULL,NULL,NULL),(44,'SS','SUMATERA SELATAN',NULL,NULL,NULL,NULL),(45,'SU','SUMATERA UTARA',NULL,NULL,NULL,NULL);
/*!40000 ALTER TABLE `provinces` ENABLE KEYS */;
UNLOCK TABLES;

--
-- Table structure for table `relay_types`
--

DROP TABLE IF EXISTS `relay_types`;
SET @saved_cs_client     = @@character_set_client;
SET character_set_client = utf8;
CREATE TABLE `relay_types` (
  `id` int(2) NOT NULL auto_increment,
  `name` varchar(10) NOT NULL,
  PRIMARY KEY  (`id`)
) ENGINE=MyISAM AUTO_INCREMENT=3 DEFAULT CHARSET=latin1;
SET character_set_client = @saved_cs_client;

--
-- Dumping data for table `relay_types`
--

LOCK TABLES `relay_types` WRITE;
/*!40000 ALTER TABLE `relay_types` DISABLE KEYS */;
INSERT INTO `relay_types` VALUES (1,'Induk'),(2,'Pembagi');
/*!40000 ALTER TABLE `relay_types` ENABLE KEYS */;
UNLOCK TABLES;

--
-- Table structure for table `relays`
--

DROP TABLE IF EXISTS `relays`;
SET @saved_cs_client     = @@character_set_client;
SET character_set_client = utf8;
CREATE TABLE `relays` (
  `id` int(11) unsigned NOT NULL auto_increment,
  `coverage_area_id` int(11) default NULL,
  `coverage_service_id` int(11) default NULL,
  `name` varchar(10) NOT NULL,
  `imagename` varchar(255) default NULL,
  PRIMARY KEY  (`id`),
  KEY `coverage_area_id` (`coverage_area_id`),
  KEY `coverage_service_id` (`coverage_service_id`)
) ENGINE=MyISAM AUTO_INCREMENT=52 DEFAULT CHARSET=latin1;
SET character_set_client = @saved_cs_client;

--
-- Dumping data for table `relays`
--

LOCK TABLES `relays` WRITE;
/*!40000 ALTER TABLE `relays` DISABLE KEYS */;
INSERT INTO `relays` VALUES (1,1,1,'E 111',''),(2,1,1,'E 37',''),(4,1,1,'E 219',''),(15,1,1,'E 100',''),(6,1,1,'GD 42',''),(14,1,1,'GD 163',''),(9,1,1,'GD 103',''),(10,1,1,'GD 12',''),(11,1,1,'GD 236',''),(12,1,1,'GD 193 N',''),(13,1,1,'E 39',''),(16,1,1,'E 131',''),(17,1,1,'E 49',''),(18,1,1,'E 124',''),(19,1,1,'GD 62 A',''),(20,1,1,'GD 231 P',''),(21,1,1,'GD 191 P',''),(22,1,1,'GD 140',''),(23,1,1,'E 41',''),(24,1,1,'E 73',''),(25,1,1,'E 80',''),(26,1,1,'E 50',''),(27,1,1,'E 15 A',''),(28,1,1,'E 38 A',''),(29,1,1,'GD 9 B',''),(30,1,1,'GD 40',''),(31,1,1,'GD 217',''),(33,1,1,'GD 06',''),(34,1,1,'GD 37',''),(35,1,1,'E 98',''),(36,1,1,'E 40 A',''),(38,1,1,'E 40 B',''),(39,1,1,'E 219 P',''),(40,1,1,'E 40',''),(51,1,1,'E 79',''),(41,1,1,'E 32',''),(42,1,1,'GD 9 C',''),(43,1,1,'GD 44',''),(44,1,1,'GD 9 A',''),(45,1,1,'GD 268 B',''),(46,1,1,'GD 41',''),(47,1,1,'GD 52',''),(48,1,1,'E 33',''),(49,1,1,'E 34',''),(50,1,1,'E 130','');
/*!40000 ALTER TABLE `relays` ENABLE KEYS */;
UNLOCK TABLES;

--
-- Table structure for table `relays_streets`
--

DROP TABLE IF EXISTS `relays_streets`;
SET @saved_cs_client     = @@character_set_client;
SET character_set_client = utf8;
CREATE TABLE `relays_streets` (
  `id` int(11) NOT NULL auto_increment,
  `relay_id` int(11) NOT NULL,
  `street_id` int(11) NOT NULL,
  PRIMARY KEY  (`id`),
  KEY `relay_id` (`relay_id`),
  KEY `street_id` (`street_id`)
) ENGINE=MyISAM AUTO_INCREMENT=135 DEFAULT CHARSET=latin1;
SET character_set_client = @saved_cs_client;

--
-- Dumping data for table `relays_streets`
--

LOCK TABLES `relays_streets` WRITE;
/*!40000 ALTER TABLE `relays_streets` DISABLE KEYS */;
INSERT INTO `relays_streets` VALUES (125,45,482),(119,1,339),(111,39,276),(79,4,213),(81,6,353),(124,44,106),(88,9,39),(93,10,106),(94,11,25),(92,12,324),(131,13,235),(82,15,19),(120,16,121),(90,17,134),(112,41,411),(121,19,8),(132,20,318),(98,21,302),(99,22,270),(68,23,154),(100,24,175),(101,25,382),(95,18,391),(102,26,172),(103,27,361),(104,28,390),(105,29,114),(83,30,350),(106,31,395),(134,51,381),(65,33,103),(109,34,87),(108,35,70),(123,43,501),(122,36,219),(110,38,229),(130,50,268),(129,49,257),(128,48,411),(127,47,116),(126,46,261),(118,2,87),(117,14,2),(87,40,135),(133,42,332);
/*!40000 ALTER TABLE `relays_streets` ENABLE KEYS */;
UNLOCK TABLES;

--
-- Table structure for table `service_plans`
--

DROP TABLE IF EXISTS `service_plans`;
SET @saved_cs_client     = @@character_set_client;
SET character_set_client = utf8;
CREATE TABLE `service_plans` (
  `id` int(3) NOT NULL auto_increment,
  `name` varchar(20) NOT NULL,
  `period` varchar(10) NOT NULL,
  `total_period` int(3) NOT NULL,
  PRIMARY KEY  (`id`)
) ENGINE=MyISAM AUTO_INCREMENT=5 DEFAULT CHARSET=latin1;
SET character_set_client = @saved_cs_client;

--
-- Dumping data for table `service_plans`
--

LOCK TABLES `service_plans` WRITE;
/*!40000 ALTER TABLE `service_plans` DISABLE KEYS */;
INSERT INTO `service_plans` VALUES (1,'Bulanan','month',1),(2,'Triwulan','month',3),(3,'Semester','month',6),(4,'Tahunan','month',12);
/*!40000 ALTER TABLE `service_plans` ENABLE KEYS */;
UNLOCK TABLES;

--
-- Table structure for table `site_settings`
--

DROP TABLE IF EXISTS `site_settings`;
SET @saved_cs_client     = @@character_set_client;
SET character_set_client = utf8;
CREATE TABLE `site_settings` (
  `id` smallint(6) NOT NULL auto_increment,
  `param` varchar(20) NOT NULL,
  `value` varchar(100) NOT NULL,
  PRIMARY KEY  (`id`)
) ENGINE=MyISAM AUTO_INCREMENT=9 DEFAULT CHARSET=latin1;
SET character_set_client = @saved_cs_client;

--
-- Dumping data for table `site_settings`
--

LOCK TABLES `site_settings` WRITE;
/*!40000 ALTER TABLE `site_settings` DISABLE KEYS */;
INSERT INTO `site_settings` VALUES (1,'default_lang','ind'),(2,'site_name','Suku Dinas Perindustrian & Energi Kota Administrasi Jakarta Timur'),(3,'site_address1','Jl Jatinegara Brt 142, Jatinegara, Jakarta Timur, INDONESIA  13310'),(4,'site_address2',''),(5,'site_email','admin@gedex.web.id'),(6,'site_web','sudin.web.id'),(8,'site_phone','+62 21 8504776 ');
/*!40000 ALTER TABLE `site_settings` ENABLE KEYS */;
UNLOCK TABLES;

--
-- Table structure for table `street_types`
--

DROP TABLE IF EXISTS `street_types`;
SET @saved_cs_client     = @@character_set_client;
SET character_set_client = utf8;
CREATE TABLE `street_types` (
  `id` smallint(3) unsigned NOT NULL auto_increment,
  `code` char(1) NOT NULL,
  `name` varchar(20) NOT NULL,
  `created` datetime NOT NULL,
  `created_by` int(11) NOT NULL,
  `modified` datetime NOT NULL,
  `modified_by` int(11) NOT NULL,
  PRIMARY KEY  (`id`)
) ENGINE=MyISAM AUTO_INCREMENT=4 DEFAULT CHARSET=latin1 COMMENT='tipe jalanan';
SET character_set_client = @saved_cs_client;

--
-- Dumping data for table `street_types`
--

LOCK TABLES `street_types` WRITE;
/*!40000 ALTER TABLE `street_types` DISABLE KEYS */;
INSERT INTO `street_types` VALUES (1,'P','Protokol','2009-06-14 12:54:30',1,'2009-06-14 12:54:30',0),(2,'H','Penghubung','2009-06-14 12:58:58',1,'2009-06-14 12:58:58',0),(3,'L','Lingkungan','2009-06-14 12:59:23',1,'2009-06-14 12:59:23',0);
/*!40000 ALTER TABLE `street_types` ENABLE KEYS */;
UNLOCK TABLES;

--
-- Table structure for table `streets`
--

DROP TABLE IF EXISTS `streets`;
SET @saved_cs_client     = @@character_set_client;
SET character_set_client = utf8;
CREATE TABLE `streets` (
  `id` int(11) unsigned NOT NULL auto_increment,
  `subdistrict_id` int(11) unsigned NOT NULL,
  `street_type_id` smallint(3) unsigned NOT NULL,
  `name` varchar(150) NOT NULL,
  `created` datetime NOT NULL,
  `created_by` int(11) NOT NULL,
  `modified` datetime NOT NULL,
  `modified_by` int(11) NOT NULL,
  PRIMARY KEY  (`id`),
  KEY `subdistrict_id` (`subdistrict_id`),
  KEY `street_type_id` (`street_type_id`)
) ENGINE=MyISAM AUTO_INCREMENT=554 DEFAULT CHARSET=latin1 COMMENT='nama jalan di kelurahan';
SET character_set_client = @saved_cs_client;

--
-- Dumping data for table `streets`
--

LOCK TABLES `streets` WRITE;
/*!40000 ALTER TABLE `streets` DISABLE KEYS */;
INSERT INTO `streets` VALUES (1,1,1,'Jl. Raya Bogor Km 28','2009-06-14 13:27:13',1,'2010-09-29 17:01:22',1),(2,1,1,'Jl. Raya Bogor Km 27','2010-09-29 14:53:48',1,'2011-01-25 14:19:41',1),(3,1,2,'Jl. Pekayon Raya','2010-09-29 16:12:08',1,'2011-01-25 14:36:11',1),(4,3,3,'Jl. Bakti I','2010-10-09 23:53:46',1,'2011-01-25 14:20:38',1),(5,3,3,'Jl. Bakti II','2010-10-09 23:54:27',1,'2011-01-25 14:21:00',1),(6,4,3,'Jl. Belly','2010-10-09 23:55:07',1,'2011-01-25 14:21:15',1),(7,4,3,'Jl. Bima 1','2010-10-09 23:55:34',1,'2011-01-25 14:58:32',1),(8,4,2,'Jl. Gongseng Raya Cijantung','2010-10-09 23:56:19',1,'2011-01-25 14:22:23',1),(9,5,3,'Jl. Pondok Baru I','2010-10-09 23:56:48',1,'2011-01-25 14:22:52',1),(10,5,3,'Jl. Pondok Baru II','2010-10-09 23:57:18',1,'2011-01-25 14:23:06',1),(11,5,3,'Jl. Pondok Baru III','2010-10-09 23:57:52',1,'2011-01-25 14:23:26',1),(12,5,3,'Jl. Pondok Baru IV','2010-10-09 23:58:18',1,'2011-01-25 14:23:37',1),(13,5,3,'Jl. Pondok Baru V','2010-10-09 23:58:51',1,'2011-01-25 14:23:49',1),(14,5,3,'Jl. Pondok Baru VI','2010-10-09 23:59:16',1,'2011-01-25 14:24:02',1),(15,5,3,'Jl. Pondok Baru VII','2010-10-10 00:00:09',1,'2011-01-25 14:24:12',1),(16,5,3,'Jl. Pondok Baru Raya','2010-10-10 00:00:43',1,'2011-01-25 14:24:27',1),(17,5,3,'Jl. Pondok Sari Raya','2010-10-10 00:01:13',1,'2011-01-25 14:24:44',1),(18,5,2,'Jl. Radar Raya','2010-10-23 23:37:04',1,'2011-01-25 14:26:52',1),(19,5,3,'Jl. Radar 1','2010-10-23 23:42:37',1,'2011-01-25 18:20:56',1),(20,5,3,'Jl. Radar 2','2010-10-23 23:43:15',1,'2011-01-26 16:01:33',1),(21,5,3,'Jl. Radar 3','2010-10-23 23:43:52',1,'2011-01-26 16:01:15',1),(22,5,2,'Jl. Radar Baru','2010-10-23 23:44:29',1,'2011-01-25 14:28:32',1),(432,8,3,'Jl. H. Taiman 3','2011-01-25 15:39:36',1,'2011-01-25 15:39:36',0),(426,8,3,'Jl. H. Taiman Barat Raya','2011-01-25 15:35:37',1,'2011-01-25 15:35:37',0),(25,5,2,'Jl. Kalisari 2 ','2010-10-24 10:06:20',1,'2011-01-25 14:32:29',1),(26,5,3,'Jl. Al Jauhari','2010-10-24 10:07:06',1,'2011-01-25 14:32:53',1),(27,5,3,'Jl. Baret Biru 1','2010-10-24 10:36:52',1,'2011-01-25 14:40:52',1),(427,8,3,'Jl. H. Taiman Timur Raya','2011-01-25 15:36:21',1,'2011-01-25 19:34:37',1),(399,3,3,'Jl. Batas 1','2011-01-25 12:16:16',1,'2011-01-25 12:16:16',0),(35,5,3,'Jl. Kresek Indah 2','2010-10-24 10:46:08',1,'2011-01-25 15:57:20',1),(37,5,3,'Jl. Puskesmas Kalisari','2010-10-24 10:47:41',1,'2011-01-25 18:13:14',1),(39,5,3,'Jl. Permata','2010-10-24 10:50:02',1,'2011-01-25 18:03:23',1),(452,4,3,'Jl. Mawar Biru','2011-01-25 16:47:58',1,'2011-01-25 16:47:58',0),(429,8,3,'Jl. H. Taiman Barat 2','2011-01-25 15:38:03',1,'2011-01-25 15:38:03',0),(436,8,3,'Jl. Kesehatan 4','2011-01-25 15:49:11',1,'2011-01-25 15:49:11',0),(51,5,3,'Jl. Pondok Sari 1','2010-10-24 11:02:04',1,'2011-01-25 18:19:48',1),(53,5,3,'Jl. Bendera','2010-10-24 11:04:13',1,'2011-01-25 14:45:33',1),(428,8,3,'Jl. H. Taiman Barat 1','2011-01-25 15:37:37',1,'2011-01-25 15:37:37',0),(61,3,3,'Jl. Mesjid Al Jadid 1','2010-10-24 11:11:37',1,'2011-01-25 16:51:51',1),(62,3,3,'Jl. Mesjid Al Jadid 2','2010-10-24 11:12:40',1,'2011-01-25 16:52:17',1),(65,3,3,'Jl. H. Mo\'ong','2010-10-24 11:14:59',1,'2011-01-25 19:33:05',1),(448,4,3,'Jl. Mawar Merah','2011-01-25 16:45:39',1,'2011-01-25 16:45:39',0),(69,3,3,'Jl. Sawo Dalam','2010-10-24 11:17:41',1,'2011-01-25 18:40:52',1),(70,3,3,'Jl. Kobang Diklat 1','2010-10-24 11:18:33',1,'2011-01-25 19:20:32',1),(71,3,3,'Jl. H. Remaih','2010-10-24 11:19:17',1,'2011-01-25 15:29:55',1),(460,1,3,'Jl. Eri Sutrisna','2011-01-25 18:32:34',1,'2011-01-25 18:32:34',0),(431,8,3,'Jl. H. Taiman 2','2011-01-25 15:39:07',1,'2011-01-25 15:39:07',0),(424,5,3,'Jl. Intisari I','2011-01-25 15:34:13',1,'2011-01-25 15:34:13',0),(425,5,3,'Jl. Intisari II','2011-01-25 15:34:41',1,'2011-01-25 15:34:41',0),(79,3,3,'Jl. H. Hasan 2','2010-10-24 11:25:11',1,'2011-01-25 15:40:40',1),(458,4,3,'Jl. Lebak Para Raya','2011-01-25 18:17:41',1,'2011-01-25 18:17:41',0),(84,3,3,'Jl. Rambutan','2010-10-24 11:28:30',1,'2011-01-25 18:22:09',1),(85,3,3,'Jl. Langgar','2010-10-24 11:29:04',1,'2011-01-25 16:01:31',1),(86,3,3,'Jl. Saraceen','2010-10-24 11:29:37',1,'2011-01-25 18:33:43',1),(87,1,2,'Jl. Gandaria Raya','2010-10-24 11:30:35',1,'2011-01-25 19:36:02',1),(88,1,3,'Jl. Gandaria I','2010-10-24 11:31:10',1,'2011-01-25 19:34:54',1),(89,1,3,'Jl. Gandaria II','2010-10-24 11:31:44',1,'2011-01-25 19:35:17',1),(90,1,3,'Jl. Gandaria III','2010-10-24 11:32:24',1,'2011-01-25 19:35:35',1),(91,1,3,'Jl. Telaga','2010-10-24 11:32:56',1,'2011-01-25 18:57:39',1),(459,5,3,'Jl. Rambutan','2011-01-25 18:22:39',1,'2011-01-25 18:22:39',0),(94,1,3,'Jl. Kelurahan Pekayon','2010-10-24 11:35:34',1,'2011-01-25 15:46:24',1),(95,1,3,'Jl. Madrasah','2010-10-24 11:36:13',1,'2011-01-25 16:32:05',1),(96,1,3,'Jl. Lapan Pekayon','2010-10-24 11:36:51',1,'2011-01-25 16:00:36',1),(97,1,3,'Jl. H. Balok','2010-10-24 11:37:24',1,'2011-01-25 15:23:27',1),(98,1,3,'Jl. H. Sabeni','2010-10-24 11:38:08',1,'2011-01-25 15:27:04',1),(437,4,3,'Jl. Kramat 3','2011-01-25 15:56:22',1,'2011-01-25 15:56:22',0),(101,1,3,'Gg. Buah','2010-10-24 11:41:08',1,'2010-10-24 11:41:08',0),(486,5,3,'Jl. Saorma','2011-01-25 19:58:33',1,'2011-01-25 19:58:33',0),(103,1,3,'Komplek Batalion 201','2010-10-24 11:42:55',1,'2010-10-24 11:42:55',0),(106,1,2,'Jl. Kalisari Lapan','2010-10-24 11:45:35',1,'2011-01-25 16:09:40',1),(107,1,3,'Jl. Sawi','2010-10-24 11:46:12',1,'2011-01-25 18:39:48',1),(108,1,3,'Jl. Lewa','2010-10-24 11:46:47',1,'2011-01-25 16:30:25',1),(109,1,3,'Jl. Lapan','2010-10-24 11:47:21',1,'2011-01-25 16:00:03',1),(110,1,3,'Jl. Lapan 1','2010-10-24 11:48:06',1,'2011-01-25 16:00:23',1),(111,1,3,'Jl. Lapan 2','2010-10-24 11:48:52',1,'2011-01-25 15:59:49',1),(112,1,3,'Jl. Rimbani 1','2010-10-24 11:49:29',1,'2011-01-25 18:48:18',1),(113,1,3,'Jl. Rimbani 2','2010-10-24 11:49:58',1,'2011-01-25 18:31:49',1),(114,1,3,'Komplek Zeni Pekayon','2010-10-24 11:50:46',1,'2010-10-24 11:50:46',0),(115,1,3,'Jl. Lingkar','2010-10-24 11:51:30',1,'2011-01-25 16:30:51',1),(116,1,3,'Jl. Lapan Raya','2010-10-24 11:52:11',1,'2011-01-25 16:02:04',1),(117,1,3,'Jl. Lapan 5','2010-10-24 11:52:57',1,'2011-01-25 16:02:54',1),(120,1,3,'Jl. Balai Kimia','2010-10-24 11:55:00',1,'2011-01-25 14:39:51',1),(121,4,3,'Jl. Bermis Kopassus 2','2010-10-24 11:57:45',1,'2011-01-26 15:54:43',1),(456,4,3,'Jl. R. A. Fadillah 2','2011-01-25 18:15:37',1,'2011-01-25 18:15:37',0),(462,3,3,'Jl. Kobang Diklat 2','2011-01-25 19:20:57',1,'2011-01-25 19:20:57',0),(126,8,3,'Jl. Remaja 2','2010-10-24 12:04:09',1,'2011-01-25 16:35:43',1),(131,8,3,'Jl. H. Nasih','2010-10-24 12:09:03',1,'2011-01-25 18:53:14',1),(132,8,3,'Jl. Kalimantan I','2010-10-24 12:09:52',1,'2011-01-25 18:57:58',1),(484,5,3,'Jl. Kemang','2011-01-25 19:57:27',1,'2011-01-26 15:56:44',1),(134,8,1,'Jl. Mahoni Raya','2010-10-24 12:11:11',1,'2011-01-25 19:02:26',1),(135,8,1,'Jl. Jati Graha','2010-10-24 12:12:00',1,'2011-01-25 18:55:44',1),(137,8,3,'Jl. Kaca Piring','2010-10-24 12:13:24',1,'2011-01-25 18:56:57',1),(138,8,3,'Jl. Anyelir','2010-10-24 12:14:41',1,'2011-01-25 18:44:02',1),(139,8,3,'Jl. Dahlia','2010-10-24 12:15:14',1,'2011-01-25 18:47:44',1),(140,8,3,'Jl. Bungur','2010-10-24 12:15:42',1,'2011-01-25 18:46:46',1),(141,8,3,'Jl. Mawar','2010-10-24 12:16:02',1,'2011-01-25 19:04:29',1),(142,8,3,'Jl. Flamboyan','2010-10-24 12:16:55',1,'2011-01-25 18:48:02',1),(143,8,3,'Jl. Cemara','2010-10-24 12:17:34',1,'2011-01-25 18:47:05',1),(144,8,3,'Jl. Rasamala 1','2010-10-24 12:18:04',1,'2011-01-25 19:51:05',1),(145,8,3,'Jl. Cempaka','2010-10-24 12:18:32',1,'2011-01-25 18:47:27',1),(146,8,3,'Jl. Johar','2010-10-24 12:18:53',1,'2011-01-25 18:56:42',1),(147,8,3,'Jl. Tanjung','2010-10-24 12:19:22',1,'2011-01-25 19:12:57',1),(148,8,3,'Jl. Hebras','2010-10-24 12:20:24',1,'2011-01-25 19:05:50',1),(149,8,3,'Jl. Terate','2010-10-24 12:20:58',1,'2011-01-25 19:11:35',1),(150,8,3,'Jl. Nusa Indah','2010-10-24 12:21:30',1,'2011-01-25 19:08:01',1),(152,8,3,'Jl. Anggrek','2010-10-24 12:26:12',1,'2011-01-25 18:42:46',1),(153,8,3,'Jl. Radiol','2010-10-24 12:26:47',1,'2011-01-25 19:10:31',1),(154,8,3,'Jl. Kenanga','2010-10-24 12:27:25',1,'2011-01-25 19:00:02',1),(155,8,3,'Jl. Sedap Malam','2010-10-24 12:28:02',1,'2011-01-25 19:17:04',1),(156,8,3,'Jl. Jeunjing','2010-10-24 12:28:41',1,'2011-01-25 18:52:47',1),(157,8,3,'Jl. Melati','2010-10-24 12:29:17',1,'2011-01-25 19:05:05',1),(158,8,3,'Jl. Bougenvile','2010-10-24 12:30:07',1,'2011-01-25 18:46:30',1),(159,8,3,'Jl. Sri Rejeki','2010-10-24 12:30:52',1,'2011-01-25 19:13:39',1),(160,8,1,'Jl. Sederhana Raya','2010-10-24 12:31:40',1,'2011-01-25 19:17:53',1),(161,8,3,'Jl. Sederhana 1','2010-10-24 12:32:41',1,'2011-01-25 19:16:48',1),(162,8,3,'Jl. Sederhana 2','2010-10-24 12:33:13',1,'2011-01-25 19:16:23',1),(163,8,3,'Jl. Sederhana 3','2010-10-24 12:33:50',1,'2011-01-25 19:15:58',1),(164,8,3,'Jl. Sederhana 4','2010-10-24 12:34:25',1,'2011-01-25 19:15:38',1),(165,8,3,'Jl. Sederhana 5','2010-10-24 12:34:58',1,'2011-01-25 19:15:00',1),(166,8,3,'Jl. Sederhana 6','2010-10-24 12:35:35',1,'2011-01-25 19:14:39',1),(167,8,3,'Jl. Sederhana 7','2010-10-24 12:36:12',1,'2011-01-25 19:14:21',1),(168,8,3,'Jl. Sederhana 8','2010-10-24 12:37:31',1,'2011-01-25 19:14:02',1),(172,8,3,'Komplek Rindam Condet','2010-10-24 12:40:08',1,'2011-01-25 15:53:08',1),(173,8,3,'Jl. Dana Karya','2010-10-24 12:40:38',1,'2011-01-25 15:05:20',1),(174,8,3,'Jl. Dana Prasetya','2010-10-24 12:41:44',1,'2011-01-25 15:05:35',1),(175,8,3,'Komplek Depsos Pasar Rebo','2010-10-24 12:42:28',1,'2010-10-24 12:42:28',0),(487,5,3,'Jl. H. Uding','2011-01-25 19:59:48',1,'2011-01-25 19:59:48',0),(183,8,3,'Jl. SMU 104','2010-10-24 12:48:07',1,'2011-01-25 19:06:32',1),(469,1,3,'Jl. Tipar Utara','2011-01-25 19:41:13',1,'2011-01-25 19:41:13',0),(472,3,3,'Komplek Kelurahan Baru','2011-01-25 19:46:33',1,'2011-01-25 19:46:33',0),(463,8,3,'Komplek Depkeu Gedong','2011-01-25 19:23:58',1,'2011-01-25 19:23:58',0),(465,3,3,'Komplek Pomad Cijantung 3','2011-01-25 19:26:46',1,'2011-01-25 19:26:46',0),(467,1,3,'Jl. H. Makmun','2011-01-25 19:29:38',1,'2011-01-25 19:29:38',0),(468,4,3,'Jl. Darma 11','2011-01-25 19:31:32',1,'2011-01-25 19:31:32',0),(464,3,3,'Komplek Madit Hubad','2011-01-25 19:25:27',1,'2011-01-25 19:25:27',0),(471,8,3,'Komplek Kelurahan Gedong','2011-01-25 19:45:59',1,'2011-01-25 19:45:59',0),(481,5,3,'Jl. Rahayu','2011-01-25 19:55:24',1,'2011-01-25 19:55:24',0),(480,8,3,'Jl. Surilang','2011-01-25 19:54:14',1,'2011-01-25 19:54:14',0),(479,8,3,'Jl. Pasar Cijantung','2011-01-25 19:52:57',1,'2011-01-25 19:52:57',0),(478,8,3,'Jl. Bakung','2011-01-25 19:52:04',1,'2011-01-25 19:52:04',0),(476,8,3,'Jl. Beringin Raya','2011-01-25 19:50:06',1,'2011-01-25 20:29:24',1),(477,8,3,'Jl. Rasamala 2','2011-01-25 19:50:45',1,'2011-01-26 16:02:19',1),(212,4,3,'Jl. Pure Tirta Yudha ','2010-11-12 03:13:08',1,'2011-01-25 18:12:27',1),(213,4,1,'Jl. R A Fadillah','2010-11-12 03:16:35',1,'2011-01-25 18:13:35',1),(446,4,3,'Jl. Lebak Para 2','2011-01-25 16:27:41',1,'2011-01-25 16:27:41',0),(215,4,3,'Jl. Masalembo','2010-11-12 03:17:50',1,'2010-11-12 03:17:50',0),(216,4,3,'Jl. Pendidikan 1','2010-11-12 03:18:29',1,'2011-01-25 18:01:39',1),(494,5,3,'Jl. Jaya Sakti 5','2011-01-25 20:04:38',1,'2011-01-25 20:04:38',0),(219,4,3,'Jl. Eka Darma','2010-11-12 03:19:56',1,'2010-11-12 03:19:56',0),(221,4,3,'Jl. Pedati Selatan','2010-11-12 03:20:53',1,'2010-11-12 03:20:53',0),(222,4,3,'Jl. Pedati Utara','2010-11-12 03:21:18',1,'2010-11-12 03:21:18',0),(223,4,3,'Jl. Kamboja Raya','2010-11-12 03:21:48',1,'2010-11-12 03:21:48',0),(224,4,3,'Jl. Kamboja Dalam','2010-11-12 03:25:47',1,'2010-11-12 03:25:47',0),(225,4,3,'Jl. Kramat 1','2010-11-12 03:26:33',1,'2011-01-25 15:55:36',1),(227,4,3,'Jl. Lebak Indah','2010-11-12 03:27:39',1,'2011-01-25 16:26:59',1),(495,5,3,'Jl. Damai','2011-01-25 20:05:21',1,'2011-01-25 20:05:21',0),(229,4,2,'Jl. Pertengahan','2010-11-12 03:29:55',1,'2011-01-25 18:05:34',1),(230,4,3,'Jl. Salam I','2010-11-12 03:30:36',1,'2010-11-12 03:30:36',0),(231,4,3,'Jl. Salam II','2010-11-12 03:31:11',1,'2010-11-12 03:31:11',0),(232,4,3,'Jl. Salam III','2010-11-12 03:31:36',1,'2010-11-12 03:31:36',0),(233,4,3,'Jl. Salam IV','2010-11-12 03:32:08',1,'2010-11-12 03:32:08',0),(234,4,3,'Jl. Salam VI','2010-11-12 03:32:46',1,'2010-11-12 03:32:46',0),(235,4,3,'Komplek Kopassus Pos II','2010-11-12 03:33:33',1,'2011-01-25 19:22:47',1),(461,4,3,'Jl. Salam V','2011-01-25 18:34:50',1,'2011-01-25 18:34:50',0),(237,4,3,'Jl. Satya 3','2010-11-12 03:34:38',1,'2010-11-12 03:37:18',1),(239,4,3,'Jl. Satya 6','2010-11-12 03:35:33',1,'2010-11-12 03:37:43',1),(241,4,3,'Jl. Satya 8','2010-11-12 03:36:41',1,'2010-11-12 03:36:41',0),(488,5,3,'Jl. H. Mumin','2011-01-25 20:00:51',1,'2011-01-25 20:00:51',0),(491,5,3,'Jl. Jaya Sakti 2','2011-01-25 20:03:07',1,'2011-01-26 15:54:20',1),(242,4,3,'Jl. Satya 9','2010-11-12 03:38:26',1,'2010-11-12 03:38:26',0),(243,4,3,'Jl. Satya 10','2010-11-12 03:39:02',1,'2010-11-12 03:39:02',0),(245,4,3,'Jl. Darma 2','2010-11-12 03:40:05',1,'2010-11-12 03:40:05',0),(246,4,3,'Jl. Darma 3','2010-11-12 03:40:29',1,'2010-11-12 03:40:29',0),(248,4,3,'Jl. Darma 5','2010-11-12 03:41:21',1,'2010-11-12 03:41:21',0),(249,4,3,'Jl. Darma 6','2010-11-12 03:41:44',1,'2010-11-12 03:41:44',0),(250,4,3,'Jl. Darma 7','2010-11-12 03:42:06',1,'2010-11-12 03:42:06',0),(253,4,3,'Jl. Darma 10','2010-11-12 03:43:14',1,'2010-11-12 03:43:14',0),(254,4,3,'Jl. Darma 12','2010-11-12 03:43:44',1,'2010-11-12 03:43:44',0),(255,4,3,'Jl. Darma 9','2010-11-12 03:44:11',1,'2011-01-25 15:07:16',1),(256,4,3,'Jl. Darma 8','2010-11-12 03:44:42',1,'2011-01-25 15:08:05',1),(257,4,3,'Jl. Darma 1','2010-11-12 03:45:12',1,'2011-01-25 15:09:58',1),(259,4,3,'Jl. Darma 4','2010-11-12 03:46:04',1,'2011-01-25 15:09:28',1),(438,4,3,'Jl. Kramat 4','2011-01-25 15:56:44',1,'2011-01-25 15:56:44',0),(261,5,3,'Jl. Pembina H. Hasan','2010-11-12 08:28:37',1,'2010-11-12 08:28:37',0),(263,5,2,'Jl. Kalisari Raya','2010-11-12 08:58:14',1,'2011-01-26 17:56:15',1),(406,5,3,'Jl. Batas 2','2011-01-25 14:44:20',1,'2011-01-25 14:44:20',0),(266,5,3,'Jl. Baret Biru 2','2010-11-12 09:02:55',1,'2010-11-12 09:02:55',0),(267,5,2,'Jl. Baret Biru 3','2010-11-12 09:05:15',1,'2010-11-12 09:05:15',0),(268,4,3,'Komplek Kopassus Pos I','2010-11-14 22:31:38',1,'2011-01-25 19:22:23',1),(269,4,3,'Jl. Bermis Kopassus 1','2010-11-14 22:33:47',1,'2011-01-25 14:59:20',1),(270,4,3,'Jl. Bengrah','2010-11-14 22:34:42',1,'2010-11-14 22:34:42',0),(272,4,3,'Jl. Pule ','2010-11-14 22:37:32',1,'2011-01-25 18:11:44',1),(273,4,3,'Komplek Paldam Jaya','2010-11-14 23:54:21',1,'2011-01-25 16:20:16',1),(274,3,1,'Jl. R. A. Fadillah','2010-11-14 23:54:54',1,'2011-01-25 18:14:02',1),(275,5,1,'Jl. R. A. Fadillah ','2010-11-14 23:55:43',1,'2011-01-25 18:14:30',1),(276,3,3,'Komplek Tribuana','2010-11-14 23:56:38',1,'2011-01-25 15:55:14',1),(279,4,3,'Jl. Pendidikan 2','2010-11-15 00:06:37',1,'2011-01-25 18:01:56',1),(281,4,3,'Jl. Selayar','2010-11-15 00:08:02',1,'2010-11-15 00:08:02',0),(283,4,3,'Jl. H. Muin','2010-11-15 00:11:09',1,'2010-11-15 00:11:09',0),(447,8,3,'Jl. Pedati Gedong','2011-01-25 16:44:08',1,'2011-01-25 16:44:08',0),(434,8,3,'Jl. Kesehatan 2','2011-01-25 15:47:55',1,'2011-01-25 15:47:55',0),(287,4,3,'Jl. Kramat 2','2010-11-15 00:15:33',1,'2011-01-25 15:55:51',1),(288,4,3,'Jl. Lebak Sawah','2010-11-15 00:16:09',1,'2010-11-15 00:16:09',0),(289,4,3,'Jl. Pendidikan 3','2010-11-15 00:16:39',1,'2011-01-25 18:02:14',1),(451,4,3,'Jl. Mawar Kuning','2011-01-25 16:47:11',1,'2011-01-25 16:47:11',0),(430,8,3,'Jl. H. Taiman 1','2011-01-25 15:38:39',1,'2011-01-25 15:38:39',0),(450,4,3,'Jl. Mawar Jingga','2011-01-25 16:46:33',1,'2011-01-25 16:46:33',0),(297,4,3,'Jl. Pondok Baru Raya','2010-11-15 00:24:22',1,'2010-11-15 00:24:22',0),(298,4,3,'Jl. Pondok Sari Raya','2010-11-15 00:25:04',1,'2010-11-15 00:25:04',0),(299,4,3,'Jl. Lebak Para 1','2010-11-15 00:25:40',1,'2011-01-25 16:27:19',1),(300,5,3,'Jl. Kenanga 1','2010-11-15 00:27:04',1,'2011-01-25 15:51:35',1),(302,4,3,'Jl. Asem','2010-11-15 00:28:54',1,'2011-01-25 14:38:26',1),(303,4,3,'Jl. Pasar Buah','2010-11-15 00:29:31',1,'2011-01-25 15:00:59',1),(304,5,3,'Jl. Melati','2010-11-15 00:30:57',1,'2010-11-15 00:30:57',0),(435,8,3,'Jl. Kesehatan 3','2011-01-25 15:48:40',1,'2011-01-25 15:48:40',0),(306,5,3,'Jl. Kirai  Indah','2010-11-15 00:32:26',1,'2010-11-15 00:32:26',0),(307,4,3,'Jl. Mawar','2010-11-15 00:32:54',1,'2011-01-25 16:45:11',1),(308,5,3,'Jl. Menara','2010-11-15 00:33:33',1,'2010-11-15 00:33:33',0),(309,5,3,'Jl. Guru Sirih I','2010-11-15 00:34:30',1,'2010-11-15 00:34:30',0),(310,5,3,'Jl. Guru Sirih II','2010-11-15 00:35:40',1,'2010-11-15 00:35:40',0),(311,5,3,'Jl. Guru Sirih Raya','2010-11-15 00:36:28',1,'2010-11-15 00:36:28',0),(439,5,3,'Jl. Kresek Indah 3','2011-01-25 15:57:57',1,'2011-01-25 15:57:57',0),(315,4,3,'Jl. Bendera','2010-11-15 00:39:30',1,'2011-01-25 14:44:59',1),(316,5,3,'Jl. H. Enjong','2010-11-15 00:40:02',1,'2010-11-15 00:40:02',0),(317,5,3,'Jl. Intisari III','2010-11-15 00:40:41',1,'2010-11-15 00:40:41',0),(318,5,3,'Jl. Intisari Raya','2010-11-15 00:41:12',1,'2010-11-15 00:41:12',0),(319,5,3,'Jl. Lebak Sari','2010-11-15 00:41:56',1,'2010-11-15 00:41:56',0),(320,5,3,'Jl. Lingkar Sari','2010-11-15 00:42:25',1,'2010-11-15 00:42:25',0),(321,5,3,'Jl. SMU 98','2010-11-15 00:42:52',1,'2010-11-15 00:42:52',0),(322,5,3,'Jl. Gardu','2010-11-15 00:43:24',1,'2010-11-15 00:43:24',0),(323,5,3,'Jl. H. Jimmy','2010-11-15 00:43:51',1,'2010-11-15 00:43:51',0),(324,5,2,'Jl. Kalisari 3','2010-11-15 00:44:54',1,'2011-01-25 15:43:33',1),(326,5,2,'Jl. Baret Biru 4','2010-11-15 00:46:25',1,'2011-01-25 14:42:21',1),(327,5,3,'Jl. Bumi Indah','2010-11-15 00:47:10',1,'2010-11-15 00:47:10',0),(328,5,3,'Jl. H. Jaha','2010-11-15 00:48:22',1,'2010-11-15 00:48:22',0),(330,5,3,'Jl. Kemuning','2010-11-15 00:49:38',1,'2010-11-15 00:49:38',0),(331,5,3,'Jl. Kresek Indah 1 ','2010-11-15 00:50:17',1,'2011-01-25 15:57:02',1),(332,5,3,'Jl. Lestari','2010-11-15 00:50:52',1,'2010-11-15 00:50:52',0),(473,3,3,'Jl. Rejeki','2011-01-25 19:47:32',1,'2011-01-25 19:47:32',0),(474,8,3,'Jl. Mahoni 1','2011-01-25 19:48:17',1,'2011-01-25 19:48:17',0),(475,8,3,'Jl. Mahoni 2','2011-01-25 19:48:48',1,'2011-01-26 15:58:59',1),(337,3,3,'Jl. Roda Jaya ','2010-11-15 00:55:58',1,'2011-01-25 18:30:53',1),(339,3,3,'Komplek Perum Yonkav 7','2010-11-15 00:57:34',1,'2011-01-25 19:42:31',1),(340,3,3,'Jl. Stadion Mini','2010-11-15 00:58:15',1,'2010-11-15 00:58:15',0),(341,3,3,'Jl. Al Jadid I','2010-11-15 01:00:48',1,'2010-11-15 01:00:48',0),(342,3,3,'Jl. Al Jadid II','2010-11-15 01:01:26',1,'2010-11-15 01:01:26',0),(343,3,3,'Jl. Cendana','2010-11-15 01:03:07',1,'2010-11-15 01:03:07',0),(344,3,3,'Jl. H. Hasan Raya ','2010-11-15 01:03:38',1,'2011-01-25 15:32:32',1),(346,3,3,'Jl. Nusa Indah','2010-11-15 01:05:03',1,'2010-11-15 01:05:03',0),(347,5,3,'Jl. Peternakan','2010-11-15 01:06:00',1,'2011-01-25 18:06:19',1),(348,3,3,'Jl. Sawo','2010-11-15 01:06:43',1,'2010-11-15 01:06:43',0),(350,3,2,'Jl. Gongseng Raya Baru','2010-11-15 01:07:48',1,'2011-01-25 14:42:55',1),(351,3,3,'Jl. Gotong Royong','2010-11-15 01:08:24',1,'2010-11-15 01:08:24',0),(352,3,3,'Jl. Serbaguna','2010-11-15 01:09:02',1,'2010-11-15 01:09:02',0),(353,5,3,'Jl. H. Hasan Raya','2010-11-15 01:10:15',1,'2011-01-25 15:32:52',1),(355,3,3,'Jl. H. Hasan 1','2010-11-15 01:11:22',1,'2011-01-25 15:40:59',1),(356,3,3,'Jl. Pembina 1','2010-11-15 01:11:49',1,'2011-01-25 17:59:51',1),(357,3,3,'Jl. Pembina 2','2010-11-15 01:12:14',1,'2011-01-25 17:59:37',1),(358,3,3,'Jl. Pembina 3','2010-11-15 01:12:44',1,'2011-01-25 18:00:19',1),(457,4,3,'Jl. R. A. Fadillah 3','2011-01-25 18:16:00',1,'2011-01-25 18:16:00',0),(493,5,3,'Jl. Jaya Sakti 4','2011-01-25 20:04:11',1,'2011-01-25 20:04:11',0),(361,8,2,'Jl. Raya Tengah','2010-11-15 01:19:51',1,'2011-01-25 18:30:18',1),(362,8,3,'Jl. Remaja 1','2010-11-15 01:20:55',1,'2011-01-25 16:36:20',1),(449,4,3,'Jl. Mawar putih','2011-01-25 16:45:59',1,'2011-01-25 16:45:59',0),(364,8,3,'Gg. Rukun','2010-11-15 01:26:45',1,'2010-11-15 01:26:45',0),(365,8,3,'Jl. Waru','2010-11-15 01:27:18',1,'2010-11-15 01:27:18',0),(366,8,3,'Jl. Ujung Gedong','2010-11-15 01:31:42',1,'2010-11-15 01:31:42',0),(485,5,3,'Jl. Nilam Sari','2011-01-25 19:58:04',1,'2011-01-25 19:58:04',0),(368,8,3,'Jl. Kalimantan II','2010-11-15 01:32:51',1,'2010-11-15 01:32:51',0),(482,5,3,'Jl. Manunggal Bakti','2011-01-25 19:56:11',1,'2011-01-26 15:58:22',1),(371,8,3,'Komplek KPAD ','2010-11-15 01:35:10',1,'2011-01-25 19:21:37',1),(483,5,3,'Jl. Bambu Indah','2011-01-25 19:56:55',1,'2011-01-25 23:37:07',1),(373,8,3,'Jl. Meranti','2010-11-15 01:36:57',1,'2011-01-25 16:34:52',1),(374,8,2,'Jl. Condet Raya','2010-11-15 01:37:37',1,'2010-11-15 01:37:37',0),(375,8,3,'Jl. Masjid Gedong','2010-11-15 01:38:33',1,'2011-01-25 16:33:12',1),(380,8,3,'Jl. Depsos','2010-11-15 01:41:52',1,'2010-11-15 01:41:52',0),(381,8,1,'Jl. T. B. Simatupang','2010-11-15 01:42:30',1,'2010-11-15 01:42:30',0),(382,8,2,'Jl. Trikora Raya','2010-11-15 01:43:15',1,'2010-11-15 01:43:15',0),(383,8,3,'Jl. Trikora I','2010-11-15 01:43:46',1,'2010-11-15 01:43:46',0),(384,8,3,'Jl. Trikora II','2010-11-15 01:45:30',1,'2010-11-15 01:45:30',0),(385,8,3,'Jl. Trikora III','2010-11-15 01:46:19',1,'2011-01-25 18:42:00',1),(386,8,3,'Jl. H. Taiman Raya','2010-11-15 01:46:54',1,'2010-11-15 01:46:54',0),(466,1,3,'Jl. SMU 106','2011-01-25 19:28:35',1,'2011-01-25 19:28:35',0),(390,8,3,'Komplek Zeni Gedong','2010-11-15 01:49:11',1,'2011-01-25 19:19:35',1),(391,8,1,'Jl. Kesehatan Raya','2010-11-15 01:50:17',1,'2011-01-25 15:48:14',1),(392,8,3,'Jl. Kesehatan 1','2010-11-15 01:51:02',1,'2011-01-25 15:47:07',1),(393,1,2,'Jl. Lapangan Tembak','2010-11-15 21:45:15',1,'2010-11-15 21:45:15',0),(407,4,3,'Jl. Bermis Kopassus 3','2011-01-25 14:47:28',1,'2011-01-25 14:47:28',0),(395,1,3,'Jl. Tipar Selatan','2010-11-15 21:46:29',1,'2010-11-15 21:46:29',0),(397,1,3,'Jl. SMU 99','2010-11-15 21:48:27',1,'2011-01-25 19:06:51',1),(398,3,3,'Komplek Yonkav 7','2011-01-21 11:15:47',1,'2011-01-21 11:15:47',0),(400,5,3,'Jl. Batas Barat','2011-01-25 12:18:50',1,'2011-01-25 14:43:47',1),(455,4,3,'Jl. R. A. Fadillah 1','2011-01-25 18:15:09',1,'2011-01-25 18:15:09',0),(402,5,3,'Jl. Pondok Sari 2','2011-01-25 14:26:22',1,'2011-01-25 16:21:10',1),(403,5,3,'Jl. Radar 4','2011-01-25 14:29:09',1,'2011-01-25 14:29:09',0),(404,5,3,'Jl. Radar 5','2011-01-25 14:30:28',1,'2011-01-25 14:30:28',0),(405,5,3,'Jl. Radar 6','2011-01-25 14:30:52',1,'2011-01-25 14:30:52',0),(408,4,3,'Jl. Bermis Kopassus 4','2011-01-25 14:47:57',1,'2011-01-25 14:47:57',0),(409,4,3,'Jl. Bermis Kopassus 5','2011-01-25 14:48:31',1,'2011-01-25 14:48:31',0),(410,4,3,'Jl. Bermis Kopassus 6','2011-01-25 14:48:58',1,'2011-01-25 14:48:58',0),(411,4,3,'Jl. Satya 1','2011-01-25 14:49:57',1,'2011-01-25 14:49:57',0),(412,4,3,'Jl. Satya 2','2011-01-25 14:50:51',1,'2011-01-25 14:50:51',0),(492,5,3,'Jl. Jaya Sakti 3','2011-01-25 20:03:33',1,'2011-01-26 15:54:01',1),(414,4,3,'Jl. Satya 4','2011-01-25 14:52:29',1,'2011-01-25 14:52:29',0),(415,4,3,'Jl. Satya 5','2011-01-25 14:53:02',1,'2011-01-25 14:53:02',0),(417,4,3,'Jl. Satya 7','2011-01-25 14:53:56',1,'2011-01-25 14:53:56',0),(489,5,3,'Jl. Jaya Sakti 1','2011-01-25 20:01:48',1,'2011-01-26 15:53:42',1),(490,5,3,'Jl. Jaya Sakti 2A','2011-01-25 20:02:35',1,'2011-01-25 20:02:35',0),(421,4,3,'Jl. Satya 11','2011-01-25 14:55:43',1,'2011-01-25 14:55:43',0),(422,4,3,'Jl. Satya 12','2011-01-25 14:56:08',1,'2011-01-25 14:56:08',0),(423,4,3,'Jl. Bima 2','2011-01-25 14:57:49',1,'2011-01-25 14:57:49',0),(440,1,3,'Jl. Lapan 3','2011-01-25 15:59:32',1,'2011-01-25 15:59:32',0),(441,1,3,'Jl. Lapan 4','2011-01-25 16:03:36',1,'2011-01-25 16:03:36',0),(442,1,3,'Komplek Lapan','2011-01-25 16:04:20',1,'2011-01-25 16:04:20',0),(443,1,3,'Komplek Binamarga','2011-01-25 16:06:18',1,'2011-01-25 16:06:18',0),(444,1,3,'Komplek Kec. Pasar Rebo','2011-01-25 16:07:12',1,'2011-01-25 16:07:12',0),(445,1,2,'Jl. Kalisari Pekayon','2011-01-25 16:08:54',1,'2011-01-25 16:08:54',0),(453,4,3,'Jl. Ela Jaya','2011-01-25 16:50:05',1,'2011-01-25 16:50:05',0),(496,5,3,'Jl. SMP 179','2011-01-25 20:05:48',1,'2011-01-25 20:05:48',0),(497,5,3,'Jl. Jatayu','2011-01-25 20:06:22',1,'2011-01-26 15:53:22',1),(498,5,3,'Jl. Dridarma','2011-01-25 20:06:52',1,'2011-01-25 20:06:52',0),(499,5,3,'Jl. Nilam Sari 1','2011-01-25 20:07:18',1,'2011-01-25 20:07:18',0),(500,5,3,'Jl. Nilam Sari 2','2011-01-25 20:07:42',1,'2011-01-25 20:07:42',0),(501,5,3,'Komplek Brigif Jaya Sakti','2011-01-25 20:08:33',1,'2011-01-25 20:09:16',1),(502,4,3,'Komplek Denzipur 3','2011-01-25 20:10:14',1,'2011-01-25 20:10:14',0),(503,4,3,'Jl. Pangudi Luhur','2011-01-25 20:10:50',1,'2011-01-25 20:10:50',0),(504,4,3,'Jl. Sukarela','2011-01-25 20:11:25',1,'2011-01-26 16:04:54',1),(505,4,3,'Jl. Swadaya','2011-01-25 20:12:12',1,'2011-01-25 20:12:12',0),(506,4,3,'Jl. H. Jipin','2011-01-25 20:12:49',1,'2011-01-25 20:12:49',0),(507,4,3,'Jl. Palem','2011-01-25 20:13:40',1,'2011-01-25 20:13:40',0),(508,4,3,'Jl. Kameli 1','2011-01-25 20:14:30',1,'2011-01-25 20:14:30',0),(509,4,3,'Jl. Karya Bakti 3','2011-01-25 20:14:59',1,'2011-01-25 20:14:59',0),(510,4,3,'Jl. Ikhlas 1','2011-01-25 20:15:35',1,'2011-01-25 20:15:35',0),(511,4,3,'Jl. Permata Indah 1','2011-01-25 20:17:03',1,'2011-01-25 20:17:03',0),(512,4,3,'Jl. Permata Indah 2','2011-01-25 20:17:41',1,'2011-01-25 20:17:41',0),(513,4,3,'Jl. Permata Indah 3','2011-01-25 20:18:24',1,'2011-01-25 20:18:24',0),(514,4,3,'Jl. Permata Indah 4','2011-01-25 20:18:51',1,'2011-01-25 20:18:51',0),(515,4,3,'Jl. H. Niman','2011-01-25 20:19:51',1,'2011-01-25 20:19:51',0),(516,3,3,'Jl. H. Mughni','2011-01-25 20:21:42',1,'2011-01-25 20:21:42',0),(517,4,3,'Komplek Kelurahan Cijantung','2011-01-25 20:22:44',1,'2011-01-25 20:22:44',0),(518,3,3,'Gg. Baru','2011-01-25 20:28:02',1,'2011-01-25 20:28:02',0),(519,3,3,'Jl. Candraga Raya','2011-01-25 20:30:17',1,'2011-01-25 20:30:17',0),(520,3,3,'Jl. Candraga 1','2011-01-25 20:30:47',1,'2011-01-25 20:30:47',0),(521,4,3,'Jl. Pandan Alas','2011-01-25 20:31:58',1,'2011-01-25 20:31:58',0),(522,5,3,'Jl. Kenanga 2','2011-01-25 20:33:25',1,'2011-01-25 20:33:25',0),(523,1,3,'Jl. Tipar Raya','2011-01-25 20:35:28',1,'2011-01-25 20:35:28',0),(524,5,3,'Jl. Sawit Raya','2011-01-25 20:36:42',1,'2011-01-25 20:36:42',0),(525,5,3,'Jl. Sawit 1','2011-01-25 20:37:04',1,'2011-01-25 20:37:04',0),(526,5,3,'Jl. Sawit 2','2011-01-25 20:37:28',1,'2011-01-25 20:37:28',0),(527,5,3,'Jl. Sawit 3','2011-01-25 20:37:51',1,'2011-01-25 20:37:51',0),(528,5,3,'Jl. Sawit 4','2011-01-25 20:38:15',1,'2011-01-25 20:38:15',0),(529,5,3,'Jl. Sawit 5','2011-01-25 20:38:36',1,'2011-01-25 20:38:36',0),(530,5,3,'Jl. Sawit 6','2011-01-25 20:39:01',1,'2011-01-25 20:39:01',0),(531,5,3,'Jl. H. Budug','2011-01-25 20:40:06',1,'2011-01-25 20:40:06',0),(532,3,3,'Jl. Candraga 2','2011-01-25 20:40:48',1,'2011-01-25 20:41:09',1),(533,3,3,'Jl. Tribuana 1','2011-01-25 20:42:09',1,'2011-01-25 20:42:09',0),(534,3,3,'Jl. Tribuana 2','2011-01-25 20:42:33',1,'2011-01-25 20:42:33',0),(535,3,3,'Jl. Tribuana 3','2011-01-25 20:43:01',1,'2011-01-25 20:43:01',0),(536,3,3,'Jl. Tribuana 4','2011-01-25 20:43:29',1,'2011-01-25 20:43:29',0),(537,3,3,'Jl. Tribuana 5','2011-01-25 20:43:48',1,'2011-01-25 20:43:48',0),(538,3,3,'Jl. Candraga 3','2011-01-25 20:44:12',1,'2011-01-25 20:44:12',0),(539,5,3,'Jl. H. Entong','2011-01-25 20:45:48',1,'2011-01-25 20:45:48',0),(540,8,3,'Gg. Asan','2011-01-25 20:48:01',1,'2011-01-25 20:48:01',0),(541,8,3,'Gg. Usin','2011-01-25 20:48:25',1,'2011-01-25 20:48:25',0),(542,4,3,'Gg. Mesjid Lebak Para','2011-01-25 20:49:02',1,'2011-01-25 20:49:02',0),(543,3,3,'Jl. Candraga 4','2011-01-25 20:49:54',1,'2011-01-25 20:49:54',0),(544,3,3,'Jl. Candraga 5','2011-01-25 20:50:16',1,'2011-01-25 20:50:16',0),(545,3,3,'Jl. Candraga 6','2011-01-25 20:50:37',1,'2011-01-25 20:50:37',0),(546,3,3,'Jl. Candraga 7','2011-01-25 20:50:57',1,'2011-01-25 20:50:57',0),(547,3,3,'Jl. Candraga 8','2011-01-25 20:51:17',1,'2011-01-25 20:51:17',0),(548,5,3,'Jl. Suwuk 1','2011-01-25 23:34:55',1,'2011-01-25 23:34:55',0),(549,3,3,'Jl. Bermis 7','2011-01-25 23:36:04',1,'2011-01-25 23:36:04',0),(550,5,3,'Komplek Kelurahan Kalisari','2011-01-26 16:11:07',1,'2011-01-26 16:11:07',0);
/*!40000 ALTER TABLE `streets` ENABLE KEYS */;
UNLOCK TABLES;

--
-- Table structure for table `subdistricts`
--

DROP TABLE IF EXISTS `subdistricts`;
SET @saved_cs_client     = @@character_set_client;
SET character_set_client = utf8;
CREATE TABLE `subdistricts` (
  `id` int(11) unsigned NOT NULL auto_increment,
  `district_id` int(11) unsigned NOT NULL,
  `code` smallint(3) NOT NULL,
  `name` varchar(150) NOT NULL,
  `created` datetime NOT NULL,
  `created_by` int(11) NOT NULL,
  `modified` datetime NOT NULL,
  `modified_by` int(11) NOT NULL,
  PRIMARY KEY  (`id`),
  KEY `district_id` (`district_id`)
) ENGINE=MyISAM AUTO_INCREMENT=9 DEFAULT CHARSET=latin1 COMMENT='kelurahan';
SET character_set_client = @saved_cs_client;

--
-- Dumping data for table `subdistricts`
--

LOCK TABLES `subdistricts` WRITE;
/*!40000 ALTER TABLE `subdistricts` DISABLE KEYS */;
INSERT INTO `subdistricts` VALUES (1,9,313,'Pekayon','2009-06-14 12:17:39',1,'2009-06-14 12:17:39',0),(8,9,0,'Gedong','2010-10-19 08:28:49',1,'2010-11-12 08:24:35',1),(3,9,310,'Baru','2009-06-14 12:20:00',1,'2010-10-19 08:29:10',1),(4,9,311,'Cijantung','2009-06-14 12:20:30',1,'2009-06-14 12:20:30',0),(5,9,312,'Kalisari','2009-06-14 12:21:21',1,'2009-06-14 12:21:21',0);
/*!40000 ALTER TABLE `subdistricts` ENABLE KEYS */;
UNLOCK TABLES;

--
-- Table structure for table `unit_codes`
--

DROP TABLE IF EXISTS `unit_codes`;
SET @saved_cs_client     = @@character_set_client;
SET character_set_client = utf8;
CREATE TABLE `unit_codes` (
  `id` smallint(6) NOT NULL auto_increment,
  `name` varchar(100) NOT NULL,
  `code` varchar(10) NOT NULL,
  `created` datetime NOT NULL,
  `created_by` int(10) NOT NULL,
  `modified` datetime NOT NULL,
  `modified_by` int(10) NOT NULL,
  PRIMARY KEY  (`id`),
  UNIQUE KEY `code` (`code`),
  KEY `name` (`name`)
) ENGINE=MyISAM AUTO_INCREMENT=67 DEFAULT CHARSET=latin1;
SET character_set_client = @saved_cs_client;

--
-- Dumping data for table `unit_codes`
--

LOCK TABLES `unit_codes` WRITE;
/*!40000 ALTER TABLE `unit_codes` DISABLE KEYS */;
INSERT INTO `unit_codes` VALUES (62,'Gudang Komponen Pencahayaan Kota','101','2010-11-12 09:31:58',1,'2010-11-12 09:31:58',0),(66,'Adminstrasi dan Tata Usaha','105','2010-11-12 09:35:01',1,'2010-11-12 09:35:01',0),(65,'Perindustrian','104','2010-11-12 09:34:05',1,'2010-11-12 09:34:05',0),(64,'Seksi Pencahayaan Kota','103','2010-11-12 09:33:35',1,'2010-11-12 09:33:35',0),(63,'Posko Pencahayaan Kota','102','2010-11-12 09:33:01',1,'2010-11-12 09:33:01',0);
/*!40000 ALTER TABLE `unit_codes` ENABLE KEYS */;
UNLOCK TABLES;

--
-- Table structure for table `units`
--

DROP TABLE IF EXISTS `units`;
SET @saved_cs_client     = @@character_set_client;
SET character_set_client = utf8;
CREATE TABLE `units` (
  `id` int(10) NOT NULL auto_increment,
  `name` varchar(20) NOT NULL,
  PRIMARY KEY  (`id`),
  KEY `name` (`name`)
) ENGINE=MyISAM AUTO_INCREMENT=38 DEFAULT CHARSET=latin1;
SET character_set_client = @saved_cs_client;

--
-- Dumping data for table `units`
--

LOCK TABLES `units` WRITE;
/*!40000 ALTER TABLE `units` DISABLE KEYS */;
INSERT INTO `units` VALUES (35,'Unit'),(34,'Buah'),(36,'Set'),(37,'M2');
/*!40000 ALTER TABLE `units` ENABLE KEYS */;
UNLOCK TABLES;

--
-- Table structure for table `user_logs`
--

DROP TABLE IF EXISTS `user_logs`;
SET @saved_cs_client     = @@character_set_client;
SET character_set_client = utf8;
CREATE TABLE `user_logs` (
  `id` int(11) NOT NULL,
  `user_id` int(11) NOT NULL,
  `ip_address` char(15) NOT NULL,
  `controller` varchar(50) NOT NULL,
  `action` varchar(50) NOT NULL,
  `request_method` varchar(10) NOT NULL,
  `referer` varchar(100) NOT NULL,
  `url` varchar(100) NOT NULL,
  `user_agent` tinytext NOT NULL,
  `created` datetime NOT NULL,
  KEY `user_id` (`user_id`),
  KEY `ip_address` (`ip_address`),
  KEY `created` (`created`)
) ENGINE=MyISAM DEFAULT CHARSET=latin1;
SET character_set_client = @saved_cs_client;

--
-- Dumping data for table `user_logs`
--

LOCK TABLES `user_logs` WRITE;
/*!40000 ALTER TABLE `user_logs` DISABLE KEYS */;
INSERT INTO `user_logs` VALUES (0,1,'124.195.57.142','menus','index','GET','http://pju.gedex.web.id/menus/edit/87','/index.php?url=menus','Mozilla/5.0 (X11; U; Linux i686; en-US; rv:1.9.2.12) Gecko/20101027 Ubuntu/10.10 (maverick) Firefox/3.6.12','2011-01-28 22:39:02'),(0,1,'124.195.57.142','menus','edit','POST','http://pju.gedex.web.id/menus/edit/87','/index.php?url=menus/edit/87','Mozilla/5.0 (X11; U; Linux i686; en-US; rv:1.9.2.12) Gecko/20101027 Ubuntu/10.10 (maverick) Firefox/3.6.12','2011-01-28 22:39:01'),(0,1,'124.195.57.142','menus','edit','GET','http://pju.gedex.web.id/menus','/index.php?url=menus/edit/87','Mozilla/5.0 (X11; U; Linux i686; en-US; rv:1.9.2.12) Gecko/20101027 Ubuntu/10.10 (maverick) Firefox/3.6.12','2011-01-28 22:38:22'),(0,1,'124.195.57.142','menus','index','GET','http://pju.gedex.web.id/menus','/index.php?url=menus/index/page:2&ajax=1','Mozilla/5.0 (X11; U; Linux i686; en-US; rv:1.9.2.12) Gecko/20101027 Ubuntu/10.10 (maverick) Firefox/3.6.12','2011-01-28 22:37:30'),(0,1,'124.195.57.142','menus','index','GET','http://pju.gedex.web.id/menus/edit/22','/index.php?url=menus','Mozilla/5.0 (X11; U; Linux i686; en-US; rv:1.9.2.12) Gecko/20101027 Ubuntu/10.10 (maverick) Firefox/3.6.12','2011-01-28 22:36:56'),(0,1,'124.195.57.142','menus','edit','POST','http://pju.gedex.web.id/menus/edit/22','/index.php?url=menus/edit/22','Mozilla/5.0 (X11; U; Linux i686; en-US; rv:1.9.2.12) Gecko/20101027 Ubuntu/10.10 (maverick) Firefox/3.6.12','2011-01-28 22:36:53'),(0,1,'124.195.57.142','menus','edit','GET','http://pju.gedex.web.id/menus','/index.php?url=menus/edit/22','Mozilla/5.0 (X11; U; Linux i686; en-US; rv:1.9.2.12) Gecko/20101027 Ubuntu/10.10 (maverick) Firefox/3.6.12','2011-01-28 22:36:46'),(0,1,'124.195.57.142','menus','index','GET','http://pju.gedex.web.id/menus/edit/17','/index.php?url=menus','Mozilla/5.0 (X11; U; Linux i686; en-US; rv:1.9.2.12) Gecko/20101027 Ubuntu/10.10 (maverick) Firefox/3.6.12','2011-01-28 22:36:29'),(0,1,'124.195.57.142','menus','edit','POST','http://pju.gedex.web.id/menus/edit/17','/index.php?url=menus/edit/17','Mozilla/5.0 (X11; U; Linux i686; en-US; rv:1.9.2.12) Gecko/20101027 Ubuntu/10.10 (maverick) Firefox/3.6.12','2011-01-28 22:36:29'),(0,1,'124.195.57.142','menus','edit','GET','http://pju.gedex.web.id/menus','/index.php?url=menus/edit/17','Mozilla/5.0 (X11; U; Linux i686; en-US; rv:1.9.2.12) Gecko/20101027 Ubuntu/10.10 (maverick) Firefox/3.6.12','2011-01-28 22:36:06'),(0,1,'124.195.57.142','menus','index','GET','http://pju.gedex.web.id/menus/edit/16','/index.php?url=menus','Mozilla/5.0 (X11; U; Linux i686; en-US; rv:1.9.2.12) Gecko/20101027 Ubuntu/10.10 (maverick) Firefox/3.6.12','2011-01-28 22:35:54'),(0,1,'124.195.57.142','menus','edit','POST','http://pju.gedex.web.id/menus/edit/16','/index.php?url=menus/edit/16','Mozilla/5.0 (X11; U; Linux i686; en-US; rv:1.9.2.12) Gecko/20101027 Ubuntu/10.10 (maverick) Firefox/3.6.12','2011-01-28 22:35:54'),(0,1,'124.195.57.142','menus','edit','GET','http://pju.gedex.web.id/menus','/index.php?url=menus/edit/16','Mozilla/5.0 (X11; U; Linux i686; en-US; rv:1.9.2.12) Gecko/20101027 Ubuntu/10.10 (maverick) Firefox/3.6.12','2011-01-28 22:35:44'),(0,1,'124.195.57.142','menus','index','GET','http://pju.gedex.web.id/menus/edit/15','/index.php?url=menus','Mozilla/5.0 (X11; U; Linux i686; en-US; rv:1.9.2.12) Gecko/20101027 Ubuntu/10.10 (maverick) Firefox/3.6.12','2011-01-28 22:35:09'),(0,1,'124.195.57.142','menus','edit','POST','http://pju.gedex.web.id/menus/edit/15','/index.php?url=menus/edit/15','Mozilla/5.0 (X11; U; Linux i686; en-US; rv:1.9.2.12) Gecko/20101027 Ubuntu/10.10 (maverick) Firefox/3.6.12','2011-01-28 22:35:08'),(0,1,'124.195.57.142','menus','edit','GET','http://pju.gedex.web.id/menus','/index.php?url=menus/edit/15','Mozilla/5.0 (X11; U; Linux i686; en-US; rv:1.9.2.12) Gecko/20101027 Ubuntu/10.10 (maverick) Firefox/3.6.12','2011-01-28 22:34:58'),(0,1,'124.195.57.142','menus','index','GET','http://pju.gedex.web.id/menus/edit/14','/index.php?url=menus','Mozilla/5.0 (X11; U; Linux i686; en-US; rv:1.9.2.12) Gecko/20101027 Ubuntu/10.10 (maverick) Firefox/3.6.12','2011-01-28 22:34:48'),(0,1,'124.195.57.142','menus','edit','POST','http://pju.gedex.web.id/menus/edit/14','/index.php?url=menus/edit/14','Mozilla/5.0 (X11; U; Linux i686; en-US; rv:1.9.2.12) Gecko/20101027 Ubuntu/10.10 (maverick) Firefox/3.6.12','2011-01-28 22:34:47'),(0,1,'124.195.57.142','menus','edit','GET','http://pju.gedex.web.id/menus','/index.php?url=menus/edit/14','Mozilla/5.0 (X11; U; Linux i686; en-US; rv:1.9.2.12) Gecko/20101027 Ubuntu/10.10 (maverick) Firefox/3.6.12','2011-01-28 22:34:41'),(0,1,'124.195.57.142','menus','index','GET','http://pju.gedex.web.id/menus/edit/12','/index.php?url=menus','Mozilla/5.0 (X11; U; Linux i686; en-US; rv:1.9.2.12) Gecko/20101027 Ubuntu/10.10 (maverick) Firefox/3.6.12','2011-01-28 22:34:04'),(0,1,'124.195.57.142','menus','edit','POST','http://pju.gedex.web.id/menus/edit/12','/index.php?url=menus/edit/12','Mozilla/5.0 (X11; U; Linux i686; en-US; rv:1.9.2.12) Gecko/20101027 Ubuntu/10.10 (maverick) Firefox/3.6.12','2011-01-28 22:34:02'),(0,1,'124.195.57.142','menus','edit','GET','http://pju.gedex.web.id/menus','/index.php?url=menus/edit/12','Mozilla/5.0 (X11; U; Linux i686; en-US; rv:1.9.2.12) Gecko/20101027 Ubuntu/10.10 (maverick) Firefox/3.6.12','2011-01-28 22:33:55'),(0,1,'124.195.57.142','menus','index','GET','http://pju.gedex.web.id/menus/edit/11','/index.php?url=menus','Mozilla/5.0 (X11; U; Linux i686; en-US; rv:1.9.2.12) Gecko/20101027 Ubuntu/10.10 (maverick) Firefox/3.6.12','2011-01-28 22:33:47'),(0,1,'124.195.57.142','menus','edit','POST','http://pju.gedex.web.id/menus/edit/11','/index.php?url=menus/edit/11','Mozilla/5.0 (X11; U; Linux i686; en-US; rv:1.9.2.12) Gecko/20101027 Ubuntu/10.10 (maverick) Firefox/3.6.12','2011-01-28 22:33:46'),(0,1,'124.195.57.142','menus','edit','GET','http://pju.gedex.web.id/menus','/index.php?url=menus/edit/11','Mozilla/5.0 (X11; U; Linux i686; en-US; rv:1.9.2.12) Gecko/20101027 Ubuntu/10.10 (maverick) Firefox/3.6.12','2011-01-28 22:33:39'),(0,1,'124.195.57.142','menus','index','GET','http://pju.gedex.web.id/menus/edit/9','/index.php?url=menus','Mozilla/5.0 (X11; U; Linux i686; en-US; rv:1.9.2.12) Gecko/20101027 Ubuntu/10.10 (maverick) Firefox/3.6.12','2011-01-28 22:33:23'),(0,1,'124.195.57.142','menus','edit','POST','http://pju.gedex.web.id/menus/edit/9','/index.php?url=menus/edit/9','Mozilla/5.0 (X11; U; Linux i686; en-US; rv:1.9.2.12) Gecko/20101027 Ubuntu/10.10 (maverick) Firefox/3.6.12','2011-01-28 22:33:22'),(0,1,'124.195.57.142','menus','edit','GET','http://pju.gedex.web.id/menus','/index.php?url=menus/edit/9','Mozilla/5.0 (X11; U; Linux i686; en-US; rv:1.9.2.12) Gecko/20101027 Ubuntu/10.10 (maverick) Firefox/3.6.12','2011-01-28 22:33:04'),(0,1,'124.195.57.142','menus','index','GET','http://pju.gedex.web.id/menus/edit/81','/index.php?url=menus','Mozilla/5.0 (X11; U; Linux i686; en-US; rv:1.9.2.12) Gecko/20101027 Ubuntu/10.10 (maverick) Firefox/3.6.12','2011-01-28 22:29:52'),(0,1,'124.195.57.142','menus','edit','POST','http://pju.gedex.web.id/menus/edit/81','/index.php?url=menus/edit/81','Mozilla/5.0 (X11; U; Linux i686; en-US; rv:1.9.2.12) Gecko/20101027 Ubuntu/10.10 (maverick) Firefox/3.6.12','2011-01-28 22:29:51'),(0,1,'124.195.57.142','menus','edit','GET','http://pju.gedex.web.id/menus','/index.php?url=menus/edit/81','Mozilla/5.0 (X11; U; Linux i686; en-US; rv:1.9.2.12) Gecko/20101027 Ubuntu/10.10 (maverick) Firefox/3.6.12','2011-01-28 22:29:30'),(0,1,'124.195.57.142','menus','index','GET','http://pju.gedex.web.id/menus','/index.php?url=menus/index/page:2&ajax=1','Mozilla/5.0 (X11; U; Linux i686; en-US; rv:1.9.2.12) Gecko/20101027 Ubuntu/10.10 (maverick) Firefox/3.6.12','2011-01-28 22:29:19'),(0,1,'124.195.57.142','menus','index','GET','http://pju.gedex.web.id/menus','/index.php?url=menus/index/page:1&ajax=1','Mozilla/5.0 (X11; U; Linux i686; en-US; rv:1.9.2.12) Gecko/20101027 Ubuntu/10.10 (maverick) Firefox/3.6.12','2011-01-28 22:28:32'),(0,1,'124.195.57.142','menus','index','GET','http://pju.gedex.web.id/menus','/index.php?url=menus/index/page:2&ajax=1','Mozilla/5.0 (X11; U; Linux i686; en-US; rv:1.9.2.12) Gecko/20101027 Ubuntu/10.10 (maverick) Firefox/3.6.12','2011-01-28 22:28:09'),(0,1,'124.195.57.142','menus','index','GET','http://pju.gedex.web.id/menus','/index.php?url=menus/index/page:1&ajax=1','Mozilla/5.0 (X11; U; Linux i686; en-US; rv:1.9.2.12) Gecko/20101027 Ubuntu/10.10 (maverick) Firefox/3.6.12','2011-01-28 22:27:13'),(0,1,'124.195.57.142','menus','index','GET','http://pju.gedex.web.id/menus','/index.php?url=menus/index/page:2&ajax=1','Mozilla/5.0 (X11; U; Linux i686; en-US; rv:1.9.2.12) Gecko/20101027 Ubuntu/10.10 (maverick) Firefox/3.6.12','2011-01-28 22:25:37'),(0,1,'124.195.57.142','menus','index','GET','http://pju.gedex.web.id/menus/edit/85','/index.php?url=menus','Mozilla/5.0 (X11; U; Linux i686; en-US; rv:1.9.2.12) Gecko/20101027 Ubuntu/10.10 (maverick) Firefox/3.6.12','2011-01-28 22:25:28'),(0,1,'124.195.57.142','menus','edit','POST','http://pju.gedex.web.id/menus/edit/85','/index.php?url=menus/edit/85','Mozilla/5.0 (X11; U; Linux i686; en-US; rv:1.9.2.12) Gecko/20101027 Ubuntu/10.10 (maverick) Firefox/3.6.12','2011-01-28 22:25:28'),(0,1,'124.195.57.142','menus','edit','GET','http://pju.gedex.web.id/menus','/index.php?url=menus/edit/85','Mozilla/5.0 (X11; U; Linux i686; en-US; rv:1.9.2.12) Gecko/20101027 Ubuntu/10.10 (maverick) Firefox/3.6.12','2011-01-28 22:24:55'),(0,1,'124.195.57.142','menus','index','GET','http://pju.gedex.web.id/menus','/index.php?url=menus/index/page:2&ajax=1','Mozilla/5.0 (X11; U; Linux i686; en-US; rv:1.9.2.12) Gecko/20101027 Ubuntu/10.10 (maverick) Firefox/3.6.12','2011-01-28 22:24:45'),(0,1,'124.195.57.142','menus','index','GET','http://pju.gedex.web.id/menus/edit/84','/index.php?url=menus','Mozilla/5.0 (X11; U; Linux i686; en-US; rv:1.9.2.12) Gecko/20101027 Ubuntu/10.10 (maverick) Firefox/3.6.12','2011-01-28 22:24:39'),(0,1,'124.195.57.142','menus','edit','POST','http://pju.gedex.web.id/menus/edit/84','/index.php?url=menus/edit/84','Mozilla/5.0 (X11; U; Linux i686; en-US; rv:1.9.2.12) Gecko/20101027 Ubuntu/10.10 (maverick) Firefox/3.6.12','2011-01-28 22:24:38'),(0,1,'124.195.57.142','menus','edit','GET','http://pju.gedex.web.id/menus','/index.php?url=menus/edit/84','Mozilla/5.0 (X11; U; Linux i686; en-US; rv:1.9.2.12) Gecko/20101027 Ubuntu/10.10 (maverick) Firefox/3.6.12','2011-01-28 22:24:30'),(0,1,'124.195.57.142','menus','index','GET','http://pju.gedex.web.id/menus','/index.php?url=menus/index/page:2&ajax=1','Mozilla/5.0 (X11; U; Linux i686; en-US; rv:1.9.2.12) Gecko/20101027 Ubuntu/10.10 (maverick) Firefox/3.6.12','2011-01-28 22:23:20'),(0,1,'124.195.57.142','menus','index','GET','http://pju.gedex.web.id/menus/edit/77','/index.php?url=menus','Mozilla/5.0 (X11; U; Linux i686; en-US; rv:1.9.2.12) Gecko/20101027 Ubuntu/10.10 (maverick) Firefox/3.6.12','2011-01-28 22:23:12'),(0,1,'124.195.57.142','menus','edit','POST','http://pju.gedex.web.id/menus/edit/77','/index.php?url=menus/edit/77','Mozilla/5.0 (X11; U; Linux i686; en-US; rv:1.9.2.12) Gecko/20101027 Ubuntu/10.10 (maverick) Firefox/3.6.12','2011-01-28 22:23:11'),(0,1,'124.195.57.142','menus','edit','GET','http://pju.gedex.web.id/menus','/index.php?url=menus/edit/77','Mozilla/5.0 (X11; U; Linux i686; en-US; rv:1.9.2.12) Gecko/20101027 Ubuntu/10.10 (maverick) Firefox/3.6.12','2011-01-28 22:23:04'),(0,1,'124.195.57.142','menus','index','GET','http://pju.gedex.web.id/menus','/index.php?url=menus/index/page:2&ajax=1','Mozilla/5.0 (X11; U; Linux i686; en-US; rv:1.9.2.12) Gecko/20101027 Ubuntu/10.10 (maverick) Firefox/3.6.12','2011-01-28 22:22:54'),(0,1,'124.195.57.142','menus','index','GET','http://pju.gedex.web.id/menus/edit/76','/index.php?url=menus','Mozilla/5.0 (X11; U; Linux i686; en-US; rv:1.9.2.12) Gecko/20101027 Ubuntu/10.10 (maverick) Firefox/3.6.12','2011-01-28 22:22:46'),(0,1,'124.195.57.142','menus','edit','POST','http://pju.gedex.web.id/menus/edit/76','/index.php?url=menus/edit/76','Mozilla/5.0 (X11; U; Linux i686; en-US; rv:1.9.2.12) Gecko/20101027 Ubuntu/10.10 (maverick) Firefox/3.6.12','2011-01-28 22:22:45'),(0,1,'124.195.57.142','menus','edit','GET','http://pju.gedex.web.id/menus','/index.php?url=menus/edit/76','Mozilla/5.0 (X11; U; Linux i686; en-US; rv:1.9.2.12) Gecko/20101027 Ubuntu/10.10 (maverick) Firefox/3.6.12','2011-01-28 22:22:40'),(0,1,'124.195.57.142','menus','index','GET','http://pju.gedex.web.id/menus','/index.php?url=menus/index/page:2&ajax=1','Mozilla/5.0 (X11; U; Linux i686; en-US; rv:1.9.2.12) Gecko/20101027 Ubuntu/10.10 (maverick) Firefox/3.6.12','2011-01-28 22:22:32'),(0,1,'124.195.57.142','menus','index','GET','http://pju.gedex.web.id/menus/edit/70','/index.php?url=menus','Mozilla/5.0 (X11; U; Linux i686; en-US; rv:1.9.2.12) Gecko/20101027 Ubuntu/10.10 (maverick) Firefox/3.6.12','2011-01-28 22:22:10'),(0,1,'124.195.57.142','menus','edit','POST','http://pju.gedex.web.id/menus/edit/70','/index.php?url=menus/edit/70','Mozilla/5.0 (X11; U; Linux i686; en-US; rv:1.9.2.12) Gecko/20101027 Ubuntu/10.10 (maverick) Firefox/3.6.12','2011-01-28 22:22:09'),(0,1,'124.195.57.142','menus','edit','GET','http://pju.gedex.web.id/menus','/index.php?url=menus/edit/70','Mozilla/5.0 (X11; U; Linux i686; en-US; rv:1.9.2.12) Gecko/20101027 Ubuntu/10.10 (maverick) Firefox/3.6.12','2011-01-28 22:22:03'),(0,1,'124.195.57.142','menus','index','GET','http://pju.gedex.web.id/menus/edit/71','/index.php?url=menus','Mozilla/5.0 (X11; U; Linux i686; en-US; rv:1.9.2.12) Gecko/20101027 Ubuntu/10.10 (maverick) Firefox/3.6.12','2011-01-28 22:21:57'),(0,1,'124.195.57.142','menus','edit','POST','http://pju.gedex.web.id/menus/edit/71','/index.php?url=menus/edit/71','Mozilla/5.0 (X11; U; Linux i686; en-US; rv:1.9.2.12) Gecko/20101027 Ubuntu/10.10 (maverick) Firefox/3.6.12','2011-01-28 22:21:56'),(0,1,'124.195.57.142','menus','edit','GET','http://pju.gedex.web.id/menus','/index.php?url=menus/edit/71','Mozilla/5.0 (X11; U; Linux i686; en-US; rv:1.9.2.12) Gecko/20101027 Ubuntu/10.10 (maverick) Firefox/3.6.12','2011-01-28 22:21:45'),(0,1,'124.195.57.142','menus','index','GET','http://pju.gedex.web.id/menus/edit/65','/index.php?url=menus','Mozilla/5.0 (X11; U; Linux i686; en-US; rv:1.9.2.12) Gecko/20101027 Ubuntu/10.10 (maverick) Firefox/3.6.12','2011-01-28 22:21:34'),(0,1,'124.195.57.142','menus','edit','POST','http://pju.gedex.web.id/menus/edit/65','/index.php?url=menus/edit/65','Mozilla/5.0 (X11; U; Linux i686; en-US; rv:1.9.2.12) Gecko/20101027 Ubuntu/10.10 (maverick) Firefox/3.6.12','2011-01-28 22:21:32'),(0,1,'124.195.57.142','menus','edit','GET','http://pju.gedex.web.id/menus','/index.php?url=menus/edit/65','Mozilla/5.0 (X11; U; Linux i686; en-US; rv:1.9.2.12) Gecko/20101027 Ubuntu/10.10 (maverick) Firefox/3.6.12','2011-01-28 22:21:23'),(0,1,'124.195.57.142','menus','index','GET','http://pju.gedex.web.id/menus/edit/6','/index.php?url=menus','Mozilla/5.0 (X11; U; Linux i686; en-US; rv:1.9.2.12) Gecko/20101027 Ubuntu/10.10 (maverick) Firefox/3.6.12','2011-01-28 22:21:16'),(0,1,'124.195.57.142','menus','edit','POST','http://pju.gedex.web.id/menus/edit/6','/index.php?url=menus/edit/6','Mozilla/5.0 (X11; U; Linux i686; en-US; rv:1.9.2.12) Gecko/20101027 Ubuntu/10.10 (maverick) Firefox/3.6.12','2011-01-28 22:21:15'),(0,1,'124.195.57.142','menus','edit','GET','http://pju.gedex.web.id/menus','/index.php?url=menus/edit/6','Mozilla/5.0 (X11; U; Linux i686; en-US; rv:1.9.2.12) Gecko/20101027 Ubuntu/10.10 (maverick) Firefox/3.6.12','2011-01-28 22:21:09'),(0,1,'124.195.57.142','menus','index','GET','http://pju.gedex.web.id/menus/edit/66','/index.php?url=menus','Mozilla/5.0 (X11; U; Linux i686; en-US; rv:1.9.2.12) Gecko/20101027 Ubuntu/10.10 (maverick) Firefox/3.6.12','2011-01-28 22:21:04'),(0,1,'124.195.57.142','menus','edit','POST','http://pju.gedex.web.id/menus/edit/66','/index.php?url=menus/edit/66','Mozilla/5.0 (X11; U; Linux i686; en-US; rv:1.9.2.12) Gecko/20101027 Ubuntu/10.10 (maverick) Firefox/3.6.12','2011-01-28 22:21:03'),(0,1,'124.195.57.142','menus','edit','GET','http://pju.gedex.web.id/menus','/index.php?url=menus/edit/66','Mozilla/5.0 (X11; U; Linux i686; en-US; rv:1.9.2.12) Gecko/20101027 Ubuntu/10.10 (maverick) Firefox/3.6.12','2011-01-28 22:20:43'),(0,1,'124.195.57.142','menus','index','GET','http://pju.gedex.web.id/menus/edit/67','/index.php?url=menus','Mozilla/5.0 (X11; U; Linux i686; en-US; rv:1.9.2.12) Gecko/20101027 Ubuntu/10.10 (maverick) Firefox/3.6.12','2011-01-28 22:20:36'),(0,1,'124.195.57.142','menus','edit','POST','http://pju.gedex.web.id/menus/edit/67','/index.php?url=menus/edit/67','Mozilla/5.0 (X11; U; Linux i686; en-US; rv:1.9.2.12) Gecko/20101027 Ubuntu/10.10 (maverick) Firefox/3.6.12','2011-01-28 22:20:35'),(0,1,'124.195.57.142','menus','edit','GET','http://pju.gedex.web.id/menus','/index.php?url=menus/edit/67','Mozilla/5.0 (X11; U; Linux i686; en-US; rv:1.9.2.12) Gecko/20101027 Ubuntu/10.10 (maverick) Firefox/3.6.12','2011-01-28 22:20:19'),(0,1,'124.195.57.142','menus','index','GET','http://pju.gedex.web.id/menus/edit/68','/index.php?url=menus','Mozilla/5.0 (X11; U; Linux i686; en-US; rv:1.9.2.12) Gecko/20101027 Ubuntu/10.10 (maverick) Firefox/3.6.12','2011-01-28 22:20:14'),(0,1,'124.195.57.142','menus','edit','POST','http://pju.gedex.web.id/menus/edit/68','/index.php?url=menus/edit/68','Mozilla/5.0 (X11; U; Linux i686; en-US; rv:1.9.2.12) Gecko/20101027 Ubuntu/10.10 (maverick) Firefox/3.6.12','2011-01-28 22:20:14'),(0,1,'124.195.57.142','menus','edit','GET','http://pju.gedex.web.id/menus','/index.php?url=menus/edit/68','Mozilla/5.0 (X11; U; Linux i686; en-US; rv:1.9.2.12) Gecko/20101027 Ubuntu/10.10 (maverick) Firefox/3.6.12','2011-01-28 22:20:06'),(0,1,'124.195.57.142','menus','index','GET','http://pju.gedex.web.id/menus/edit/75','/index.php?url=menus','Mozilla/5.0 (X11; U; Linux i686; en-US; rv:1.9.2.12) Gecko/20101027 Ubuntu/10.10 (maverick) Firefox/3.6.12','2011-01-28 22:19:57'),(0,1,'124.195.57.142','menus','edit','POST','http://pju.gedex.web.id/menus/edit/75','/index.php?url=menus/edit/75','Mozilla/5.0 (X11; U; Linux i686; en-US; rv:1.9.2.12) Gecko/20101027 Ubuntu/10.10 (maverick) Firefox/3.6.12','2011-01-28 22:19:56'),(0,1,'124.195.57.142','menus','edit','GET','http://pju.gedex.web.id/menus','/index.php?url=menus/edit/75','Mozilla/5.0 (X11; U; Linux i686; en-US; rv:1.9.2.12) Gecko/20101027 Ubuntu/10.10 (maverick) Firefox/3.6.12','2011-01-28 22:19:47'),(0,1,'124.195.57.142','menus','index','GET','http://pju.gedex.web.id/menus/edit/74','/index.php?url=menus','Mozilla/5.0 (X11; U; Linux i686; en-US; rv:1.9.2.12) Gecko/20101027 Ubuntu/10.10 (maverick) Firefox/3.6.12','2011-01-28 22:19:35'),(0,1,'124.195.57.142','menus','edit','POST','http://pju.gedex.web.id/menus/edit/74','/index.php?url=menus/edit/74','Mozilla/5.0 (X11; U; Linux i686; en-US; rv:1.9.2.12) Gecko/20101027 Ubuntu/10.10 (maverick) Firefox/3.6.12','2011-01-28 22:19:35'),(0,1,'124.195.57.142','menus','edit','GET','http://pju.gedex.web.id/menus','/index.php?url=menus/edit/74','Mozilla/5.0 (X11; U; Linux i686; en-US; rv:1.9.2.12) Gecko/20101027 Ubuntu/10.10 (maverick) Firefox/3.6.12','2011-01-28 22:19:24'),(0,1,'124.195.57.142','menus','index','GET','http://pju.gedex.web.id/menus/edit/65','/index.php?url=menus','Mozilla/5.0 (X11; U; Linux i686; en-US; rv:1.9.2.12) Gecko/20101027 Ubuntu/10.10 (maverick) Firefox/3.6.12','2011-01-28 22:19:06'),(0,1,'124.195.57.142','menus','edit','POST','http://pju.gedex.web.id/menus/edit/65','/index.php?url=menus/edit/65','Mozilla/5.0 (X11; U; Linux i686; en-US; rv:1.9.2.12) Gecko/20101027 Ubuntu/10.10 (maverick) Firefox/3.6.12','2011-01-28 22:19:05'),(0,1,'124.195.57.142','menus','edit','GET','http://pju.gedex.web.id/menus','/index.php?url=menus/edit/65','Mozilla/5.0 (X11; U; Linux i686; en-US; rv:1.9.2.12) Gecko/20101027 Ubuntu/10.10 (maverick) Firefox/3.6.12','2011-01-28 22:18:43'),(0,1,'124.195.57.142','menus','index','GET','http://pju.gedex.web.id/menus/edit/70','/index.php?url=menus','Mozilla/5.0 (X11; U; Linux i686; en-US; rv:1.9.2.12) Gecko/20101027 Ubuntu/10.10 (maverick) Firefox/3.6.12','2011-01-28 22:18:30'),(0,1,'124.195.57.142','menus','edit','POST','http://pju.gedex.web.id/menus/edit/70','/index.php?url=menus/edit/70','Mozilla/5.0 (X11; U; Linux i686; en-US; rv:1.9.2.12) Gecko/20101027 Ubuntu/10.10 (maverick) Firefox/3.6.12','2011-01-28 22:18:30'),(0,1,'124.195.57.142','menus','edit','GET','http://pju.gedex.web.id/menus','/index.php?url=menus/edit/70','Mozilla/5.0 (X11; U; Linux i686; en-US; rv:1.9.2.12) Gecko/20101027 Ubuntu/10.10 (maverick) Firefox/3.6.12','2011-01-28 22:18:14'),(0,1,'124.195.57.142','menus','index','GET','http://pju.gedex.web.id/menus/edit/9','/index.php?url=menus','Mozilla/5.0 (X11; U; Linux i686; en-US; rv:1.9.2.12) Gecko/20101027 Ubuntu/10.10 (maverick) Firefox/3.6.12','2011-01-28 22:17:53'),(0,1,'124.195.57.142','menus','edit','POST','http://pju.gedex.web.id/menus/edit/9','/index.php?url=menus/edit/9','Mozilla/5.0 (X11; U; Linux i686; en-US; rv:1.9.2.12) Gecko/20101027 Ubuntu/10.10 (maverick) Firefox/3.6.12','2011-01-28 22:17:53'),(0,1,'124.195.57.142','menus','edit','GET','http://pju.gedex.web.id/menus','/index.php?url=menus/edit/9','Mozilla/5.0 (X11; U; Linux i686; en-US; rv:1.9.2.12) Gecko/20101027 Ubuntu/10.10 (maverick) Firefox/3.6.12','2011-01-28 22:17:41'),(0,1,'124.195.57.142','menus','index','GET','http://pju.gedex.web.id/menus/edit/5','/index.php?url=menus','Mozilla/5.0 (X11; U; Linux i686; en-US; rv:1.9.2.12) Gecko/20101027 Ubuntu/10.10 (maverick) Firefox/3.6.12','2011-01-28 22:17:36'),(0,1,'124.195.57.142','menus','edit','POST','http://pju.gedex.web.id/menus/edit/5','/index.php?url=menus/edit/5','Mozilla/5.0 (X11; U; Linux i686; en-US; rv:1.9.2.12) Gecko/20101027 Ubuntu/10.10 (maverick) Firefox/3.6.12','2011-01-28 22:17:35'),(0,1,'124.195.57.142','menus','edit','GET','http://pju.gedex.web.id/menus','/index.php?url=menus/edit/5','Mozilla/5.0 (X11; U; Linux i686; en-US; rv:1.9.2.12) Gecko/20101027 Ubuntu/10.10 (maverick) Firefox/3.6.12','2011-01-28 22:17:31'),(0,1,'124.195.57.142','menus','index','GET','http://pju.gedex.web.id/menus/edit/6','/index.php?url=menus','Mozilla/5.0 (X11; U; Linux i686; en-US; rv:1.9.2.12) Gecko/20101027 Ubuntu/10.10 (maverick) Firefox/3.6.12','2011-01-28 22:17:26'),(0,1,'124.195.57.142','menus','edit','POST','http://pju.gedex.web.id/menus/edit/6','/index.php?url=menus/edit/6','Mozilla/5.0 (X11; U; Linux i686; en-US; rv:1.9.2.12) Gecko/20101027 Ubuntu/10.10 (maverick) Firefox/3.6.12','2011-01-28 22:17:26'),(0,1,'124.195.57.142','menus','edit','GET','http://pju.gedex.web.id/menus','/index.php?url=menus/edit/6','Mozilla/5.0 (X11; U; Linux i686; en-US; rv:1.9.2.12) Gecko/20101027 Ubuntu/10.10 (maverick) Firefox/3.6.12','2011-01-28 22:17:10'),(0,1,'124.195.57.142','menus','index','GET','http://pju.gedex.web.id/menus/edit/6','/index.php?url=menus','Mozilla/5.0 (X11; U; Linux i686; en-US; rv:1.9.2.12) Gecko/20101027 Ubuntu/10.10 (maverick) Firefox/3.6.12','2011-01-28 22:17:05'),(0,1,'124.195.57.142','menus','edit','POST','http://pju.gedex.web.id/menus/edit/6','/index.php?url=menus/edit/6','Mozilla/5.0 (X11; U; Linux i686; en-US; rv:1.9.2.12) Gecko/20101027 Ubuntu/10.10 (maverick) Firefox/3.6.12','2011-01-28 22:17:03'),(0,1,'124.195.57.142','menus','edit','GET','http://pju.gedex.web.id/menus','/index.php?url=menus/edit/6','Mozilla/5.0 (X11; U; Linux i686; en-US; rv:1.9.2.12) Gecko/20101027 Ubuntu/10.10 (maverick) Firefox/3.6.12','2011-01-28 22:16:30'),(0,1,'124.195.57.142','menus','index','GET','http://pju.gedex.web.id/menus/edit/72','/index.php?url=menus','Mozilla/5.0 (X11; U; Linux i686; en-US; rv:1.9.2.12) Gecko/20101027 Ubuntu/10.10 (maverick) Firefox/3.6.12','2011-01-28 22:15:28'),(0,1,'124.195.57.142','menus','edit','POST','http://pju.gedex.web.id/menus/edit/72','/index.php?url=menus/edit/72','Mozilla/5.0 (X11; U; Linux i686; en-US; rv:1.9.2.12) Gecko/20101027 Ubuntu/10.10 (maverick) Firefox/3.6.12','2011-01-28 22:15:27'),(0,1,'124.195.57.142','menus','edit','GET','http://pju.gedex.web.id/menus','/index.php?url=menus/edit/72','Mozilla/5.0 (X11; U; Linux i686; en-US; rv:1.9.2.12) Gecko/20101027 Ubuntu/10.10 (maverick) Firefox/3.6.12','2011-01-28 22:15:23'),(0,1,'124.195.57.142','menus','index','GET','http://pju.gedex.web.id/menus/edit/5','/index.php?url=menus','Mozilla/5.0 (X11; U; Linux i686; en-US; rv:1.9.2.12) Gecko/20101027 Ubuntu/10.10 (maverick) Firefox/3.6.12','2011-01-28 22:15:16'),(0,1,'124.195.57.142','menus','edit','POST','http://pju.gedex.web.id/menus/edit/5','/index.php?url=menus/edit/5','Mozilla/5.0 (X11; U; Linux i686; en-US; rv:1.9.2.12) Gecko/20101027 Ubuntu/10.10 (maverick) Firefox/3.6.12','2011-01-28 22:15:15'),(0,1,'124.195.57.142','menus','edit','GET','http://pju.gedex.web.id/menus','/index.php?url=menus/edit/5','Mozilla/5.0 (X11; U; Linux i686; en-US; rv:1.9.2.12) Gecko/20101027 Ubuntu/10.10 (maverick) Firefox/3.6.12','2011-01-28 22:15:09'),(0,1,'124.195.57.142','menus','edit','GET','http://pju.gedex.web.id/menus','/index.php?url=menus/edit/6','Mozilla/5.0 (X11; U; Linux i686; en-US; rv:1.9.2.12) Gecko/20101027 Ubuntu/10.10 (maverick) Firefox/3.6.12','2011-01-28 22:14:40'),(0,1,'124.195.57.142','menus','index','GET','http://pju.gedex.web.id/menu_types','/index.php?url=menus','Mozilla/5.0 (X11; U; Linux i686; en-US; rv:1.9.2.12) Gecko/20101027 Ubuntu/10.10 (maverick) Firefox/3.6.12','2011-01-28 22:14:26'),(0,1,'124.195.57.142','menu_types','index','GET','http://pju.gedex.web.id/menu_types/edit/5','/index.php?url=menu_types','Mozilla/5.0 (X11; U; Linux i686; en-US; rv:1.9.2.12) Gecko/20101027 Ubuntu/10.10 (maverick) Firefox/3.6.12','2011-01-28 22:14:17'),(0,1,'124.195.57.142','menu_types','edit','PUT','http://pju.gedex.web.id/menu_types/edit/5','/index.php?url=menu_types/edit/5','Mozilla/5.0 (X11; U; Linux i686; en-US; rv:1.9.2.12) Gecko/20101027 Ubuntu/10.10 (maverick) Firefox/3.6.12','2011-01-28 22:14:16'),(0,1,'124.195.57.142','menu_types','edit','GET','http://pju.gedex.web.id/menu_types','/index.php?url=menu_types/edit/5','Mozilla/5.0 (X11; U; Linux i686; en-US; rv:1.9.2.12) Gecko/20101027 Ubuntu/10.10 (maverick) Firefox/3.6.12','2011-01-28 22:14:13'),(0,1,'124.195.57.142','menu_types','index','GET','http://pju.gedex.web.id/menu_types','/index.php?url=menu_types/index/page:1/sort:order/direction:desc&ajax=1','Mozilla/5.0 (X11; U; Linux i686; en-US; rv:1.9.2.12) Gecko/20101027 Ubuntu/10.10 (maverick) Firefox/3.6.12','2011-01-28 22:13:37'),(0,1,'124.195.57.142','menu_types','index','GET','http://pju.gedex.web.id/menu_types','/index.php?url=menu_types/index/page:1/sort:order/direction:asc&ajax=1','Mozilla/5.0 (X11; U; Linux i686; en-US; rv:1.9.2.12) Gecko/20101027 Ubuntu/10.10 (maverick) Firefox/3.6.12','2011-01-28 22:13:34'),(0,1,'124.195.57.142','menu_types','index','GET','http://pju.gedex.web.id/menu_types/edit/11','/index.php?url=menu_types','Mozilla/5.0 (X11; U; Linux i686; en-US; rv:1.9.2.12) Gecko/20101027 Ubuntu/10.10 (maverick) Firefox/3.6.12','2011-01-28 22:13:30'),(0,1,'124.195.57.142','menu_types','edit','PUT','http://pju.gedex.web.id/menu_types/edit/11','/index.php?url=menu_types/edit/11','Mozilla/5.0 (X11; U; Linux i686; en-US; rv:1.9.2.12) Gecko/20101027 Ubuntu/10.10 (maverick) Firefox/3.6.12','2011-01-28 22:13:30'),(0,1,'124.195.57.142','menu_types','edit','GET','http://pju.gedex.web.id/menu_types','/index.php?url=menu_types/edit/11','Mozilla/5.0 (X11; U; Linux i686; en-US; rv:1.9.2.12) Gecko/20101027 Ubuntu/10.10 (maverick) Firefox/3.6.12','2011-01-28 22:13:27'),(0,1,'124.195.57.142','menu_types','index','GET','http://pju.gedex.web.id/menu_types/edit/10','/index.php?url=menu_types','Mozilla/5.0 (X11; U; Linux i686; en-US; rv:1.9.2.12) Gecko/20101027 Ubuntu/10.10 (maverick) Firefox/3.6.12','2011-01-28 22:13:25'),(0,1,'124.195.57.142','menu_types','edit','PUT','http://pju.gedex.web.id/menu_types/edit/10','/index.php?url=menu_types/edit/10','Mozilla/5.0 (X11; U; Linux i686; en-US; rv:1.9.2.12) Gecko/20101027 Ubuntu/10.10 (maverick) Firefox/3.6.12','2011-01-28 22:13:24'),(0,1,'124.195.57.142','menu_types','edit','GET','http://pju.gedex.web.id/menu_types','/index.php?url=menu_types/edit/10','Mozilla/5.0 (X11; U; Linux i686; en-US; rv:1.9.2.12) Gecko/20101027 Ubuntu/10.10 (maverick) Firefox/3.6.12','2011-01-28 22:13:19'),(0,1,'124.195.57.142','menu_types','index','GET','http://pju.gedex.web.id/menu_types/edit/6','/index.php?url=menu_types','Mozilla/5.0 (X11; U; Linux i686; en-US; rv:1.9.2.12) Gecko/20101027 Ubuntu/10.10 (maverick) Firefox/3.6.12','2011-01-28 22:13:16'),(0,1,'124.195.57.142','menu_types','edit','PUT','http://pju.gedex.web.id/menu_types/edit/6','/index.php?url=menu_types/edit/6','Mozilla/5.0 (X11; U; Linux i686; en-US; rv:1.9.2.12) Gecko/20101027 Ubuntu/10.10 (maverick) Firefox/3.6.12','2011-01-28 22:13:16'),(0,1,'124.195.57.142','menu_types','edit','GET','http://pju.gedex.web.id/menu_types','/index.php?url=menu_types/edit/6','Mozilla/5.0 (X11; U; Linux i686; en-US; rv:1.9.2.12) Gecko/20101027 Ubuntu/10.10 (maverick) Firefox/3.6.12','2011-01-28 22:13:13'),(0,1,'124.195.57.142','menu_types','index','GET','http://pju.gedex.web.id/menu_types/edit/5','/index.php?url=menu_types','Mozilla/5.0 (X11; U; Linux i686; en-US; rv:1.9.2.12) Gecko/20101027 Ubuntu/10.10 (maverick) Firefox/3.6.12','2011-01-28 22:13:11'),(0,1,'124.195.57.142','menu_types','edit','PUT','http://pju.gedex.web.id/menu_types/edit/5','/index.php?url=menu_types/edit/5','Mozilla/5.0 (X11; U; Linux i686; en-US; rv:1.9.2.12) Gecko/20101027 Ubuntu/10.10 (maverick) Firefox/3.6.12','2011-01-28 22:13:10'),(0,1,'124.195.57.142','menu_types','edit','GET','http://pju.gedex.web.id/menu_types','/index.php?url=menu_types/edit/5','Mozilla/5.0 (X11; U; Linux i686; en-US; rv:1.9.2.12) Gecko/20101027 Ubuntu/10.10 (maverick) Firefox/3.6.12','2011-01-28 22:13:06'),(0,1,'124.195.57.142','menu_types','index','GET','http://pju.gedex.web.id/menu_types/edit/6','/index.php?url=menu_types','Mozilla/5.0 (X11; U; Linux i686; en-US; rv:1.9.2.12) Gecko/20101027 Ubuntu/10.10 (maverick) Firefox/3.6.12','2011-01-28 22:13:02'),(0,1,'124.195.57.142','menu_types','edit','PUT','http://pju.gedex.web.id/menu_types/edit/6','/index.php?url=menu_types/edit/6','Mozilla/5.0 (X11; U; Linux i686; en-US; rv:1.9.2.12) Gecko/20101027 Ubuntu/10.10 (maverick) Firefox/3.6.12','2011-01-28 22:13:02'),(0,1,'124.195.57.142','menu_types','edit','GET','http://pju.gedex.web.id/menu_types','/index.php?url=menu_types/edit/6','Mozilla/5.0 (X11; U; Linux i686; en-US; rv:1.9.2.12) Gecko/20101027 Ubuntu/10.10 (maverick) Firefox/3.6.12','2011-01-28 22:12:59'),(0,1,'124.195.57.142','menu_types','index','GET','http://pju.gedex.web.id/menu_types/edit/5','/index.php?url=menu_types','Mozilla/5.0 (X11; U; Linux i686; en-US; rv:1.9.2.12) Gecko/20101027 Ubuntu/10.10 (maverick) Firefox/3.6.12','2011-01-28 22:12:55'),(0,1,'124.195.57.142','menu_types','edit','PUT','http://pju.gedex.web.id/menu_types/edit/5','/index.php?url=menu_types/edit/5','Mozilla/5.0 (X11; U; Linux i686; en-US; rv:1.9.2.12) Gecko/20101027 Ubuntu/10.10 (maverick) Firefox/3.6.12','2011-01-28 22:12:55'),(0,1,'124.195.57.142','menu_types','edit','GET','http://pju.gedex.web.id/menu_types','/index.php?url=menu_types/edit/5','Mozilla/5.0 (X11; U; Linux i686; en-US; rv:1.9.2.12) Gecko/20101027 Ubuntu/10.10 (maverick) Firefox/3.6.12','2011-01-28 22:12:51'),(0,1,'124.195.57.142','menu_types','index','GET','http://pju.gedex.web.id/menu_types/edit/3','/index.php?url=menu_types','Mozilla/5.0 (X11; U; Linux i686; en-US; rv:1.9.2.12) Gecko/20101027 Ubuntu/10.10 (maverick) Firefox/3.6.12','2011-01-28 22:12:47'),(0,1,'124.195.57.142','menu_types','edit','PUT','http://pju.gedex.web.id/menu_types/edit/3','/index.php?url=menu_types/edit/3','Mozilla/5.0 (X11; U; Linux i686; en-US; rv:1.9.2.12) Gecko/20101027 Ubuntu/10.10 (maverick) Firefox/3.6.12','2011-01-28 22:12:47'),(0,1,'124.195.57.142','menu_types','edit','GET','http://pju.gedex.web.id/menu_types','/index.php?url=menu_types/edit/3','Mozilla/5.0 (X11; U; Linux i686; en-US; rv:1.9.2.12) Gecko/20101027 Ubuntu/10.10 (maverick) Firefox/3.6.12','2011-01-28 22:12:43'),(0,1,'124.195.57.142','menu_types','delete_rows','POST','http://pju.gedex.web.id/menu_types','/index.php?url=menu_types/delete_rows','Mozilla/5.0 (X11; U; Linux i686; en-US; rv:1.9.2.12) Gecko/20101027 Ubuntu/10.10 (maverick) Firefox/3.6.12','2011-01-28 22:12:40'),(0,1,'124.195.57.142','menu_types','delete_rows','POST','http://pju.gedex.web.id/menu_types','/index.php?url=menu_types/delete_rows','Mozilla/5.0 (X11; U; Linux i686; en-US; rv:1.9.2.12) Gecko/20101027 Ubuntu/10.10 (maverick) Firefox/3.6.12','2011-01-28 22:12:40'),(0,1,'124.195.57.142','menu_types','index','GET','http://pju.gedex.web.id/','/index.php?url=menu_types','Mozilla/5.0 (X11; U; Linux i686; en-US; rv:1.9.2.12) Gecko/20101027 Ubuntu/10.10 (maverick) Firefox/3.6.12','2011-01-28 22:12:33'),(0,1,'124.195.57.142','pages','display','GET','http://pju.gedex.web.id/users/login','/','Mozilla/5.0 (X11; U; Linux i686; en-US; rv:1.9.2.12) Gecko/20101027 Ubuntu/10.10 (maverick) Firefox/3.6.12','2011-01-28 22:12:10'),(0,1,'124.195.57.142','pages','display','GET','http://pju.gedex.web.id/','/','Mozilla/5.0 (X11; U; Linux i686; en-US; rv:1.9.2.12) Gecko/20101027 Ubuntu/10.10 (maverick) Firefox/3.6.12','2011-01-28 21:02:45'),(0,1,'124.195.57.142','pages','display','GET','http://pju.gedex.web.id/menus','/','Mozilla/5.0 (X11; U; Linux i686; en-US; rv:1.9.2.12) Gecko/20101027 Ubuntu/10.10 (maverick) Firefox/3.6.12','2011-01-28 20:26:13'),(0,1,'124.195.57.142','menus','index','GET','http://pju.gedex.web.id/menus/edit/82','/index.php?url=menus','Mozilla/5.0 (X11; U; Linux i686; en-US; rv:1.9.2.12) Gecko/20101027 Ubuntu/10.10 (maverick) Firefox/3.6.12','2011-01-28 20:26:00'),(0,1,'124.195.57.142','menus','edit','POST','http://pju.gedex.web.id/menus/edit/82','/index.php?url=menus/edit/82','Mozilla/5.0 (X11; U; Linux i686; en-US; rv:1.9.2.12) Gecko/20101027 Ubuntu/10.10 (maverick) Firefox/3.6.12','2011-01-28 20:26:00'),(0,1,'124.195.57.142','menus','edit','GET','http://pju.gedex.web.id/menus','/index.php?url=menus/edit/82','Mozilla/5.0 (X11; U; Linux i686; en-US; rv:1.9.2.12) Gecko/20101027 Ubuntu/10.10 (maverick) Firefox/3.6.12','2011-01-28 20:25:57'),(0,1,'124.195.57.142','menus','index','GET','http://pju.gedex.web.id/menus','/index.php?url=menus/index/page:2&ajax=1','Mozilla/5.0 (X11; U; Linux i686; en-US; rv:1.9.2.12) Gecko/20101027 Ubuntu/10.10 (maverick) Firefox/3.6.12','2011-01-28 20:25:54'),(0,1,'124.195.57.142','menus','index','GET','http://pju.gedex.web.id/panels/excel','/index.php?url=menus','Mozilla/5.0 (X11; U; Linux i686; en-US; rv:1.9.2.12) Gecko/20101027 Ubuntu/10.10 (maverick) Firefox/3.6.12','2011-01-28 20:25:51'),(0,1,'124.195.57.142','panels','excel','GET','http://pju.gedex.web.id/panels/excel','/index.php?url=panels/excel&opt_subdistrict_id=&opt_street_id=&opt_relay_id=&opt_type=&txt_name=&sea','Mozilla/5.0 (X11; U; Linux i686; en-US; rv:1.9.2.12) Gecko/20101027 Ubuntu/10.10 (maverick) Firefox/3.6.12','2011-01-28 20:25:02'),(0,1,'124.195.57.142','panels','excel','GET','http://pju.gedex.web.id/panels','/index.php?url=panels/excel','Mozilla/5.0 (X11; U; Linux i686; en-US; rv:1.9.2.12) Gecko/20101027 Ubuntu/10.10 (maverick) Firefox/3.6.12','2011-01-28 20:24:59'),(0,1,'124.195.57.142','panels','index','GET','http://pju.gedex.web.id/panels/excel','/index.php?url=panels','Mozilla/5.0 (X11; U; Linux i686; en-US; rv:1.9.2.12) Gecko/20101027 Ubuntu/10.10 (maverick) Firefox/3.6.12','2011-01-28 20:24:54'),(0,1,'124.195.57.142','panels','excel','GET','http://pju.gedex.web.id/relays','/index.php?url=panels/excel','Mozilla/5.0 (X11; U; Linux i686; en-US; rv:1.9.2.12) Gecko/20101027 Ubuntu/10.10 (maverick) Firefox/3.6.12','2011-01-28 20:24:51'),(0,1,'124.195.57.142','relays','index','GET','http://pju.gedex.web.id/relays/excel','/index.php?url=relays','Mozilla/5.0 (X11; U; Linux i686; en-US; rv:1.9.2.12) Gecko/20101027 Ubuntu/10.10 (maverick) Firefox/3.6.12','2011-01-28 20:24:46'),(0,1,'124.195.57.142','relays','excel','GET','http://pju.gedex.web.id/relays/excel','/index.php?url=relays/excel&opt_subdistrict_id=&opt_street_id=&opt_coverage_area_id=&opt_coverage_se','Mozilla/5.0 (X11; U; Linux i686; en-US; rv:1.9.2.12) Gecko/20101027 Ubuntu/10.10 (maverick) Firefox/3.6.12','2011-01-28 20:24:32'),(0,1,'124.195.57.142','relays','excel','GET','http://pju.gedex.web.id/lamps/excel','/index.php?url=relays/excel','Mozilla/5.0 (X11; U; Linux i686; en-US; rv:1.9.2.12) Gecko/20101027 Ubuntu/10.10 (maverick) Firefox/3.6.12','2011-01-28 20:24:30'),(0,1,'124.195.57.142','lamps','excel','GET','http://pju.gedex.web.id/groups','/index.php?url=lamps/excel','Mozilla/5.0 (X11; U; Linux i686; en-US; rv:1.9.2.12) Gecko/20101027 Ubuntu/10.10 (maverick) Firefox/3.6.12','2011-01-28 20:24:26'),(0,1,'124.195.57.142','groups','index','GET','http://pju.gedex.web.id/groups/edit/1','/index.php?url=groups','Mozilla/5.0 (X11; U; Linux i686; en-US; rv:1.9.2.12) Gecko/20101027 Ubuntu/10.10 (maverick) Firefox/3.6.12','2011-01-28 20:24:19'),(0,1,'124.195.57.142','groups','edit','PUT','http://pju.gedex.web.id/groups/edit/1','/index.php?url=groups/edit/1','Mozilla/5.0 (X11; U; Linux i686; en-US; rv:1.9.2.12) Gecko/20101027 Ubuntu/10.10 (maverick) Firefox/3.6.12','2011-01-28 20:24:17'),(0,1,'124.195.57.142','groups','edit','GET','http://pju.gedex.web.id/groups','/index.php?url=groups/edit/1','Mozilla/5.0 (X11; U; Linux i686; en-US; rv:1.9.2.12) Gecko/20101027 Ubuntu/10.10 (maverick) Firefox/3.6.12','2011-01-28 20:24:01'),(0,1,'124.195.57.142','groups','index','GET','http://pju.gedex.web.id/menus','/index.php?url=groups','Mozilla/5.0 (X11; U; Linux i686; en-US; rv:1.9.2.12) Gecko/20101027 Ubuntu/10.10 (maverick) Firefox/3.6.12','2011-01-28 20:23:58'),(0,1,'124.195.57.142','menus','index','GET','http://pju.gedex.web.id/menus/add','/index.php?url=menus','Mozilla/5.0 (X11; U; Linux i686; en-US; rv:1.9.2.12) Gecko/20101027 Ubuntu/10.10 (maverick) Firefox/3.6.12','2011-01-28 20:23:49'),(0,1,'124.195.57.142','menus','add','POST','http://pju.gedex.web.id/menus/add','/index.php?url=menus/add','Mozilla/5.0 (X11; U; Linux i686; en-US; rv:1.9.2.12) Gecko/20101027 Ubuntu/10.10 (maverick) Firefox/3.6.12','2011-01-28 20:23:48'),(0,1,'124.195.57.142','menus','add','GET','http://pju.gedex.web.id/menus','/index.php?url=menus/add','Mozilla/5.0 (X11; U; Linux i686; en-US; rv:1.9.2.12) Gecko/20101027 Ubuntu/10.10 (maverick) Firefox/3.6.12','2011-01-28 20:23:20'),(0,1,'124.195.57.142','menus','index','GET','http://pju.gedex.web.id/menus/add','/index.php?url=menus','Mozilla/5.0 (X11; U; Linux i686; en-US; rv:1.9.2.12) Gecko/20101027 Ubuntu/10.10 (maverick) Firefox/3.6.12','2011-01-28 20:23:17'),(0,1,'124.195.57.142','menus','add','POST','http://pju.gedex.web.id/menus/add','/index.php?url=menus/add','Mozilla/5.0 (X11; U; Linux i686; en-US; rv:1.9.2.12) Gecko/20101027 Ubuntu/10.10 (maverick) Firefox/3.6.12','2011-01-28 20:23:16'),(0,1,'124.195.57.142','menus','add','GET','http://pju.gedex.web.id/menus','/index.php?url=menus/add','Mozilla/5.0 (X11; U; Linux i686; en-US; rv:1.9.2.12) Gecko/20101027 Ubuntu/10.10 (maverick) Firefox/3.6.12','2011-01-28 20:22:51'),(0,1,'124.195.57.142','menus','index','GET','http://pju.gedex.web.id/modules','/index.php?url=menus','Mozilla/5.0 (X11; U; Linux i686; en-US; rv:1.9.2.12) Gecko/20101027 Ubuntu/10.10 (maverick) Firefox/3.6.12','2011-01-28 20:22:49'),(0,1,'124.195.57.142','modules','index','GET','http://pju.gedex.web.id/modules/edit/43','/index.php?url=modules','Mozilla/5.0 (X11; U; Linux i686; en-US; rv:1.9.2.12) Gecko/20101027 Ubuntu/10.10 (maverick) Firefox/3.6.12','2011-01-28 20:22:45'),(0,1,'124.195.57.142','modules','edit','PUT','http://pju.gedex.web.id/modules/edit/43','/index.php?url=modules/edit/43','Mozilla/5.0 (X11; U; Linux i686; en-US; rv:1.9.2.12) Gecko/20101027 Ubuntu/10.10 (maverick) Firefox/3.6.12','2011-01-28 20:22:44'),(0,1,'124.195.57.142','modules','edit','GET','http://pju.gedex.web.id/modules','/index.php?url=modules/edit/43','Mozilla/5.0 (X11; U; Linux i686; en-US; rv:1.9.2.12) Gecko/20101027 Ubuntu/10.10 (maverick) Firefox/3.6.12','2011-01-28 20:22:40'),(0,1,'124.195.57.142','modules','index','GET','http://pju.gedex.web.id/modules','/index.php?url=modules/index/page:2&ajax=1','Mozilla/5.0 (X11; U; Linux i686; en-US; rv:1.9.2.12) Gecko/20101027 Ubuntu/10.10 (maverick) Firefox/3.6.12','2011-01-28 20:22:35'),(0,1,'124.195.57.142','modules','index','GET','http://pju.gedex.web.id/modules/edit/42','/index.php?url=modules','Mozilla/5.0 (X11; U; Linux i686; en-US; rv:1.9.2.12) Gecko/20101027 Ubuntu/10.10 (maverick) Firefox/3.6.12','2011-01-28 20:22:26'),(0,1,'124.195.57.142','modules','edit','PUT','http://pju.gedex.web.id/modules/edit/42','/index.php?url=modules/edit/42','Mozilla/5.0 (X11; U; Linux i686; en-US; rv:1.9.2.12) Gecko/20101027 Ubuntu/10.10 (maverick) Firefox/3.6.12','2011-01-28 20:22:26'),(0,1,'124.195.57.142','modules','edit','GET','http://pju.gedex.web.id/modules','/index.php?url=modules/edit/42','Mozilla/5.0 (X11; U; Linux i686; en-US; rv:1.9.2.12) Gecko/20101027 Ubuntu/10.10 (maverick) Firefox/3.6.12','2011-01-28 20:22:21'),(0,1,'124.195.57.142','modules','index','GET','http://pju.gedex.web.id/','/index.php?url=modules','Mozilla/5.0 (X11; U; Linux i686; en-US; rv:1.9.2.12) Gecko/20101027 Ubuntu/10.10 (maverick) Firefox/3.6.12','2011-01-28 20:22:16'),(0,1,'124.195.57.142','pages','display','GET','http://pju.gedex.web.id/users/login','/','Mozilla/5.0 (X11; U; Linux i686; en-US; rv:1.9.2.12) Gecko/20101027 Ubuntu/10.10 (maverick) Firefox/3.6.12','2011-01-28 20:22:11'),(0,1,'124.195.57.142','panels','index','GET','http://pju.gedex.web.id/relays/edit/1','/index.php?url=panels','Mozilla/5.0 (Windows; U; Windows NT 5.1; en-US; rv:1.9.2.13) Gecko/20101203 Firefox/3.6.13','2011-01-28 19:51:42'),(0,1,'124.195.57.142','relays','edit','GET','http://pju.gedex.web.id/relays','/index.php?url=relays/edit/1','Mozilla/5.0 (Windows; U; Windows NT 5.1; en-US; rv:1.9.2.13) Gecko/20101203 Firefox/3.6.13','2011-01-28 19:48:05'),(0,1,'124.195.57.142','relays','index','GET','http://pju.gedex.web.id/streets','/index.php?url=relays','Mozilla/5.0 (Windows; U; Windows NT 5.1; en-US; rv:1.9.2.13) Gecko/20101203 Firefox/3.6.13','2011-01-28 19:46:59'),(0,1,'124.195.57.142','streets','index','GET','http://pju.gedex.web.id/users/login','/index.php?url=streets','Mozilla/5.0 (Windows; U; Windows NT 5.1; en-US; rv:1.9.2.13) Gecko/20101203 Firefox/3.6.13','2011-01-28 19:46:52'),(0,1,'124.195.57.142','streets','index','GET','http://pju.gedex.web.id/lamps','/index.php?url=streets','Mozilla/5.0 (Windows; U; Windows NT 5.1; en-US; rv:1.9.2.13) Gecko/20101203 Firefox/3.6.13','2011-01-28 16:32:43'),(0,1,'124.195.57.142','lamps','index','GET','http://pju.gedex.web.id/lamps','/index.php?url=lamps/index/page:1/filter:1/&ajax=1','Mozilla/5.0 (Windows; U; Windows NT 5.1; en-US; rv:1.9.2.13) Gecko/20101203 Firefox/3.6.13','2011-01-28 16:32:37'),(0,1,'124.195.57.142','lamps','index','GET','http://pju.gedex.web.id/lamps','/index.php?url=lamps/index/page:2/filter:1/&ajax=1','Mozilla/5.0 (Windows; U; Windows NT 5.1; en-US; rv:1.9.2.13) Gecko/20101203 Firefox/3.6.13','2011-01-28 16:32:31'),(0,1,'124.195.57.142','lamps','index','GET','http://pju.gedex.web.id/companies','/index.php?url=lamps','Mozilla/5.0 (Windows; U; Windows NT 5.1; en-US; rv:1.9.2.13) Gecko/20101203 Firefox/3.6.13','2011-01-28 16:32:22'),(0,1,'124.195.57.142','companies','index','GET','http://pju.gedex.web.id/companies/edit/3','/index.php?url=companies','Mozilla/5.0 (Windows; U; Windows NT 5.1; en-US; rv:1.9.2.13) Gecko/20101203 Firefox/3.6.13','2011-01-28 16:32:13'),(0,1,'124.195.57.142','companies','edit','PUT','http://pju.gedex.web.id/companies/edit/3','/index.php?url=companies/edit/3','Mozilla/5.0 (Windows; U; Windows NT 5.1; en-US; rv:1.9.2.13) Gecko/20101203 Firefox/3.6.13','2011-01-28 16:32:12'),(0,1,'124.195.57.142','companies','edit','GET','http://pju.gedex.web.id/companies','/index.php?url=companies/edit/3','Mozilla/5.0 (Windows; U; Windows NT 5.1; en-US; rv:1.9.2.13) Gecko/20101203 Firefox/3.6.13','2011-01-28 16:32:03'),(0,1,'124.195.57.142','companies','index','GET','http://pju.gedex.web.id/companies/edit/3','/index.php?url=companies','Mozilla/5.0 (Windows; U; Windows NT 5.1; en-US; rv:1.9.2.13) Gecko/20101203 Firefox/3.6.13','2011-01-28 16:31:56'),(0,1,'124.195.57.142','companies','edit','PUT','http://pju.gedex.web.id/companies/edit/3','/index.php?url=companies/edit/3','Mozilla/5.0 (Windows; U; Windows NT 5.1; en-US; rv:1.9.2.13) Gecko/20101203 Firefox/3.6.13','2011-01-28 16:31:55'),(0,1,'124.195.57.142','companies','edit','GET','http://pju.gedex.web.id/companies','/index.php?url=companies/edit/3','Mozilla/5.0 (Windows; U; Windows NT 5.1; en-US; rv:1.9.2.13) Gecko/20101203 Firefox/3.6.13','2011-01-28 16:31:47'),(0,1,'124.195.57.142','companies','index','GET','http://pju.gedex.web.id/companies/edit/3','/index.php?url=companies','Mozilla/5.0 (Windows; U; Windows NT 5.1; en-US; rv:1.9.2.13) Gecko/20101203 Firefox/3.6.13','2011-01-28 16:31:43'),(0,1,'124.195.57.142','companies','edit','PUT','http://pju.gedex.web.id/companies/edit/3','/index.php?url=companies/edit/3','Mozilla/5.0 (Windows; U; Windows NT 5.1; en-US; rv:1.9.2.13) Gecko/20101203 Firefox/3.6.13','2011-01-28 16:31:42'),(0,1,'124.195.57.142','companies','edit','GET','http://pju.gedex.web.id/companies','/index.php?url=companies/edit/3','Mozilla/5.0 (Windows; U; Windows NT 5.1; en-US; rv:1.9.2.13) Gecko/20101203 Firefox/3.6.13','2011-01-28 16:31:28'),(0,1,'124.195.57.142','companies','index','GET','http://pju.gedex.web.id/companies/edit/3','/index.php?url=companies','Mozilla/5.0 (Windows; U; Windows NT 5.1; en-US; rv:1.9.2.13) Gecko/20101203 Firefox/3.6.13','2011-01-28 16:31:15'),(0,1,'124.195.57.142','companies','edit','PUT','http://pju.gedex.web.id/companies/edit/3','/index.php?url=companies/edit/3','Mozilla/5.0 (Windows; U; Windows NT 5.1; en-US; rv:1.9.2.13) Gecko/20101203 Firefox/3.6.13','2011-01-28 16:31:14'),(0,1,'124.195.57.142','companies','edit','GET','http://pju.gedex.web.id/companies','/index.php?url=companies/edit/3','Mozilla/5.0 (Windows; U; Windows NT 5.1; en-US; rv:1.9.2.13) Gecko/20101203 Firefox/3.6.13','2011-01-28 16:30:56'),(0,1,'124.195.57.142','companies','index','GET','http://pju.gedex.web.id/companies/edit/3','/index.php?url=companies','Mozilla/5.0 (Windows; U; Windows NT 5.1; en-US; rv:1.9.2.13) Gecko/20101203 Firefox/3.6.13','2011-01-28 16:30:47'),(0,1,'124.195.57.142','companies','edit','PUT','http://pju.gedex.web.id/companies/edit/3','/index.php?url=companies/edit/3','Mozilla/5.0 (Windows; U; Windows NT 5.1; en-US; rv:1.9.2.13) Gecko/20101203 Firefox/3.6.13','2011-01-28 16:30:46'),(0,1,'124.195.57.142','companies','edit','GET','http://pju.gedex.web.id/companies','/index.php?url=companies/edit/3','Mozilla/5.0 (Windows; U; Windows NT 5.1; en-US; rv:1.9.2.13) Gecko/20101203 Firefox/3.6.13','2011-01-28 16:30:29'),(0,1,'124.195.57.142','companies','index','GET','http://pju.gedex.web.id/lamps','/index.php?url=companies','Mozilla/5.0 (Windows; U; Windows NT 5.1; en-US; rv:1.9.2.13) Gecko/20101203 Firefox/3.6.13','2011-01-28 16:30:20'),(0,1,'124.195.57.142','lamps','index','GET','http://pju.gedex.web.id/lamps/excel','/index.php?url=lamps','Mozilla/5.0 (Windows; U; Windows NT 5.1; en-US; rv:1.9.2.13) Gecko/20101203 Firefox/3.6.13','2011-01-28 16:30:14'),(0,1,'124.195.57.142','lamps','excel','GET','http://pju.gedex.web.id/lamps/excel','/index.php?url=lamps/excel&opt_subdistrict_id=&opt_street_id=&opt_relay_id=&opt_panel_id=&opt_networ','Mozilla/5.0 (Windows; U; Windows NT 5.1; en-US; rv:1.9.2.13) Gecko/20101203 Firefox/3.6.13','2011-01-28 16:29:29'),(0,1,'124.195.57.142','lamps','excel','GET','http://pju.gedex.web.id/users/login','/index.php?url=lamps/excel','Mozilla/5.0 (Windows; U; Windows NT 5.1; en-US; rv:1.9.2.13) Gecko/20101203 Firefox/3.6.13','2011-01-28 16:29:11'),(0,1,'124.195.57.142','reports','fusionxml','GET','','/index.php?url=reports/fusionxml&curr=312','Mozilla/5.0 (Windows; U; Windows NT 5.1; en-US; rv:1.9.2.13) Gecko/20101203 Firefox/3.6.13','2011-01-28 14:14:46'),(0,1,'124.195.57.142','reports','lamps','GET','http://pju.gedex.web.id/relays','/index.php?url=reports/lamps','Mozilla/5.0 (Windows; U; Windows NT 5.1; en-US; rv:1.9.2.13) Gecko/20101203 Firefox/3.6.13','2011-01-28 14:14:44'),(0,1,'124.195.57.142','relays','index','GET','http://pju.gedex.web.id/relays','/index.php?url=relays/index/page:3/filter:1/&ajax=1','Mozilla/5.0 (Windows; U; Windows NT 5.1; en-US; rv:1.9.2.13) Gecko/20101203 Firefox/3.6.13','2011-01-28 14:14:37'),(0,1,'124.195.57.142','relays','index','GET','http://pju.gedex.web.id/relays','/index.php?url=relays/index/page:2/filter:1/&ajax=1','Mozilla/5.0 (Windows; U; Windows NT 5.1; en-US; rv:1.9.2.13) Gecko/20101203 Firefox/3.6.13','2011-01-28 14:14:33'),(0,1,'124.195.57.142','relays','index','GET','http://pju.gedex.web.id/lamps','/index.php?url=relays','Mozilla/5.0 (Windows; U; Windows NT 5.1; en-US; rv:1.9.2.13) Gecko/20101203 Firefox/3.6.13','2011-01-28 14:14:27'),(0,1,'124.195.57.142','lamps','index','GET','http://pju.gedex.web.id/lamps','/index.php?url=lamps/index/page:1/filter:1/&ajax=1','Mozilla/5.0 (Windows; U; Windows NT 5.1; en-US; rv:1.9.2.13) Gecko/20101203 Firefox/3.6.13','2011-01-28 14:14:19'),(0,1,'124.195.57.142','lamps','index','GET','http://pju.gedex.web.id/lamps','/index.php?url=lamps/index/page:2/filter:1/&ajax=1','Mozilla/5.0 (Windows; U; Windows NT 5.1; en-US; rv:1.9.2.13) Gecko/20101203 Firefox/3.6.13','2011-01-28 14:07:49'),(0,1,'124.195.57.142','lamps','index','GET','http://pju.gedex.web.id/','/index.php?url=lamps','Mozilla/5.0 (Windows; U; Windows NT 5.1; en-US; rv:1.9.2.13) Gecko/20101203 Firefox/3.6.13','2011-01-28 14:07:43'),(0,1,'124.195.57.142','pages','display','GET','http://pju.gedex.web.id/users/login','/','Mozilla/5.0 (Windows; U; Windows NT 5.1; en-US; rv:1.9.2.13) Gecko/20101203 Firefox/3.6.13','2011-01-28 14:07:35'),(0,1,'182.1.212.13','users','logout','GET','http://pju.gedex.web.id/pillar_types','/index.php?url=users/logout','Mozilla/5.0 (Windows; U; Windows NT 5.1; id; rv:1.9.2.12) Gecko/20101026 Firefox/3.6.12','2011-01-28 11:42:45'),(0,1,'182.1.212.13','pillar_types','index','GET','http://pju.gedex.web.id/relays?opt_subdistrict_id=&opt_street_id=121&opt_coverage_area_id=&opt_cover','/index.php?url=pillar_types','Mozilla/5.0 (Windows; U; Windows NT 5.1; id; rv:1.9.2.12) Gecko/20101026 Firefox/3.6.12','2011-01-28 11:41:44'),(0,1,'182.1.212.13','relays','index','GET','http://pju.gedex.web.id/relays?opt_subdistrict_id=1&opt_street_id=&opt_coverage_area_id=&opt_coverag','/index.php?url=relays&opt_subdistrict_id=&opt_street_id=121&opt_coverage_area_id=&opt_coverage_servi','Mozilla/5.0 (Windows; U; Windows NT 5.1; id; rv:1.9.2.12) Gecko/20101026 Firefox/3.6.12','2011-01-28 11:27:52'),(0,1,'182.1.212.13','relays','index','GET','http://pju.gedex.web.id/relays','/index.php?url=relays&opt_subdistrict_id=1&opt_street_id=&opt_coverage_area_id=&opt_coverage_service','Mozilla/5.0 (Windows; U; Windows NT 5.1; id; rv:1.9.2.12) Gecko/20101026 Firefox/3.6.12','2011-01-28 11:26:52'),(0,1,'182.1.212.13','relays','index','GET','http://pju.gedex.web.id/panels','/index.php?url=relays','Mozilla/5.0 (Windows; U; Windows NT 5.1; id; rv:1.9.2.12) Gecko/20101026 Firefox/3.6.12','2011-01-28 11:25:59'),(0,1,'182.1.212.13','panels','index','GET','http://pju.gedex.web.id/panels/edit/60','/index.php?url=panels','Mozilla/5.0 (Windows; U; Windows NT 5.1; id; rv:1.9.2.12) Gecko/20101026 Firefox/3.6.12','2011-01-28 11:23:31'),(0,1,'182.1.212.13','panels','edit','PUT','http://pju.gedex.web.id/panels/edit/60','/index.php?url=panels/edit/60','Mozilla/5.0 (Windows; U; Windows NT 5.1; id; rv:1.9.2.12) Gecko/20101026 Firefox/3.6.12','2011-01-28 11:23:30'),(0,1,'182.1.212.13','panels','edit','GET','http://pju.gedex.web.id/panels','/index.php?url=panels/edit/60','Mozilla/5.0 (Windows; U; Windows NT 5.1; id; rv:1.9.2.12) Gecko/20101026 Firefox/3.6.12','2011-01-28 11:23:19'),(0,1,'182.1.212.13','panels','index','GET','http://pju.gedex.web.id/panels','/index.php?url=panels/index/page:3/filter:1/&ajax=1','Mozilla/5.0 (Windows; U; Windows NT 5.1; id; rv:1.9.2.12) Gecko/20101026 Firefox/3.6.12','2011-01-28 11:21:51'),(0,1,'182.1.212.13','panels','index','GET','http://pju.gedex.web.id/panels','/index.php?url=panels/index/page:2/filter:1/&ajax=1','Mozilla/5.0 (Windows; U; Windows NT 5.1; id; rv:1.9.2.12) Gecko/20101026 Firefox/3.6.12','2011-01-28 11:21:03'),(0,1,'182.1.212.13','panels','index','GET','http://pju.gedex.web.id/relays','/index.php?url=panels','Mozilla/5.0 (Windows; U; Windows NT 5.1; id; rv:1.9.2.12) Gecko/20101026 Firefox/3.6.12','2011-01-28 11:20:07'),(0,1,'182.1.212.13','relays','index','GET','http://pju.gedex.web.id/','/index.php?url=relays','Mozilla/5.0 (Windows; U; Windows NT 5.1; id; rv:1.9.2.12) Gecko/20101026 Firefox/3.6.12','2011-01-28 11:19:38'),(0,1,'182.1.212.13','pages','display','GET','http://pju.gedex.web.id/users/login','/','Mozilla/5.0 (Windows; U; Windows NT 5.1; id; rv:1.9.2.12) Gecko/20101026 Firefox/3.6.12','2011-01-28 11:19:12'),(0,1,'222.124.59.58','users','logout','GET','http://pju.gedex.web.id/relays','/index.php?url=users/logout','Mozilla/5.0 (X11; U; Linux i686; en-US; rv:1.9.2.12) Gecko/20101027 Ubuntu/10.10 (maverick) Firefox/3.6.12','2011-01-28 01:10:46'),(0,1,'222.124.59.58','relays','index','GET','http://pju.gedex.web.id/relays','/index.php?url=relays','Mozilla/5.0 (X11; U; Linux i686; en-US; rv:1.9.2.12) Gecko/20101027 Ubuntu/10.10 (maverick) Firefox/3.6.12','2011-01-28 01:10:40'),(0,1,'222.124.59.58','relays','index','GET','http://pju.gedex.web.id/relays','/index.php?url=relays/index/page:3/filter:1/&ajax=1','Mozilla/5.0 (X11; U; Linux i686; en-US; rv:1.9.2.12) Gecko/20101027 Ubuntu/10.10 (maverick) Firefox/3.6.12','2011-01-28 01:03:50'),(0,1,'222.124.59.58','relays','index','GET','http://pju.gedex.web.id/relays','/index.php?url=relays/index/page:2/filter:1/&ajax=1','Mozilla/5.0 (X11; U; Linux i686; en-US; rv:1.9.2.12) Gecko/20101027 Ubuntu/10.10 (maverick) Firefox/3.6.12','2011-01-28 01:03:46'),(0,1,'222.124.59.58','relays','index','GET','http://pju.gedex.web.id/relays?opt_subdistrict_id=4&opt_street_id=&opt_coverage_area_id=&opt_coverag','/index.php?url=relays','Mozilla/5.0 (X11; U; Linux i686; en-US; rv:1.9.2.12) Gecko/20101027 Ubuntu/10.10 (maverick) Firefox/3.6.12','2011-01-28 01:03:39'),(0,1,'222.124.59.58','relays','index','GET','http://pju.gedex.web.id/relays','/index.php?url=relays&opt_subdistrict_id=4&opt_street_id=&opt_coverage_area_id=&opt_coverage_service','Mozilla/5.0 (X11; U; Linux i686; en-US; rv:1.9.2.12) Gecko/20101027 Ubuntu/10.10 (maverick) Firefox/3.6.12','2011-01-28 01:03:25'),(0,1,'222.124.59.58','relays','index','GET','http://pju.gedex.web.id/relays?opt_subdistrict_id=1&opt_street_id=103&opt_coverage_area_id=&opt_cove','/index.php?url=relays','Mozilla/5.0 (X11; U; Linux i686; en-US; rv:1.9.2.12) Gecko/20101027 Ubuntu/10.10 (maverick) Firefox/3.6.12','2011-01-28 01:03:17'),(0,1,'222.124.59.58','relays','index','GET','http://pju.gedex.web.id/relays?opt_subdistrict_id=1&opt_street_id=&opt_coverage_area_id=&opt_coverag','/index.php?url=relays&opt_subdistrict_id=1&opt_street_id=103&opt_coverage_area_id=&opt_coverage_serv','Mozilla/5.0 (X11; U; Linux i686; en-US; rv:1.9.2.12) Gecko/20101027 Ubuntu/10.10 (maverick) Firefox/3.6.12','2011-01-28 01:03:13'),(0,1,'222.124.59.58','relays','index','GET','http://pju.gedex.web.id/relays?opt_subdistrict_id=1&opt_street_id=364&opt_coverage_area_id=&opt_cove','/index.php?url=relays&opt_subdistrict_id=1&opt_street_id=&opt_coverage_area_id=&opt_coverage_service','Mozilla/5.0 (X11; U; Linux i686; en-US; rv:1.9.2.12) Gecko/20101027 Ubuntu/10.10 (maverick) Firefox/3.6.12','2011-01-28 01:03:05'),(0,1,'222.124.59.58','relays','index','GET','http://pju.gedex.web.id/relays?opt_subdistrict_id=1&opt_street_id=&opt_coverage_area_id=&opt_coverag','/index.php?url=relays&opt_subdistrict_id=1&opt_street_id=364&opt_coverage_area_id=&opt_coverage_serv','Mozilla/5.0 (X11; U; Linux i686; en-US; rv:1.9.2.12) Gecko/20101027 Ubuntu/10.10 (maverick) Firefox/3.6.12','2011-01-28 01:03:00'),(0,1,'222.124.59.58','relays','index','GET','http://pju.gedex.web.id/relays','/index.php?url=relays&opt_subdistrict_id=1&opt_street_id=&opt_coverage_area_id=&opt_coverage_service','Mozilla/5.0 (X11; U; Linux i686; en-US; rv:1.9.2.12) Gecko/20101027 Ubuntu/10.10 (maverick) Firefox/3.6.12','2011-01-28 01:02:52'),(0,1,'222.124.59.58','relays','index','GET','http://pju.gedex.web.id/users/login','/index.php?url=relays','Mozilla/5.0 (X11; U; Linux i686; en-US; rv:1.9.2.12) Gecko/20101027 Ubuntu/10.10 (maverick) Firefox/3.6.12','2011-01-28 01:02:42'),(0,1,'110.137.206.39','reports','fusionxml','GET','','/index.php?url=reports/fusionxml&curr=561','Mozilla/5.0 (X11; U; Linux i686; en-US; rv:1.9.2.12) Gecko/20101027 Ubuntu/10.10 (maverick) Firefox/3.6.12','2011-02-01 13:07:24'),(0,1,'110.137.206.39','reports','lamps','GET','http://pju.gedex.web.id/companies','/index.php?url=reports/lamps','Mozilla/5.0 (X11; U; Linux i686; en-US; rv:1.9.2.12) Gecko/20101027 Ubuntu/10.10 (maverick) Firefox/3.6.12','2011-02-01 13:07:22'),(0,1,'110.137.206.39','companies','index','GET','http://pju.gedex.web.id/companies/edit/3','/index.php?url=companies','Mozilla/5.0 (X11; U; Linux i686; en-US; rv:1.9.2.12) Gecko/20101027 Ubuntu/10.10 (maverick) Firefox/3.6.12','2011-02-01 13:06:45'),(0,1,'110.137.206.39','companies','edit','PUT','http://pju.gedex.web.id/companies/edit/3','/index.php?url=companies/edit/3','Mozilla/5.0 (X11; U; Linux i686; en-US; rv:1.9.2.12) Gecko/20101027 Ubuntu/10.10 (maverick) Firefox/3.6.12','2011-02-01 13:06:41'),(0,1,'110.137.206.39','companies','edit','PUT','http://pju.gedex.web.id/companies/edit/3','/index.php?url=companies/edit/3','Mozilla/5.0 (X11; U; Linux i686; en-US; rv:1.9.2.12) Gecko/20101027 Ubuntu/10.10 (maverick) Firefox/3.6.12','2011-02-01 13:06:37'),(0,1,'110.137.206.39','companies','edit','GET','http://pju.gedex.web.id/companies','/index.php?url=companies/edit/3','Mozilla/5.0 (X11; U; Linux i686; en-US; rv:1.9.2.12) Gecko/20101027 Ubuntu/10.10 (maverick) Firefox/3.6.12','2011-02-01 13:06:34'),(0,1,'110.137.206.39','companies','index','GET','http://pju.gedex.web.id/menus','/index.php?url=companies','Mozilla/5.0 (X11; U; Linux i686; en-US; rv:1.9.2.12) Gecko/20101027 Ubuntu/10.10 (maverick) Firefox/3.6.12','2011-02-01 13:06:30'),(0,1,'110.137.206.39','menus','index','GET','http://pju.gedex.web.id/menus/edit/22','/index.php?url=menus','Mozilla/5.0 (X11; U; Linux i686; en-US; rv:1.9.2.12) Gecko/20101027 Ubuntu/10.10 (maverick) Firefox/3.6.12','2011-02-01 12:58:50'),(0,1,'110.137.206.39','menus','edit','GET','http://pju.gedex.web.id/menus','/index.php?url=menus/edit/22','Mozilla/5.0 (X11; U; Linux i686; en-US; rv:1.9.2.12) Gecko/20101027 Ubuntu/10.10 (maverick) Firefox/3.6.12','2011-02-01 12:58:47'),(0,1,'110.137.206.39','menus','index','GET','http://pju.gedex.web.id/menus/edit/17','/index.php?url=menus','Mozilla/5.0 (X11; U; Linux i686; en-US; rv:1.9.2.12) Gecko/20101027 Ubuntu/10.10 (maverick) Firefox/3.6.12','2011-02-01 12:58:44'),(0,1,'110.137.206.39','menus','edit','GET','http://pju.gedex.web.id/menus','/index.php?url=menus/edit/17','Mozilla/5.0 (X11; U; Linux i686; en-US; rv:1.9.2.12) Gecko/20101027 Ubuntu/10.10 (maverick) Firefox/3.6.12','2011-02-01 12:58:38'),(0,1,'110.137.206.39','menus','index','GET','http://pju.gedex.web.id/menus/edit/12','/index.php?url=menus','Mozilla/5.0 (X11; U; Linux i686; en-US; rv:1.9.2.12) Gecko/20101027 Ubuntu/10.10 (maverick) Firefox/3.6.12','2011-02-01 12:58:34'),(0,1,'110.137.206.39','menus','edit','POST','http://pju.gedex.web.id/menus/edit/12','/index.php?url=menus/edit/12','Mozilla/5.0 (X11; U; Linux i686; en-US; rv:1.9.2.12) Gecko/20101027 Ubuntu/10.10 (maverick) Firefox/3.6.12','2011-02-01 12:58:34'),(0,1,'110.137.206.39','menus','edit','GET','http://pju.gedex.web.id/menus','/index.php?url=menus/edit/12','Mozilla/5.0 (X11; U; Linux i686; en-US; rv:1.9.2.12) Gecko/20101027 Ubuntu/10.10 (maverick) Firefox/3.6.12','2011-02-01 12:58:30'),(0,1,'110.137.206.39','menus','index','GET','http://pju.gedex.web.id/menus/edit/11','/index.php?url=menus','Mozilla/5.0 (X11; U; Linux i686; en-US; rv:1.9.2.12) Gecko/20101027 Ubuntu/10.10 (maverick) Firefox/3.6.12','2011-02-01 12:58:26'),(0,1,'110.137.206.39','menus','edit','POST','http://pju.gedex.web.id/menus/edit/11','/index.php?url=menus/edit/11','Mozilla/5.0 (X11; U; Linux i686; en-US; rv:1.9.2.12) Gecko/20101027 Ubuntu/10.10 (maverick) Firefox/3.6.12','2011-02-01 12:58:25'),(0,1,'110.137.206.39','menus','edit','GET','http://pju.gedex.web.id/menus','/index.php?url=menus/edit/11','Mozilla/5.0 (X11; U; Linux i686; en-US; rv:1.9.2.12) Gecko/20101027 Ubuntu/10.10 (maverick) Firefox/3.6.12','2011-02-01 12:58:21'),(0,1,'110.137.206.39','menus','index','GET','http://pju.gedex.web.id/menus/edit/15','/index.php?url=menus','Mozilla/5.0 (X11; U; Linux i686; en-US; rv:1.9.2.12) Gecko/20101027 Ubuntu/10.10 (maverick) Firefox/3.6.12','2011-02-01 12:58:18'),(0,1,'110.137.206.39','menus','edit','POST','http://pju.gedex.web.id/menus/edit/15','/index.php?url=menus/edit/15','Mozilla/5.0 (X11; U; Linux i686; en-US; rv:1.9.2.12) Gecko/20101027 Ubuntu/10.10 (maverick) Firefox/3.6.12','2011-02-01 12:58:17'),(0,1,'110.137.206.39','menus','edit','GET','http://pju.gedex.web.id/menus','/index.php?url=menus/edit/15','Mozilla/5.0 (X11; U; Linux i686; en-US; rv:1.9.2.12) Gecko/20101027 Ubuntu/10.10 (maverick) Firefox/3.6.12','2011-02-01 12:58:14'),(0,1,'110.137.206.39','menus','index','GET','http://pju.gedex.web.id/menus/edit/14','/index.php?url=menus','Mozilla/5.0 (X11; U; Linux i686; en-US; rv:1.9.2.12) Gecko/20101027 Ubuntu/10.10 (maverick) Firefox/3.6.12','2011-02-01 12:58:08'),(0,1,'110.137.206.39','menus','edit','POST','http://pju.gedex.web.id/menus/edit/14','/index.php?url=menus/edit/14','Mozilla/5.0 (X11; U; Linux i686; en-US; rv:1.9.2.12) Gecko/20101027 Ubuntu/10.10 (maverick) Firefox/3.6.12','2011-02-01 12:58:08'),(0,1,'110.137.206.39','menus','edit','GET','http://pju.gedex.web.id/menus','/index.php?url=menus/edit/14','Mozilla/5.0 (X11; U; Linux i686; en-US; rv:1.9.2.12) Gecko/20101027 Ubuntu/10.10 (maverick) Firefox/3.6.12','2011-02-01 12:58:03'),(0,1,'110.137.206.39','menus','index','GET','http://pju.gedex.web.id/menus/edit/16','/index.php?url=menus','Mozilla/5.0 (X11; U; Linux i686; en-US; rv:1.9.2.12) Gecko/20101027 Ubuntu/10.10 (maverick) Firefox/3.6.12','2011-02-01 12:55:25'),(0,1,'110.137.206.39','menus','edit','GET','http://pju.gedex.web.id/menus','/index.php?url=menus/edit/16','Mozilla/5.0 (X11; U; Linux i686; en-US; rv:1.9.2.12) Gecko/20101027 Ubuntu/10.10 (maverick) Firefox/3.6.12','2011-02-01 12:55:18'),(0,1,'110.137.206.39','menus','edit','POST','http://pju.gedex.web.id/menus/edit/16','/index.php?url=menus/edit/16','Mozilla/5.0 (X11; U; Linux i686; en-US; rv:1.9.2.12) Gecko/20101027 Ubuntu/10.10 (maverick) Firefox/3.6.12','2011-02-01 12:55:23'),(0,1,'110.137.206.39','menus','index','GET','http://pju.gedex.web.id/menus','/index.php?url=menus/index/page:1&ajax=1','Mozilla/5.0 (X11; U; Linux i686; en-US; rv:1.9.2.12) Gecko/20101027 Ubuntu/10.10 (maverick) Firefox/3.6.12','2011-02-01 12:55:05'),(0,1,'110.137.206.39','menus','index','GET','http://pju.gedex.web.id/menus','/index.php?url=menus/index/page:2&ajax=1','Mozilla/5.0 (X11; U; Linux i686; en-US; rv:1.9.2.12) Gecko/20101027 Ubuntu/10.10 (maverick) Firefox/3.6.12','2011-02-01 12:54:59'),(0,1,'110.137.206.39','menus','index','GET','http://pju.gedex.web.id/menus/edit/72','/index.php?url=menus','Mozilla/5.0 (X11; U; Linux i686; en-US; rv:1.9.2.12) Gecko/20101027 Ubuntu/10.10 (maverick) Firefox/3.6.12','2011-02-01 12:54:22'),(0,1,'110.137.206.39','menus','edit','POST','http://pju.gedex.web.id/menus/edit/72','/index.php?url=menus/edit/72','Mozilla/5.0 (X11; U; Linux i686; en-US; rv:1.9.2.12) Gecko/20101027 Ubuntu/10.10 (maverick) Firefox/3.6.12','2011-02-01 12:54:21'),(0,1,'110.137.206.39','menus','edit','GET','http://pju.gedex.web.id/menus','/index.php?url=menus/edit/72','Mozilla/5.0 (X11; U; Linux i686; en-US; rv:1.9.2.12) Gecko/20101027 Ubuntu/10.10 (maverick) Firefox/3.6.12','2011-02-01 12:54:18'),(0,1,'110.137.206.39','menus','index','GET','http://pju.gedex.web.id/menus/edit/81','/index.php?url=menus','Mozilla/5.0 (X11; U; Linux i686; en-US; rv:1.9.2.12) Gecko/20101027 Ubuntu/10.10 (maverick) Firefox/3.6.12','2011-02-01 12:54:14'),(0,1,'110.137.206.39','menus','edit','POST','http://pju.gedex.web.id/menus/edit/81','/index.php?url=menus/edit/81','Mozilla/5.0 (X11; U; Linux i686; en-US; rv:1.9.2.12) Gecko/20101027 Ubuntu/10.10 (maverick) Firefox/3.6.12','2011-02-01 12:54:14'),(0,1,'110.137.206.39','menus','edit','GET','http://pju.gedex.web.id/menus','/index.php?url=menus/edit/81','Mozilla/5.0 (X11; U; Linux i686; en-US; rv:1.9.2.12) Gecko/20101027 Ubuntu/10.10 (maverick) Firefox/3.6.12','2011-02-01 12:54:10'),(0,1,'110.137.206.39','menus','index','GET','http://pju.gedex.web.id/menus','/index.php?url=menus/index/page:2&ajax=1','Mozilla/5.0 (X11; U; Linux i686; en-US; rv:1.9.2.12) Gecko/20101027 Ubuntu/10.10 (maverick) Firefox/3.6.12','2011-02-01 12:54:06'),(0,1,'110.137.206.39','menus','index','GET','http://pju.gedex.web.id/menus/edit/75','/index.php?url=menus','Mozilla/5.0 (X11; U; Linux i686; en-US; rv:1.9.2.12) Gecko/20101027 Ubuntu/10.10 (maverick) Firefox/3.6.12','2011-02-01 12:53:59'),(0,1,'110.137.206.39','menus','edit','POST','http://pju.gedex.web.id/menus/edit/75','/index.php?url=menus/edit/75','Mozilla/5.0 (X11; U; Linux i686; en-US; rv:1.9.2.12) Gecko/20101027 Ubuntu/10.10 (maverick) Firefox/3.6.12','2011-02-01 12:53:56'),(0,1,'110.137.206.39','menus','edit','GET','http://pju.gedex.web.id/menus','/index.php?url=menus/edit/75','Mozilla/5.0 (X11; U; Linux i686; en-US; rv:1.9.2.12) Gecko/20101027 Ubuntu/10.10 (maverick) Firefox/3.6.12','2011-02-01 12:53:28'),(0,1,'110.137.206.39','menus','index','GET','http://pju.gedex.web.id/menus/edit/77','/index.php?url=menus','Mozilla/5.0 (X11; U; Linux i686; en-US; rv:1.9.2.12) Gecko/20101027 Ubuntu/10.10 (maverick) Firefox/3.6.12','2011-02-01 12:53:22'),(0,1,'110.137.206.39','menus','edit','POST','http://pju.gedex.web.id/menus/edit/77','/index.php?url=menus/edit/77','Mozilla/5.0 (X11; U; Linux i686; en-US; rv:1.9.2.12) Gecko/20101027 Ubuntu/10.10 (maverick) Firefox/3.6.12','2011-02-01 12:53:21'),(0,1,'110.137.206.39','menus','edit','GET','http://pju.gedex.web.id/menus','/index.php?url=menus/edit/77','Mozilla/5.0 (X11; U; Linux i686; en-US; rv:1.9.2.12) Gecko/20101027 Ubuntu/10.10 (maverick) Firefox/3.6.12','2011-02-01 12:53:16'),(0,1,'110.137.206.39','menus','index','GET','http://pju.gedex.web.id/menus','/index.php?url=menus/index/page:2&ajax=1','Mozilla/5.0 (X11; U; Linux i686; en-US; rv:1.9.2.12) Gecko/20101027 Ubuntu/10.10 (maverick) Firefox/3.6.12','2011-02-01 12:53:07'),(0,1,'110.137.206.39','menus','index','GET','http://pju.gedex.web.id/menus/edit/76','/index.php?url=menus','Mozilla/5.0 (X11; U; Linux i686; en-US; rv:1.9.2.12) Gecko/20101027 Ubuntu/10.10 (maverick) Firefox/3.6.12','2011-02-01 12:53:04'),(0,1,'110.137.206.39','menus','edit','GET','http://pju.gedex.web.id/menus','/index.php?url=menus/edit/76','Mozilla/5.0 (X11; U; Linux i686; en-US; rv:1.9.2.12) Gecko/20101027 Ubuntu/10.10 (maverick) Firefox/3.6.12','2011-02-01 12:53:00'),(0,1,'110.137.206.39','menus','index','GET','http://pju.gedex.web.id/menus','/index.php?url=menus/index/page:2&ajax=1','Mozilla/5.0 (X11; U; Linux i686; en-US; rv:1.9.2.12) Gecko/20101027 Ubuntu/10.10 (maverick) Firefox/3.6.12','2011-02-01 12:52:58'),(0,1,'110.137.206.39','menus','index','GET','http://pju.gedex.web.id/menus/edit/85','/index.php?url=menus','Mozilla/5.0 (X11; U; Linux i686; en-US; rv:1.9.2.12) Gecko/20101027 Ubuntu/10.10 (maverick) Firefox/3.6.12','2011-02-01 12:52:51'),(0,1,'110.137.206.39','menus','edit','POST','http://pju.gedex.web.id/menus/edit/85','/index.php?url=menus/edit/85','Mozilla/5.0 (X11; U; Linux i686; en-US; rv:1.9.2.12) Gecko/20101027 Ubuntu/10.10 (maverick) Firefox/3.6.12','2011-02-01 12:52:50'),(0,1,'110.137.206.39','menus','edit','GET','http://pju.gedex.web.id/menus','/index.php?url=menus/edit/85','Mozilla/5.0 (X11; U; Linux i686; en-US; rv:1.9.2.12) Gecko/20101027 Ubuntu/10.10 (maverick) Firefox/3.6.12','2011-02-01 12:52:47'),(0,1,'110.137.206.39','menus','index','GET','http://pju.gedex.web.id/menus','/index.php?url=menus/index/page:2&ajax=1','Mozilla/5.0 (X11; U; Linux i686; en-US; rv:1.9.2.12) Gecko/20101027 Ubuntu/10.10 (maverick) Firefox/3.6.12','2011-02-01 12:52:44'),(0,1,'110.137.206.39','menus','index','GET','http://pju.gedex.web.id/menus/edit/84','/index.php?url=menus','Mozilla/5.0 (X11; U; Linux i686; en-US; rv:1.9.2.12) Gecko/20101027 Ubuntu/10.10 (maverick) Firefox/3.6.12','2011-02-01 12:52:41'),(0,1,'110.137.206.39','menus','edit','POST','http://pju.gedex.web.id/menus/edit/84','/index.php?url=menus/edit/84','Mozilla/5.0 (X11; U; Linux i686; en-US; rv:1.9.2.12) Gecko/20101027 Ubuntu/10.10 (maverick) Firefox/3.6.12','2011-02-01 12:52:40'),(0,1,'110.137.206.39','menus','edit','GET','http://pju.gedex.web.id/menus','/index.php?url=menus/edit/84','Mozilla/5.0 (X11; U; Linux i686; en-US; rv:1.9.2.12) Gecko/20101027 Ubuntu/10.10 (maverick) Firefox/3.6.12','2011-02-01 12:52:35'),(0,1,'110.137.206.39','menus','index','GET','http://pju.gedex.web.id/menus','/index.php?url=menus/index/page:2&ajax=1','Mozilla/5.0 (X11; U; Linux i686; en-US; rv:1.9.2.12) Gecko/20101027 Ubuntu/10.10 (maverick) Firefox/3.6.12','2011-02-01 12:52:26'),(0,1,'110.137.206.39','pages','display','GET','http://pju.gedex.web.id/users/login','/','Mozilla/5.0 (X11; U; Linux i686; en-US; rv:1.9.2.12) Gecko/20101027 Ubuntu/10.10 (maverick) Firefox/3.6.12','2011-02-01 12:52:00'),(0,1,'110.137.206.39','menus','index','GET','http://pju.gedex.web.id/','/index.php?url=menus','Mozilla/5.0 (X11; U; Linux i686; en-US; rv:1.9.2.12) Gecko/20101027 Ubuntu/10.10 (maverick) Firefox/3.6.12','2011-02-01 12:52:19'),(0,1,'110.137.206.39','pages','display','GET','','/','Mozilla/5.0 (X11; U; Linux i686; en-US; rv:1.9.2.12) Gecko/20101027 Ubuntu/10.10 (maverick) Firefox/3.6.12','2011-02-01 12:51:21'),(0,1,'110.137.206.39','pages','display','GET','','/','Mozilla/5.0 (X11; U; Linux i686; en-US; rv:1.9.2.12) Gecko/20101027 Ubuntu/10.10 (maverick) Firefox/3.6.12','2011-02-01 12:51:21'),(0,1,'110.137.206.39','pages','display','GET','','/','Mozilla/5.0 (X11; U; Linux i686; en-US; rv:1.9.2.12) Gecko/20101027 Ubuntu/10.10 (maverick) Firefox/3.6.12','2011-02-01 12:51:20'),(0,1,'110.137.206.39','pages','display','GET','','/','Mozilla/5.0 (X11; U; Linux i686; en-US; rv:1.9.2.12) Gecko/20101027 Ubuntu/10.10 (maverick) Firefox/3.6.12','2011-02-01 12:51:19'),(0,1,'110.137.206.39','pages','display','GET','','/','Mozilla/5.0 (X11; U; Linux i686; en-US; rv:1.9.2.12) Gecko/20101027 Ubuntu/10.10 (maverick) Firefox/3.6.12','2011-02-01 12:51:19'),(0,1,'110.137.206.39','pages','display','GET','','/','Mozilla/5.0 (X11; U; Linux i686; en-US; rv:1.9.2.12) Gecko/20101027 Ubuntu/10.10 (maverick) Firefox/3.6.12','2011-02-01 12:51:19'),(0,1,'110.137.206.39','pages','display','GET','','/','Mozilla/5.0 (X11; U; Linux i686; en-US; rv:1.9.2.12) Gecko/20101027 Ubuntu/10.10 (maverick) Firefox/3.6.12','2011-02-01 12:51:18'),(0,1,'110.137.206.39','pages','display','GET','','/','Mozilla/5.0 (X11; U; Linux i686; en-US; rv:1.9.2.12) Gecko/20101027 Ubuntu/10.10 (maverick) Firefox/3.6.12','2011-02-01 12:51:18'),(0,1,'110.137.206.39','pages','display','GET','','/','Mozilla/5.0 (X11; U; Linux i686; en-US; rv:1.9.2.12) Gecko/20101027 Ubuntu/10.10 (maverick) Firefox/3.6.12','2011-02-01 12:51:17'),(0,1,'110.137.206.39','pages','display','GET','','/','Mozilla/5.0 (X11; U; Linux i686; en-US; rv:1.9.2.12) Gecko/20101027 Ubuntu/10.10 (maverick) Firefox/3.6.12','2011-02-01 12:51:18'),(0,1,'110.137.206.39','pages','display','GET','','/','Mozilla/5.0 (X11; U; Linux i686; en-US; rv:1.9.2.12) Gecko/20101027 Ubuntu/10.10 (maverick) Firefox/3.6.12','2011-02-01 12:51:16'),(0,1,'110.137.206.39','pages','display','GET','','/','Mozilla/5.0 (X11; U; Linux i686; en-US; rv:1.9.2.12) Gecko/20101027 Ubuntu/10.10 (maverick) Firefox/3.6.12','2011-02-01 12:51:16'),(0,1,'110.137.206.39','pages','display','GET','','/','Mozilla/5.0 (X11; U; Linux i686; en-US; rv:1.9.2.12) Gecko/20101027 Ubuntu/10.10 (maverick) Firefox/3.6.12','2011-02-01 12:51:16'),(0,1,'110.137.206.39','pages','display','GET','','/','Mozilla/5.0 (X11; U; Linux i686; en-US; rv:1.9.2.12) Gecko/20101027 Ubuntu/10.10 (maverick) Firefox/3.6.12','2011-02-01 12:51:14'),(0,1,'110.137.206.39','pages','display','GET','','/','Mozilla/5.0 (X11; U; Linux i686; en-US; rv:1.9.2.12) Gecko/20101027 Ubuntu/10.10 (maverick) Firefox/3.6.12','2011-02-01 12:51:13'),(0,1,'110.137.206.39','pages','display','GET','','/','Mozilla/5.0 (X11; U; Linux i686; en-US; rv:1.9.2.12) Gecko/20101027 Ubuntu/10.10 (maverick) Firefox/3.6.12','2011-02-01 12:51:14'),(0,1,'110.137.206.39','pages','display','GET','','/','Mozilla/5.0 (X11; U; Linux i686; en-US; rv:1.9.2.12) Gecko/20101027 Ubuntu/10.10 (maverick) Firefox/3.6.12','2011-02-01 12:51:13'),(0,1,'110.137.206.39','pages','display','GET','','/','Mozilla/5.0 (X11; U; Linux i686; en-US; rv:1.9.2.12) Gecko/20101027 Ubuntu/10.10 (maverick) Firefox/3.6.12','2011-02-01 12:51:12'),(0,1,'110.137.206.39','pages','display','GET','','/','Mozilla/5.0 (X11; U; Linux i686; en-US; rv:1.9.2.12) Gecko/20101027 Ubuntu/10.10 (maverick) Firefox/3.6.12','2011-02-01 12:51:12'),(0,1,'110.137.206.39','pages','display','GET','','/','Mozilla/5.0 (X11; U; Linux i686; en-US; rv:1.9.2.12) Gecko/20101027 Ubuntu/10.10 (maverick) Firefox/3.6.12','2011-02-01 12:51:12'),(0,1,'110.137.206.39','pages','display','GET','','/','Mozilla/5.0 (X11; U; Linux i686; en-US; rv:1.9.2.12) Gecko/20101027 Ubuntu/10.10 (maverick) Firefox/3.6.12','2011-02-01 12:51:11'),(0,1,'110.137.206.39','pages','display','GET','','/','Mozilla/5.0 (X11; U; Linux i686; en-US; rv:1.9.2.12) Gecko/20101027 Ubuntu/10.10 (maverick) Firefox/3.6.12','2011-02-01 12:49:52'),(0,1,'110.137.206.39','pages','display','GET','','/','Mozilla/5.0 (X11; U; Linux i686; en-US; rv:1.9.2.12) Gecko/20101027 Ubuntu/10.10 (maverick) Firefox/3.6.12','2011-02-01 12:49:52'),(0,1,'110.137.206.39','pages','display','GET','','/','Mozilla/5.0 (X11; U; Linux i686; en-US; rv:1.9.2.12) Gecko/20101027 Ubuntu/10.10 (maverick) Firefox/3.6.12','2011-02-01 12:49:52'),(0,1,'110.137.206.39','pages','display','GET','','/','Mozilla/5.0 (X11; U; Linux i686; en-US; rv:1.9.2.12) Gecko/20101027 Ubuntu/10.10 (maverick) Firefox/3.6.12','2011-02-01 12:49:51'),(0,1,'110.137.206.39','pages','display','GET','','/','Mozilla/5.0 (X11; U; Linux i686; en-US; rv:1.9.2.12) Gecko/20101027 Ubuntu/10.10 (maverick) Firefox/3.6.12','2011-02-01 12:49:51'),(0,1,'110.137.206.39','pages','display','GET','','/','Mozilla/5.0 (X11; U; Linux i686; en-US; rv:1.9.2.12) Gecko/20101027 Ubuntu/10.10 (maverick) Firefox/3.6.12','2011-02-01 12:49:50'),(0,1,'110.137.206.39','pages','display','GET','','/','Mozilla/5.0 (X11; U; Linux i686; en-US; rv:1.9.2.12) Gecko/20101027 Ubuntu/10.10 (maverick) Firefox/3.6.12','2011-02-01 12:49:50'),(0,1,'110.137.206.39','pages','display','GET','','/','Mozilla/5.0 (X11; U; Linux i686; en-US; rv:1.9.2.12) Gecko/20101027 Ubuntu/10.10 (maverick) Firefox/3.6.12','2011-02-01 12:49:50'),(0,1,'110.137.206.39','pages','display','GET','','/','Mozilla/5.0 (X11; U; Linux i686; en-US; rv:1.9.2.12) Gecko/20101027 Ubuntu/10.10 (maverick) Firefox/3.6.12','2011-02-01 12:49:49'),(0,1,'110.137.206.39','pages','display','GET','','/','Mozilla/5.0 (X11; U; Linux i686; en-US; rv:1.9.2.12) Gecko/20101027 Ubuntu/10.10 (maverick) Firefox/3.6.12','2011-02-01 12:49:49'),(0,1,'110.137.206.39','pages','display','GET','','/','Mozilla/5.0 (X11; U; Linux i686; en-US; rv:1.9.2.12) Gecko/20101027 Ubuntu/10.10 (maverick) Firefox/3.6.12','2011-02-01 12:49:48'),(0,1,'110.137.206.39','pages','display','GET','','/','Mozilla/5.0 (X11; U; Linux i686; en-US; rv:1.9.2.12) Gecko/20101027 Ubuntu/10.10 (maverick) Firefox/3.6.12','2011-02-01 12:49:48'),(0,1,'110.137.206.39','pages','display','GET','','/','Mozilla/5.0 (X11; U; Linux i686; en-US; rv:1.9.2.12) Gecko/20101027 Ubuntu/10.10 (maverick) Firefox/3.6.12','2011-02-01 12:49:47'),(0,1,'110.137.206.39','pages','display','GET','','/','Mozilla/5.0 (X11; U; Linux i686; en-US; rv:1.9.2.12) Gecko/20101027 Ubuntu/10.10 (maverick) Firefox/3.6.12','2011-02-01 12:49:47'),(0,1,'110.137.206.39','pages','display','GET','','/','Mozilla/5.0 (X11; U; Linux i686; en-US; rv:1.9.2.12) Gecko/20101027 Ubuntu/10.10 (maverick) Firefox/3.6.12','2011-02-01 12:49:46'),(0,1,'110.137.206.39','pages','display','GET','','/','Mozilla/5.0 (X11; U; Linux i686; en-US; rv:1.9.2.12) Gecko/20101027 Ubuntu/10.10 (maverick) Firefox/3.6.12','2011-02-01 12:49:46'),(0,1,'110.137.206.39','pages','display','GET','','/','Mozilla/5.0 (X11; U; Linux i686; en-US; rv:1.9.2.12) Gecko/20101027 Ubuntu/10.10 (maverick) Firefox/3.6.12','2011-02-01 12:49:46'),(0,1,'110.137.206.39','pages','display','GET','','/','Mozilla/5.0 (X11; U; Linux i686; en-US; rv:1.9.2.12) Gecko/20101027 Ubuntu/10.10 (maverick) Firefox/3.6.12','2011-02-01 12:49:45'),(0,1,'110.137.206.39','pages','display','GET','','/','Mozilla/5.0 (X11; U; Linux i686; en-US; rv:1.9.2.12) Gecko/20101027 Ubuntu/10.10 (maverick) Firefox/3.6.12','2011-02-01 12:49:45'),(0,1,'110.137.206.39','pages','display','GET','','/','Mozilla/5.0 (X11; U; Linux i686; en-US; rv:1.9.2.12) Gecko/20101027 Ubuntu/10.10 (maverick) Firefox/3.6.12','2011-02-01 12:49:44'),(0,1,'110.137.206.39','pages','display','GET','','/','Mozilla/5.0 (X11; U; Linux i686; en-US; rv:1.9.2.12) Gecko/20101027 Ubuntu/10.10 (maverick) Firefox/3.6.12','2011-02-01 12:49:44'),(0,1,'110.137.206.39','pages','display','GET','','/','Mozilla/5.0 (X11; U; Linux i686; en-US; rv:1.9.2.12) Gecko/20101027 Ubuntu/10.10 (maverick) Firefox/3.6.12','2011-02-01 12:49:03'),(0,1,'110.137.206.39','pages','display','GET','','/','Mozilla/5.0 (X11; U; Linux i686; en-US; rv:1.9.2.12) Gecko/20101027 Ubuntu/10.10 (maverick) Firefox/3.6.12','2011-02-01 12:49:02'),(0,1,'110.137.206.39','pages','display','GET','','/','Mozilla/5.0 (X11; U; Linux i686; en-US; rv:1.9.2.12) Gecko/20101027 Ubuntu/10.10 (maverick) Firefox/3.6.12','2011-02-01 12:49:01'),(0,1,'110.137.206.39','pages','display','GET','','/','Mozilla/5.0 (X11; U; Linux i686; en-US; rv:1.9.2.12) Gecko/20101027 Ubuntu/10.10 (maverick) Firefox/3.6.12','2011-02-01 12:49:00'),(0,1,'110.137.206.39','pages','display','GET','','/','Mozilla/5.0 (X11; U; Linux i686; en-US; rv:1.9.2.12) Gecko/20101027 Ubuntu/10.10 (maverick) Firefox/3.6.12','2011-02-01 12:48:59'),(0,1,'110.137.206.39','pages','display','GET','','/','Mozilla/5.0 (X11; U; Linux i686; en-US; rv:1.9.2.12) Gecko/20101027 Ubuntu/10.10 (maverick) Firefox/3.6.12','2011-02-01 12:48:59'),(0,1,'110.137.206.39','pages','display','GET','','/','Mozilla/5.0 (X11; U; Linux i686; en-US; rv:1.9.2.12) Gecko/20101027 Ubuntu/10.10 (maverick) Firefox/3.6.12','2011-02-01 12:48:58'),(0,1,'110.137.206.39','pages','display','GET','','/','Mozilla/5.0 (X11; U; Linux i686; en-US; rv:1.9.2.12) Gecko/20101027 Ubuntu/10.10 (maverick) Firefox/3.6.12','2011-02-01 12:48:57'),(0,1,'110.137.206.39','pages','display','GET','','/','Mozilla/5.0 (X11; U; Linux i686; en-US; rv:1.9.2.12) Gecko/20101027 Ubuntu/10.10 (maverick) Firefox/3.6.12','2011-02-01 12:48:56'),(0,1,'110.137.206.39','pages','display','GET','','/','Mozilla/5.0 (X11; U; Linux i686; en-US; rv:1.9.2.12) Gecko/20101027 Ubuntu/10.10 (maverick) Firefox/3.6.12','2011-02-01 12:48:56'),(0,1,'110.137.206.39','pages','display','GET','','/','Mozilla/5.0 (X11; U; Linux i686; en-US; rv:1.9.2.12) Gecko/20101027 Ubuntu/10.10 (maverick) Firefox/3.6.12','2011-02-01 12:48:54'),(0,1,'110.137.206.39','pages','display','GET','','/','Mozilla/5.0 (X11; U; Linux i686; en-US; rv:1.9.2.12) Gecko/20101027 Ubuntu/10.10 (maverick) Firefox/3.6.12','2011-02-01 12:48:52'),(0,1,'110.137.206.39','pages','display','GET','','/','Mozilla/5.0 (X11; U; Linux i686; en-US; rv:1.9.2.12) Gecko/20101027 Ubuntu/10.10 (maverick) Firefox/3.6.12','2011-02-01 12:48:52'),(0,1,'110.137.206.39','pages','display','GET','','/','Mozilla/5.0 (X11; U; Linux i686; en-US; rv:1.9.2.12) Gecko/20101027 Ubuntu/10.10 (maverick) Firefox/3.6.12','2011-02-01 12:48:51'),(0,1,'110.137.206.39','pages','display','GET','','/','Mozilla/5.0 (X11; U; Linux i686; en-US; rv:1.9.2.12) Gecko/20101027 Ubuntu/10.10 (maverick) Firefox/3.6.12','2011-02-01 12:48:51'),(0,1,'110.137.206.39','pages','display','GET','','/','Mozilla/5.0 (X11; U; Linux i686; en-US; rv:1.9.2.12) Gecko/20101027 Ubuntu/10.10 (maverick) Firefox/3.6.12','2011-02-01 12:48:51'),(0,1,'110.137.206.39','pages','display','GET','','/','Mozilla/5.0 (X11; U; Linux i686; en-US; rv:1.9.2.12) Gecko/20101027 Ubuntu/10.10 (maverick) Firefox/3.6.12','2011-02-01 12:48:50'),(0,1,'110.137.206.39','pages','display','GET','','/','Mozilla/5.0 (X11; U; Linux i686; en-US; rv:1.9.2.12) Gecko/20101027 Ubuntu/10.10 (maverick) Firefox/3.6.12','2011-02-01 12:48:48'),(0,1,'110.137.206.39','pages','display','GET','','/','Mozilla/5.0 (X11; U; Linux i686; en-US; rv:1.9.2.12) Gecko/20101027 Ubuntu/10.10 (maverick) Firefox/3.6.12','2011-02-01 12:48:49'),(0,1,'110.137.206.39','pages','display','GET','','/','Mozilla/5.0 (X11; U; Linux i686; en-US; rv:1.9.2.12) Gecko/20101027 Ubuntu/10.10 (maverick) Firefox/3.6.12','2011-02-01 12:48:47'),(0,1,'110.137.206.39','pages','display','GET','','/','Mozilla/5.0 (X11; U; Linux i686; en-US; rv:1.9.2.12) Gecko/20101027 Ubuntu/10.10 (maverick) Firefox/3.6.12','2011-02-01 12:48:47'),(0,1,'110.137.206.39','pages','display','GET','','/','Mozilla/5.0 (X11; U; Linux i686; en-US; rv:1.9.2.12) Gecko/20101027 Ubuntu/10.10 (maverick) Firefox/3.6.12','2011-02-01 12:48:47'),(0,1,'110.137.206.39','pages','display','GET','','/','Mozilla/5.0 (X11; U; Linux i686; en-US; rv:1.9.2.12) Gecko/20101027 Ubuntu/10.10 (maverick) Firefox/3.6.12','2011-02-01 12:48:46'),(0,1,'110.137.206.39','pages','display','GET','','/','Mozilla/5.0 (X11; U; Linux i686; en-US; rv:1.9.2.12) Gecko/20101027 Ubuntu/10.10 (maverick) Firefox/3.6.12','2011-02-01 12:48:46'),(0,1,'110.137.206.39','pages','display','GET','','/','Mozilla/5.0 (X11; U; Linux i686; en-US; rv:1.9.2.12) Gecko/20101027 Ubuntu/10.10 (maverick) Firefox/3.6.12','2011-02-01 12:48:40'),(0,1,'110.137.206.39','pages','display','GET','','/','Mozilla/5.0 (X11; U; Linux i686; en-US; rv:1.9.2.12) Gecko/20101027 Ubuntu/10.10 (maverick) Firefox/3.6.12','2011-02-01 12:48:39'),(0,1,'110.137.206.39','pages','display','GET','','/','Mozilla/5.0 (X11; U; Linux i686; en-US; rv:1.9.2.12) Gecko/20101027 Ubuntu/10.10 (maverick) Firefox/3.6.12','2011-02-01 12:48:40'),(0,1,'110.137.206.39','pages','display','GET','','/','Mozilla/5.0 (X11; U; Linux i686; en-US; rv:1.9.2.12) Gecko/20101027 Ubuntu/10.10 (maverick) Firefox/3.6.12','2011-02-01 12:48:39'),(0,1,'110.137.206.39','pages','display','GET','','/','Mozilla/5.0 (X11; U; Linux i686; en-US; rv:1.9.2.12) Gecko/20101027 Ubuntu/10.10 (maverick) Firefox/3.6.12','2011-02-01 12:48:39'),(0,1,'110.137.206.39','pages','display','GET','','/','Mozilla/5.0 (X11; U; Linux i686; en-US; rv:1.9.2.12) Gecko/20101027 Ubuntu/10.10 (maverick) Firefox/3.6.12','2011-02-01 12:48:37'),(0,1,'110.137.206.39','pages','display','GET','','/','Mozilla/5.0 (X11; U; Linux i686; en-US; rv:1.9.2.12) Gecko/20101027 Ubuntu/10.10 (maverick) Firefox/3.6.12','2011-02-01 12:48:37'),(0,1,'110.137.206.39','pages','display','GET','','/','Mozilla/5.0 (X11; U; Linux i686; en-US; rv:1.9.2.12) Gecko/20101027 Ubuntu/10.10 (maverick) Firefox/3.6.12','2011-02-01 12:48:36'),(0,1,'110.137.206.39','pages','display','GET','','/','Mozilla/5.0 (X11; U; Linux i686; en-US; rv:1.9.2.12) Gecko/20101027 Ubuntu/10.10 (maverick) Firefox/3.6.12','2011-02-01 12:48:35'),(0,1,'110.137.206.39','pages','display','GET','','/','Mozilla/5.0 (X11; U; Linux i686; en-US; rv:1.9.2.12) Gecko/20101027 Ubuntu/10.10 (maverick) Firefox/3.6.12','2011-02-01 12:48:35'),(0,1,'110.137.206.39','pages','display','GET','','/','Mozilla/5.0 (X11; U; Linux i686; en-US; rv:1.9.2.12) Gecko/20101027 Ubuntu/10.10 (maverick) Firefox/3.6.12','2011-02-01 12:48:35'),(0,1,'110.137.206.39','pages','display','GET','','/','Mozilla/5.0 (X11; U; Linux i686; en-US; rv:1.9.2.12) Gecko/20101027 Ubuntu/10.10 (maverick) Firefox/3.6.12','2011-02-01 12:48:34'),(0,1,'110.137.206.39','pages','display','GET','','/','Mozilla/5.0 (X11; U; Linux i686; en-US; rv:1.9.2.12) Gecko/20101027 Ubuntu/10.10 (maverick) Firefox/3.6.12','2011-02-01 12:48:33'),(0,1,'110.137.206.39','pages','display','GET','','/','Mozilla/5.0 (X11; U; Linux i686; en-US; rv:1.9.2.12) Gecko/20101027 Ubuntu/10.10 (maverick) Firefox/3.6.12','2011-02-01 12:48:34'),(0,1,'110.137.206.39','pages','display','GET','','/','Mozilla/5.0 (X11; U; Linux i686; en-US; rv:1.9.2.12) Gecko/20101027 Ubuntu/10.10 (maverick) Firefox/3.6.12','2011-02-01 12:48:32'),(0,1,'110.137.206.39','pages','display','GET','','/','Mozilla/5.0 (X11; U; Linux i686; en-US; rv:1.9.2.12) Gecko/20101027 Ubuntu/10.10 (maverick) Firefox/3.6.12','2011-02-01 12:48:31'),(0,1,'110.137.206.39','pages','display','GET','','/','Mozilla/5.0 (X11; U; Linux i686; en-US; rv:1.9.2.12) Gecko/20101027 Ubuntu/10.10 (maverick) Firefox/3.6.12','2011-02-01 12:48:29'),(0,1,'110.137.206.39','pages','display','GET','','/','Mozilla/5.0 (X11; U; Linux i686; en-US; rv:1.9.2.12) Gecko/20101027 Ubuntu/10.10 (maverick) Firefox/3.6.12','2011-02-01 12:48:29'),(0,1,'110.137.206.39','pages','display','GET','','/','Mozilla/5.0 (X11; U; Linux i686; en-US; rv:1.9.2.12) Gecko/20101027 Ubuntu/10.10 (maverick) Firefox/3.6.12','2011-02-01 12:48:30'),(0,1,'110.137.206.39','users','logout','GET','','/index.php?url=users/logout','Mozilla/5.0 (X11; U; Linux i686; en-US; rv:1.9.2.12) Gecko/20101027 Ubuntu/10.10 (maverick) Firefox/3.6.12','2011-02-01 12:48:26'),(0,1,'110.137.206.39','pages','display','GET','','/','Mozilla/5.0 (X11; U; Linux i686; en-US; rv:1.9.2.12) Gecko/20101027 Ubuntu/10.10 (maverick) Firefox/3.6.12','2011-02-01 12:48:28'),(0,1,'110.137.206.39','pages','display','GET','','/','Mozilla/5.0 (X11; U; Linux i686; en-US; rv:1.9.2.12) Gecko/20101027 Ubuntu/10.10 (maverick) Firefox/3.6.12','2011-02-01 12:47:40'),(0,1,'110.137.206.39','pages','display','GET','','/','Mozilla/5.0 (X11; U; Linux i686; en-US; rv:1.9.2.12) Gecko/20101027 Ubuntu/10.10 (maverick) Firefox/3.6.12','2011-02-01 12:47:39'),(0,1,'110.137.206.39','pages','display','GET','','/','Mozilla/5.0 (X11; U; Linux i686; en-US; rv:1.9.2.12) Gecko/20101027 Ubuntu/10.10 (maverick) Firefox/3.6.12','2011-02-01 12:47:39'),(0,1,'110.137.206.39','pages','display','GET','','/','Mozilla/5.0 (X11; U; Linux i686; en-US; rv:1.9.2.12) Gecko/20101027 Ubuntu/10.10 (maverick) Firefox/3.6.12','2011-02-01 12:47:39'),(0,1,'110.137.206.39','pages','display','GET','','/','Mozilla/5.0 (X11; U; Linux i686; en-US; rv:1.9.2.12) Gecko/20101027 Ubuntu/10.10 (maverick) Firefox/3.6.12','2011-02-01 12:47:37'),(0,1,'110.137.206.39','pages','display','GET','','/','Mozilla/5.0 (X11; U; Linux i686; en-US; rv:1.9.2.12) Gecko/20101027 Ubuntu/10.10 (maverick) Firefox/3.6.12','2011-02-01 12:47:38'),(0,1,'110.137.206.39','pages','display','GET','','/','Mozilla/5.0 (X11; U; Linux i686; en-US; rv:1.9.2.12) Gecko/20101027 Ubuntu/10.10 (maverick) Firefox/3.6.12','2011-02-01 12:47:38'),(0,1,'110.137.206.39','pages','display','GET','','/','Mozilla/5.0 (X11; U; Linux i686; en-US; rv:1.9.2.12) Gecko/20101027 Ubuntu/10.10 (maverick) Firefox/3.6.12','2011-02-01 12:47:36'),(0,1,'110.137.206.39','pages','display','GET','','/','Mozilla/5.0 (X11; U; Linux i686; en-US; rv:1.9.2.12) Gecko/20101027 Ubuntu/10.10 (maverick) Firefox/3.6.12','2011-02-01 12:47:36'),(0,1,'110.137.206.39','pages','display','GET','','/','Mozilla/5.0 (X11; U; Linux i686; en-US; rv:1.9.2.12) Gecko/20101027 Ubuntu/10.10 (maverick) Firefox/3.6.12','2011-02-01 12:47:36'),(0,1,'110.137.206.39','pages','display','GET','','/','Mozilla/5.0 (X11; U; Linux i686; en-US; rv:1.9.2.12) Gecko/20101027 Ubuntu/10.10 (maverick) Firefox/3.6.12','2011-02-01 12:47:35'),(0,1,'110.137.206.39','pages','display','GET','','/','Mozilla/5.0 (X11; U; Linux i686; en-US; rv:1.9.2.12) Gecko/20101027 Ubuntu/10.10 (maverick) Firefox/3.6.12','2011-02-01 12:47:35'),(0,1,'110.137.206.39','pages','display','GET','','/','Mozilla/5.0 (X11; U; Linux i686; en-US; rv:1.9.2.12) Gecko/20101027 Ubuntu/10.10 (maverick) Firefox/3.6.12','2011-02-01 12:47:34'),(0,1,'110.137.206.39','pages','display','GET','','/','Mozilla/5.0 (X11; U; Linux i686; en-US; rv:1.9.2.12) Gecko/20101027 Ubuntu/10.10 (maverick) Firefox/3.6.12','2011-02-01 12:47:34'),(0,1,'110.137.206.39','pages','display','GET','','/','Mozilla/5.0 (X11; U; Linux i686; en-US; rv:1.9.2.12) Gecko/20101027 Ubuntu/10.10 (maverick) Firefox/3.6.12','2011-02-01 12:47:33'),(0,1,'110.137.206.39','pages','display','GET','','/','Mozilla/5.0 (X11; U; Linux i686; en-US; rv:1.9.2.12) Gecko/20101027 Ubuntu/10.10 (maverick) Firefox/3.6.12','2011-02-01 12:47:33'),(0,1,'110.137.206.39','pages','display','GET','','/','Mozilla/5.0 (X11; U; Linux i686; en-US; rv:1.9.2.12) Gecko/20101027 Ubuntu/10.10 (maverick) Firefox/3.6.12','2011-02-01 12:47:32'),(0,1,'110.137.206.39','pages','display','GET','','/','Mozilla/5.0 (X11; U; Linux i686; en-US; rv:1.9.2.12) Gecko/20101027 Ubuntu/10.10 (maverick) Firefox/3.6.12','2011-02-01 12:47:32'),(0,1,'110.137.206.39','pages','display','GET','','/','Mozilla/5.0 (X11; U; Linux i686; en-US; rv:1.9.2.12) Gecko/20101027 Ubuntu/10.10 (maverick) Firefox/3.6.12','2011-02-01 12:47:31'),(0,1,'110.137.206.39','users','logout','GET','','/index.php?url=users/logout','Mozilla/5.0 (X11; U; Linux i686; en-US; rv:1.9.2.12) Gecko/20101027 Ubuntu/10.10 (maverick) Firefox/3.6.12','2011-02-01 12:47:31'),(0,1,'110.137.206.39','pages','display','GET','','/','Mozilla/5.0 (X11; U; Linux i686; en-US; rv:1.9.2.12) Gecko/20101027 Ubuntu/10.10 (maverick) Firefox/3.6.12','2011-02-01 12:47:31'),(0,1,'110.137.206.39','pages','display','GET','','/','Mozilla/5.0 (X11; U; Linux i686; en-US; rv:1.9.2.12) Gecko/20101027 Ubuntu/10.10 (maverick) Firefox/3.6.12','2011-02-01 12:45:36'),(0,1,'110.137.206.39','pages','display','GET','','/','Mozilla/5.0 (X11; U; Linux i686; en-US; rv:1.9.2.12) Gecko/20101027 Ubuntu/10.10 (maverick) Firefox/3.6.12','2011-02-01 12:45:36'),(0,1,'110.137.206.39','pages','display','GET','','/','Mozilla/5.0 (X11; U; Linux i686; en-US; rv:1.9.2.12) Gecko/20101027 Ubuntu/10.10 (maverick) Firefox/3.6.12','2011-02-01 12:45:35'),(0,1,'110.137.206.39','pages','display','GET','','/','Mozilla/5.0 (X11; U; Linux i686; en-US; rv:1.9.2.12) Gecko/20101027 Ubuntu/10.10 (maverick) Firefox/3.6.12','2011-02-01 12:45:34'),(0,1,'110.137.206.39','pages','display','GET','','/','Mozilla/5.0 (X11; U; Linux i686; en-US; rv:1.9.2.12) Gecko/20101027 Ubuntu/10.10 (maverick) Firefox/3.6.12','2011-02-01 12:45:34'),(0,1,'110.137.206.39','pages','display','GET','','/','Mozilla/5.0 (X11; U; Linux i686; en-US; rv:1.9.2.12) Gecko/20101027 Ubuntu/10.10 (maverick) Firefox/3.6.12','2011-02-01 12:45:33'),(0,1,'110.137.206.39','pages','display','GET','','/','Mozilla/5.0 (X11; U; Linux i686; en-US; rv:1.9.2.12) Gecko/20101027 Ubuntu/10.10 (maverick) Firefox/3.6.12','2011-02-01 12:45:33'),(0,1,'110.137.206.39','pages','display','GET','','/','Mozilla/5.0 (X11; U; Linux i686; en-US; rv:1.9.2.12) Gecko/20101027 Ubuntu/10.10 (maverick) Firefox/3.6.12','2011-02-01 12:45:32'),(0,1,'110.137.206.39','pages','display','GET','','/','Mozilla/5.0 (X11; U; Linux i686; en-US; rv:1.9.2.12) Gecko/20101027 Ubuntu/10.10 (maverick) Firefox/3.6.12','2011-02-01 12:45:33'),(0,1,'110.137.206.39','pages','display','GET','','/','Mozilla/5.0 (X11; U; Linux i686; en-US; rv:1.9.2.12) Gecko/20101027 Ubuntu/10.10 (maverick) Firefox/3.6.12','2011-02-01 12:45:32'),(0,1,'110.137.206.39','pages','display','GET','','/','Mozilla/5.0 (X11; U; Linux i686; en-US; rv:1.9.2.12) Gecko/20101027 Ubuntu/10.10 (maverick) Firefox/3.6.12','2011-02-01 12:45:31'),(0,1,'110.137.206.39','pages','display','GET','','/','Mozilla/5.0 (X11; U; Linux i686; en-US; rv:1.9.2.12) Gecko/20101027 Ubuntu/10.10 (maverick) Firefox/3.6.12','2011-02-01 12:45:27'),(0,1,'110.137.206.39','pages','display','GET','','/','Mozilla/5.0 (X11; U; Linux i686; en-US; rv:1.9.2.12) Gecko/20101027 Ubuntu/10.10 (maverick) Firefox/3.6.12','2011-02-01 12:45:29'),(0,1,'110.137.206.39','pages','display','GET','','/','Mozilla/5.0 (X11; U; Linux i686; en-US; rv:1.9.2.12) Gecko/20101027 Ubuntu/10.10 (maverick) Firefox/3.6.12','2011-02-01 12:45:26'),(0,1,'110.137.206.39','pages','display','GET','','/','Mozilla/5.0 (X11; U; Linux i686; en-US; rv:1.9.2.12) Gecko/20101027 Ubuntu/10.10 (maverick) Firefox/3.6.12','2011-02-01 12:45:25'),(0,1,'110.137.206.39','pages','display','GET','','/','Mozilla/5.0 (X11; U; Linux i686; en-US; rv:1.9.2.12) Gecko/20101027 Ubuntu/10.10 (maverick) Firefox/3.6.12','2011-02-01 12:45:23'),(0,1,'110.137.206.39','pages','display','GET','','/','Mozilla/5.0 (X11; U; Linux i686; en-US; rv:1.9.2.12) Gecko/20101027 Ubuntu/10.10 (maverick) Firefox/3.6.12','2011-02-01 12:45:20'),(0,1,'110.137.206.39','pages','display','GET','','/','Mozilla/5.0 (X11; U; Linux i686; en-US; rv:1.9.2.12) Gecko/20101027 Ubuntu/10.10 (maverick) Firefox/3.6.12','2011-02-01 12:45:22'),(0,1,'110.137.206.39','pages','display','GET','','/','Mozilla/5.0 (X11; U; Linux i686; en-US; rv:1.9.2.12) Gecko/20101027 Ubuntu/10.10 (maverick) Firefox/3.6.12','2011-02-01 12:45:16'),(0,1,'110.137.206.39','pages','display','GET','','/','Mozilla/5.0 (X11; U; Linux i686; en-US; rv:1.9.2.12) Gecko/20101027 Ubuntu/10.10 (maverick) Firefox/3.6.12','2011-02-01 12:45:18'),(0,1,'110.137.206.39','users','logout','GET','','/index.php?url=users/logout','Mozilla/5.0 (X11; U; Linux i686; en-US; rv:1.9.2.12) Gecko/20101027 Ubuntu/10.10 (maverick) Firefox/3.6.12','2011-02-01 12:45:14'),(0,1,'110.137.206.39','pages','display','GET','','/','Mozilla/5.0 (X11; U; Linux i686; en-US; rv:1.9.2.12) Gecko/20101027 Ubuntu/10.10 (maverick) Firefox/3.6.12','2011-02-01 12:44:55'),(0,1,'110.137.206.39','pages','display','GET','','/','Mozilla/5.0 (X11; U; Linux i686; en-US; rv:1.9.2.12) Gecko/20101027 Ubuntu/10.10 (maverick) Firefox/3.6.12','2011-02-01 12:44:55'),(0,1,'110.137.206.39','pages','display','GET','','/','Mozilla/5.0 (X11; U; Linux i686; en-US; rv:1.9.2.12) Gecko/20101027 Ubuntu/10.10 (maverick) Firefox/3.6.12','2011-02-01 12:44:54'),(0,1,'110.137.206.39','pages','display','GET','','/','Mozilla/5.0 (X11; U; Linux i686; en-US; rv:1.9.2.12) Gecko/20101027 Ubuntu/10.10 (maverick) Firefox/3.6.12','2011-02-01 12:44:54'),(0,1,'110.137.206.39','pages','display','GET','','/','Mozilla/5.0 (X11; U; Linux i686; en-US; rv:1.9.2.12) Gecko/20101027 Ubuntu/10.10 (maverick) Firefox/3.6.12','2011-02-01 12:44:54'),(0,1,'110.137.206.39','pages','display','GET','','/','Mozilla/5.0 (X11; U; Linux i686; en-US; rv:1.9.2.12) Gecko/20101027 Ubuntu/10.10 (maverick) Firefox/3.6.12','2011-02-01 12:44:53'),(0,1,'110.137.206.39','pages','display','GET','','/','Mozilla/5.0 (X11; U; Linux i686; en-US; rv:1.9.2.12) Gecko/20101027 Ubuntu/10.10 (maverick) Firefox/3.6.12','2011-02-01 12:44:52'),(0,1,'110.137.206.39','pages','display','GET','','/','Mozilla/5.0 (X11; U; Linux i686; en-US; rv:1.9.2.12) Gecko/20101027 Ubuntu/10.10 (maverick) Firefox/3.6.12','2011-02-01 12:44:53'),(0,1,'110.137.206.39','pages','display','GET','','/','Mozilla/5.0 (X11; U; Linux i686; en-US; rv:1.9.2.12) Gecko/20101027 Ubuntu/10.10 (maverick) Firefox/3.6.12','2011-02-01 12:44:52'),(0,1,'110.137.206.39','pages','display','GET','','/','Mozilla/5.0 (X11; U; Linux i686; en-US; rv:1.9.2.12) Gecko/20101027 Ubuntu/10.10 (maverick) Firefox/3.6.12','2011-02-01 12:44:52'),(0,1,'110.137.206.39','pages','display','GET','','/','Mozilla/5.0 (X11; U; Linux i686; en-US; rv:1.9.2.12) Gecko/20101027 Ubuntu/10.10 (maverick) Firefox/3.6.12','2011-02-01 12:44:51'),(0,1,'110.137.206.39','pages','display','GET','','/','Mozilla/5.0 (X11; U; Linux i686; en-US; rv:1.9.2.12) Gecko/20101027 Ubuntu/10.10 (maverick) Firefox/3.6.12','2011-02-01 12:44:51'),(0,1,'110.137.206.39','pages','display','GET','','/','Mozilla/5.0 (X11; U; Linux i686; en-US; rv:1.9.2.12) Gecko/20101027 Ubuntu/10.10 (maverick) Firefox/3.6.12','2011-02-01 12:44:51'),(0,1,'110.137.206.39','pages','display','GET','','/','Mozilla/5.0 (X11; U; Linux i686; en-US; rv:1.9.2.12) Gecko/20101027 Ubuntu/10.10 (maverick) Firefox/3.6.12','2011-02-01 12:44:50'),(0,1,'110.137.206.39','pages','display','GET','','/','Mozilla/5.0 (X11; U; Linux i686; en-US; rv:1.9.2.12) Gecko/20101027 Ubuntu/10.10 (maverick) Firefox/3.6.12','2011-02-01 12:44:49'),(0,1,'110.137.206.39','pages','display','GET','','/','Mozilla/5.0 (X11; U; Linux i686; en-US; rv:1.9.2.12) Gecko/20101027 Ubuntu/10.10 (maverick) Firefox/3.6.12','2011-02-01 12:44:50'),(0,1,'110.137.206.39','pages','display','GET','','/','Mozilla/5.0 (X11; U; Linux i686; en-US; rv:1.9.2.12) Gecko/20101027 Ubuntu/10.10 (maverick) Firefox/3.6.12','2011-02-01 12:44:50'),(0,1,'110.137.206.39','pages','display','GET','','/','Mozilla/5.0 (X11; U; Linux i686; en-US; rv:1.9.2.12) Gecko/20101027 Ubuntu/10.10 (maverick) Firefox/3.6.12','2011-02-01 12:44:48'),(0,1,'110.137.206.39','pages','display','GET','','/','Mozilla/5.0 (X11; U; Linux i686; en-US; rv:1.9.2.12) Gecko/20101027 Ubuntu/10.10 (maverick) Firefox/3.6.12','2011-02-01 12:44:48'),(0,1,'110.137.206.39','pages','display','GET','','/','Mozilla/5.0 (X11; U; Linux i686; en-US; rv:1.9.2.12) Gecko/20101027 Ubuntu/10.10 (maverick) Firefox/3.6.12','2011-02-01 12:44:48'),(0,1,'110.137.206.39','pages','display','GET','','/','Mozilla/5.0 (X11; U; Linux i686; en-US; rv:1.9.2.12) Gecko/20101027 Ubuntu/10.10 (maverick) Firefox/3.6.12','2011-02-01 12:44:39'),(0,1,'110.137.206.39','pages','display','GET','','/','Mozilla/5.0 (X11; U; Linux i686; en-US; rv:1.9.2.12) Gecko/20101027 Ubuntu/10.10 (maverick) Firefox/3.6.12','2011-02-01 12:44:47'),(0,1,'110.137.206.39','pages','display','GET','','/','Mozilla/5.0 (X11; U; Linux i686; en-US; rv:1.9.2.12) Gecko/20101027 Ubuntu/10.10 (maverick) Firefox/3.6.12','2011-02-01 12:44:38'),(0,1,'110.137.206.39','pages','display','GET','','/','Mozilla/5.0 (X11; U; Linux i686; en-US; rv:1.9.2.12) Gecko/20101027 Ubuntu/10.10 (maverick) Firefox/3.6.12','2011-02-01 12:44:38'),(0,1,'110.137.206.39','pages','display','GET','','/','Mozilla/5.0 (X11; U; Linux i686; en-US; rv:1.9.2.12) Gecko/20101027 Ubuntu/10.10 (maverick) Firefox/3.6.12','2011-02-01 12:44:37'),(0,1,'110.137.206.39','pages','display','GET','','/','Mozilla/5.0 (X11; U; Linux i686; en-US; rv:1.9.2.12) Gecko/20101027 Ubuntu/10.10 (maverick) Firefox/3.6.12','2011-02-01 12:44:37'),(0,1,'110.137.206.39','pages','display','GET','','/','Mozilla/5.0 (X11; U; Linux i686; en-US; rv:1.9.2.12) Gecko/20101027 Ubuntu/10.10 (maverick) Firefox/3.6.12','2011-02-01 12:44:35'),(0,1,'110.137.206.39','pages','display','GET','','/','Mozilla/5.0 (X11; U; Linux i686; en-US; rv:1.9.2.12) Gecko/20101027 Ubuntu/10.10 (maverick) Firefox/3.6.12','2011-02-01 12:44:36'),(0,1,'110.137.206.39','pages','display','GET','','/','Mozilla/5.0 (X11; U; Linux i686; en-US; rv:1.9.2.12) Gecko/20101027 Ubuntu/10.10 (maverick) Firefox/3.6.12','2011-02-01 12:44:33'),(0,1,'110.137.206.39','pages','display','GET','','/','Mozilla/5.0 (X11; U; Linux i686; en-US; rv:1.9.2.12) Gecko/20101027 Ubuntu/10.10 (maverick) Firefox/3.6.12','2011-02-01 12:44:32'),(0,1,'110.137.206.39','pages','display','GET','','/','Mozilla/5.0 (X11; U; Linux i686; en-US; rv:1.9.2.12) Gecko/20101027 Ubuntu/10.10 (maverick) Firefox/3.6.12','2011-02-01 12:44:30'),(0,1,'110.137.206.39','pages','display','GET','','/','Mozilla/5.0 (X11; U; Linux i686; en-US; rv:1.9.2.12) Gecko/20101027 Ubuntu/10.10 (maverick) Firefox/3.6.12','2011-02-01 12:44:31'),(0,1,'110.137.206.39','pages','display','GET','','/','Mozilla/5.0 (X11; U; Linux i686; en-US; rv:1.9.2.12) Gecko/20101027 Ubuntu/10.10 (maverick) Firefox/3.6.12','2011-02-01 12:44:28'),(0,1,'110.137.206.39','pages','display','GET','','/','Mozilla/5.0 (X11; U; Linux i686; en-US; rv:1.9.2.12) Gecko/20101027 Ubuntu/10.10 (maverick) Firefox/3.6.12','2011-02-01 12:44:27'),(0,1,'110.137.206.39','pages','display','GET','','/','Mozilla/5.0 (X11; U; Linux i686; en-US; rv:1.9.2.12) Gecko/20101027 Ubuntu/10.10 (maverick) Firefox/3.6.12','2011-02-01 12:44:27'),(0,1,'110.137.206.39','pages','display','GET','','/','Mozilla/5.0 (X11; U; Linux i686; en-US; rv:1.9.2.12) Gecko/20101027 Ubuntu/10.10 (maverick) Firefox/3.6.12','2011-02-01 12:44:26'),(0,1,'110.137.206.39','pages','display','GET','','/','Mozilla/5.0 (X11; U; Linux i686; en-US; rv:1.9.2.12) Gecko/20101027 Ubuntu/10.10 (maverick) Firefox/3.6.12','2011-02-01 12:44:26'),(0,1,'110.137.206.39','pages','display','GET','','/','Mozilla/5.0 (X11; U; Linux i686; en-US; rv:1.9.2.12) Gecko/20101027 Ubuntu/10.10 (maverick) Firefox/3.6.12','2011-02-01 12:44:25'),(0,1,'110.137.206.39','pages','display','GET','','/','Mozilla/5.0 (X11; U; Linux i686; en-US; rv:1.9.2.12) Gecko/20101027 Ubuntu/10.10 (maverick) Firefox/3.6.12','2011-02-01 12:44:24'),(0,1,'110.137.206.39','pages','display','GET','','/','Mozilla/5.0 (X11; U; Linux i686; en-US; rv:1.9.2.12) Gecko/20101027 Ubuntu/10.10 (maverick) Firefox/3.6.12','2011-02-01 12:44:23'),(0,1,'110.137.206.39','pages','display','GET','','/','Mozilla/5.0 (X11; U; Linux i686; en-US; rv:1.9.2.12) Gecko/20101027 Ubuntu/10.10 (maverick) Firefox/3.6.12','2011-02-01 12:44:22'),(0,1,'110.137.206.39','menus','index','GET','http://pju.gedex.web.id/menus','/index.php?url=menus','Mozilla/5.0 (X11; U; Linux i686; en-US; rv:1.9.2.12) Gecko/20101027 Ubuntu/10.10 (maverick) Firefox/3.6.12','2011-02-01 12:44:20'),(0,1,'110.137.206.39','menus','index','GET','','/index.php?url=menus','Mozilla/5.0 (X11; U; Linux i686; en-US; rv:1.9.2.12) Gecko/20101027 Ubuntu/10.10 (maverick) Firefox/3.6.12','2011-02-01 12:44:21'),(0,1,'110.137.206.39','menus','index','GET','http://pju.gedex.web.id/menus','/index.php?url=menus','Mozilla/5.0 (X11; U; Linux i686; en-US; rv:1.9.2.12) Gecko/20101027 Ubuntu/10.10 (maverick) Firefox/3.6.12','2011-02-01 12:44:19'),(0,1,'110.137.206.39','menus','index','GET','http://pju.gedex.web.id/menus','/index.php?url=menus','Mozilla/5.0 (X11; U; Linux i686; en-US; rv:1.9.2.12) Gecko/20101027 Ubuntu/10.10 (maverick) Firefox/3.6.12','2011-02-01 12:44:19'),(0,1,'110.137.206.39','menus','index','GET','http://pju.gedex.web.id/menus','/index.php?url=menus','Mozilla/5.0 (X11; U; Linux i686; en-US; rv:1.9.2.12) Gecko/20101027 Ubuntu/10.10 (maverick) Firefox/3.6.12','2011-02-01 12:44:19'),(0,1,'110.137.206.39','menus','index','GET','http://pju.gedex.web.id/menus','/index.php?url=menus','Mozilla/5.0 (X11; U; Linux i686; en-US; rv:1.9.2.12) Gecko/20101027 Ubuntu/10.10 (maverick) Firefox/3.6.12','2011-02-01 12:44:17'),(0,1,'110.137.206.39','menus','index','GET','http://pju.gedex.web.id/menus','/index.php?url=menus','Mozilla/5.0 (X11; U; Linux i686; en-US; rv:1.9.2.12) Gecko/20101027 Ubuntu/10.10 (maverick) Firefox/3.6.12','2011-02-01 12:44:18'),(0,1,'110.137.206.39','menus','index','GET','http://pju.gedex.web.id/menus','/index.php?url=menus','Mozilla/5.0 (X11; U; Linux i686; en-US; rv:1.9.2.12) Gecko/20101027 Ubuntu/10.10 (maverick) Firefox/3.6.12','2011-02-01 12:44:16'),(0,1,'110.137.206.39','menus','index','GET','http://pju.gedex.web.id/menus','/index.php?url=menus','Mozilla/5.0 (X11; U; Linux i686; en-US; rv:1.9.2.12) Gecko/20101027 Ubuntu/10.10 (maverick) Firefox/3.6.12','2011-02-01 12:44:16'),(0,1,'110.137.206.39','menus','index','GET','http://pju.gedex.web.id/menus','/index.php?url=menus','Mozilla/5.0 (X11; U; Linux i686; en-US; rv:1.9.2.12) Gecko/20101027 Ubuntu/10.10 (maverick) Firefox/3.6.12','2011-02-01 12:44:15'),(0,1,'110.137.206.39','menus','index','GET','http://pju.gedex.web.id/menus','/index.php?url=menus','Mozilla/5.0 (X11; U; Linux i686; en-US; rv:1.9.2.12) Gecko/20101027 Ubuntu/10.10 (maverick) Firefox/3.6.12','2011-02-01 12:44:15'),(0,1,'110.137.206.39','menus','index','GET','http://pju.gedex.web.id/menus','/index.php?url=menus','Mozilla/5.0 (X11; U; Linux i686; en-US; rv:1.9.2.12) Gecko/20101027 Ubuntu/10.10 (maverick) Firefox/3.6.12','2011-02-01 12:44:13'),(0,1,'110.137.206.39','menus','index','GET','http://pju.gedex.web.id/menus','/index.php?url=menus','Mozilla/5.0 (X11; U; Linux i686; en-US; rv:1.9.2.12) Gecko/20101027 Ubuntu/10.10 (maverick) Firefox/3.6.12','2011-02-01 12:44:12'),(0,1,'110.137.206.39','menus','index','GET','http://pju.gedex.web.id/menus','/index.php?url=menus/index/page:2&ajax=1','Mozilla/5.0 (X11; U; Linux i686; en-US; rv:1.9.2.12) Gecko/20101027 Ubuntu/10.10 (maverick) Firefox/3.6.12','2011-02-01 12:44:12'),(0,1,'110.137.206.39','menus','edit','GET','http://pju.gedex.web.id/menus/edit/84','/index.php?url=menus/edit/84','Mozilla/5.0 (X11; U; Linux i686; en-US; rv:1.9.2.12) Gecko/20101027 Ubuntu/10.10 (maverick) Firefox/3.6.12','2011-02-01 12:43:52'),(0,1,'110.137.206.39','menus','edit','GET','http://pju.gedex.web.id/menus/edit/84','/index.php?url=menus/edit/84','Mozilla/5.0 (X11; U; Linux i686; en-US; rv:1.9.2.12) Gecko/20101027 Ubuntu/10.10 (maverick) Firefox/3.6.12','2011-02-01 12:43:53'),(0,1,'110.137.206.39','menus','edit','GET','http://pju.gedex.web.id/menus/edit/84','/index.php?url=menus/edit/84','Mozilla/5.0 (X11; U; Linux i686; en-US; rv:1.9.2.12) Gecko/20101027 Ubuntu/10.10 (maverick) Firefox/3.6.12','2011-02-01 12:43:52'),(0,1,'110.137.206.39','menus','edit','GET','http://pju.gedex.web.id/menus/edit/84','/index.php?url=menus/edit/84','Mozilla/5.0 (X11; U; Linux i686; en-US; rv:1.9.2.12) Gecko/20101027 Ubuntu/10.10 (maverick) Firefox/3.6.12','2011-02-01 12:43:52'),(0,1,'110.137.206.39','menus','edit','GET','http://pju.gedex.web.id/menus/edit/84','/index.php?url=menus/edit/84','Mozilla/5.0 (X11; U; Linux i686; en-US; rv:1.9.2.12) Gecko/20101027 Ubuntu/10.10 (maverick) Firefox/3.6.12','2011-02-01 12:43:51'),(0,1,'110.137.206.39','menus','edit','GET','http://pju.gedex.web.id/menus/edit/84','/index.php?url=menus/edit/84','Mozilla/5.0 (X11; U; Linux i686; en-US; rv:1.9.2.12) Gecko/20101027 Ubuntu/10.10 (maverick) Firefox/3.6.12','2011-02-01 12:43:51'),(0,1,'110.137.206.39','menus','edit','GET','http://pju.gedex.web.id/menus/edit/84','/index.php?url=menus/edit/84','Mozilla/5.0 (X11; U; Linux i686; en-US; rv:1.9.2.12) Gecko/20101027 Ubuntu/10.10 (maverick) Firefox/3.6.12','2011-02-01 12:43:50'),(0,1,'110.137.206.39','menus','edit','GET','http://pju.gedex.web.id/menus/edit/84','/index.php?url=menus/edit/84','Mozilla/5.0 (X11; U; Linux i686; en-US; rv:1.9.2.12) Gecko/20101027 Ubuntu/10.10 (maverick) Firefox/3.6.12','2011-02-01 12:43:50'),(0,1,'110.137.206.39','menus','edit','GET','http://pju.gedex.web.id/menus/edit/84','/index.php?url=menus/edit/84','Mozilla/5.0 (X11; U; Linux i686; en-US; rv:1.9.2.12) Gecko/20101027 Ubuntu/10.10 (maverick) Firefox/3.6.12','2011-02-01 12:43:49'),(0,1,'110.137.206.39','menus','edit','GET','http://pju.gedex.web.id/menus/edit/84','/index.php?url=menus/edit/84','Mozilla/5.0 (X11; U; Linux i686; en-US; rv:1.9.2.12) Gecko/20101027 Ubuntu/10.10 (maverick) Firefox/3.6.12','2011-02-01 12:43:49'),(0,1,'110.137.206.39','menus','edit','GET','http://pju.gedex.web.id/menus/edit/84','/index.php?url=menus/edit/84','Mozilla/5.0 (X11; U; Linux i686; en-US; rv:1.9.2.12) Gecko/20101027 Ubuntu/10.10 (maverick) Firefox/3.6.12','2011-02-01 12:43:48'),(0,1,'110.137.206.39','menus','edit','GET','http://pju.gedex.web.id/menus/edit/84','/index.php?url=menus/edit/84','Mozilla/5.0 (X11; U; Linux i686; en-US; rv:1.9.2.12) Gecko/20101027 Ubuntu/10.10 (maverick) Firefox/3.6.12','2011-02-01 12:43:48'),(0,1,'110.137.206.39','menus','edit','GET','http://pju.gedex.web.id/menus/edit/84','/index.php?url=menus/edit/84','Mozilla/5.0 (X11; U; Linux i686; en-US; rv:1.9.2.12) Gecko/20101027 Ubuntu/10.10 (maverick) Firefox/3.6.12','2011-02-01 12:43:47'),(0,1,'110.137.206.39','menus','edit','GET','http://pju.gedex.web.id/menus/edit/84','/index.php?url=menus/edit/84','Mozilla/5.0 (X11; U; Linux i686; en-US; rv:1.9.2.12) Gecko/20101027 Ubuntu/10.10 (maverick) Firefox/3.6.12','2011-02-01 12:43:46'),(0,1,'110.137.206.39','menus','edit','GET','http://pju.gedex.web.id/menus/edit/84','/index.php?url=menus/edit/84','Mozilla/5.0 (X11; U; Linux i686; en-US; rv:1.9.2.12) Gecko/20101027 Ubuntu/10.10 (maverick) Firefox/3.6.12','2011-02-01 12:43:47'),(0,1,'110.137.206.39','menus','edit','GET','http://pju.gedex.web.id/menus/edit/84','/index.php?url=menus/edit/84','Mozilla/5.0 (X11; U; Linux i686; en-US; rv:1.9.2.12) Gecko/20101027 Ubuntu/10.10 (maverick) Firefox/3.6.12','2011-02-01 12:43:46'),(0,1,'110.137.206.39','menus','edit','GET','http://pju.gedex.web.id/menus/edit/84','/index.php?url=menus/edit/84','Mozilla/5.0 (X11; U; Linux i686; en-US; rv:1.9.2.12) Gecko/20101027 Ubuntu/10.10 (maverick) Firefox/3.6.12','2011-02-01 12:43:46'),(0,1,'110.137.206.39','menus','edit','GET','http://pju.gedex.web.id/menus/edit/84','/index.php?url=menus/edit/84','Mozilla/5.0 (X11; U; Linux i686; en-US; rv:1.9.2.12) Gecko/20101027 Ubuntu/10.10 (maverick) Firefox/3.6.12','2011-02-01 12:43:45'),(0,1,'110.137.206.39','menus','edit','GET','http://pju.gedex.web.id/menus/edit/84','/index.php?url=menus/edit/84','Mozilla/5.0 (X11; U; Linux i686; en-US; rv:1.9.2.12) Gecko/20101027 Ubuntu/10.10 (maverick) Firefox/3.6.12','2011-02-01 12:43:45'),(0,1,'110.137.206.39','menus','edit','GET','http://pju.gedex.web.id/menus','/index.php?url=menus/edit/84','Mozilla/5.0 (X11; U; Linux i686; en-US; rv:1.9.2.12) Gecko/20101027 Ubuntu/10.10 (maverick) Firefox/3.6.12','2011-02-01 12:43:40'),(0,1,'110.137.206.39','menus','edit','GET','http://pju.gedex.web.id/menus/edit/84','/index.php?url=menus/edit/84','Mozilla/5.0 (X11; U; Linux i686; en-US; rv:1.9.2.12) Gecko/20101027 Ubuntu/10.10 (maverick) Firefox/3.6.12','2011-02-01 12:43:44'),(0,1,'110.137.206.39','menus','index','GET','http://pju.gedex.web.id/menus','/index.php?url=menus/index/page:2&ajax=1','Mozilla/5.0 (X11; U; Linux i686; en-US; rv:1.9.2.12) Gecko/20101027 Ubuntu/10.10 (maverick) Firefox/3.6.12','2011-02-01 12:43:37'),(0,1,'110.137.206.39','menus','index','GET','http://pju.gedex.web.id/menus/edit/74','/index.php?url=menus','Mozilla/5.0 (X11; U; Linux i686; en-US; rv:1.9.2.12) Gecko/20101027 Ubuntu/10.10 (maverick) Firefox/3.6.12','2011-02-01 12:43:32'),(0,1,'110.137.206.39','menus','edit','POST','http://pju.gedex.web.id/menus/edit/74','/index.php?url=menus/edit/74','Mozilla/5.0 (X11; U; Linux i686; en-US; rv:1.9.2.12) Gecko/20101027 Ubuntu/10.10 (maverick) Firefox/3.6.12','2011-02-01 12:43:32'),(0,1,'110.137.206.39','menus','index','GET','http://pju.gedex.web.id/menus/edit/65','/index.php?url=menus','Mozilla/5.0 (X11; U; Linux i686; en-US; rv:1.9.2.12) Gecko/20101027 Ubuntu/10.10 (maverick) Firefox/3.6.12','2011-02-01 12:43:20'),(0,1,'110.137.206.39','menus','edit','GET','http://pju.gedex.web.id/menus','/index.php?url=menus/edit/74','Mozilla/5.0 (X11; U; Linux i686; en-US; rv:1.9.2.12) Gecko/20101027 Ubuntu/10.10 (maverick) Firefox/3.6.12','2011-02-01 12:43:27'),(0,1,'110.137.206.39','menus','edit','POST','http://pju.gedex.web.id/menus/edit/65','/index.php?url=menus/edit/65','Mozilla/5.0 (X11; U; Linux i686; en-US; rv:1.9.2.12) Gecko/20101027 Ubuntu/10.10 (maverick) Firefox/3.6.12','2011-02-01 12:43:20'),(0,1,'110.137.206.39','menus','index','GET','http://pju.gedex.web.id/menus/edit/70','/index.php?url=menus','Mozilla/5.0 (X11; U; Linux i686; en-US; rv:1.9.2.12) Gecko/20101027 Ubuntu/10.10 (maverick) Firefox/3.6.12','2011-02-01 12:43:04'),(0,1,'110.137.206.39','menus','edit','GET','http://pju.gedex.web.id/menus','/index.php?url=menus/edit/65','Mozilla/5.0 (X11; U; Linux i686; en-US; rv:1.9.2.12) Gecko/20101027 Ubuntu/10.10 (maverick) Firefox/3.6.12','2011-02-01 12:43:11'),(0,1,'110.137.206.39','menus','edit','POST','http://pju.gedex.web.id/menus/edit/70','/index.php?url=menus/edit/70','Mozilla/5.0 (X11; U; Linux i686; en-US; rv:1.9.2.12) Gecko/20101027 Ubuntu/10.10 (maverick) Firefox/3.6.12','2011-02-01 12:43:04'),(0,1,'110.137.206.39','menus','edit','GET','http://pju.gedex.web.id/menus','/index.php?url=menus/edit/70','Mozilla/5.0 (X11; U; Linux i686; en-US; rv:1.9.2.12) Gecko/20101027 Ubuntu/10.10 (maverick) Firefox/3.6.12','2011-02-01 12:43:00'),(0,1,'110.137.206.39','menus','index','GET','http://pju.gedex.web.id/menus/edit/68','/index.php?url=menus','Mozilla/5.0 (X11; U; Linux i686; en-US; rv:1.9.2.12) Gecko/20101027 Ubuntu/10.10 (maverick) Firefox/3.6.12','2011-02-01 12:42:50'),(0,1,'110.137.206.39','menus','edit','POST','http://pju.gedex.web.id/menus/edit/68','/index.php?url=menus/edit/68','Mozilla/5.0 (X11; U; Linux i686; en-US; rv:1.9.2.12) Gecko/20101027 Ubuntu/10.10 (maverick) Firefox/3.6.12','2011-02-01 12:42:50'),(0,1,'110.137.206.39','menus','index','GET','http://pju.gedex.web.id/menus/edit/67','/index.php?url=menus','Mozilla/5.0 (X11; U; Linux i686; en-US; rv:1.9.2.12) Gecko/20101027 Ubuntu/10.10 (maverick) Firefox/3.6.12','2011-02-01 12:42:40'),(0,1,'110.137.206.39','menus','edit','GET','http://pju.gedex.web.id/menus','/index.php?url=menus/edit/68','Mozilla/5.0 (X11; U; Linux i686; en-US; rv:1.9.2.12) Gecko/20101027 Ubuntu/10.10 (maverick) Firefox/3.6.12','2011-02-01 12:42:45'),(0,1,'110.137.206.39','menus','edit','POST','http://pju.gedex.web.id/menus/edit/67','/index.php?url=menus/edit/67','Mozilla/5.0 (X11; U; Linux i686; en-US; rv:1.9.2.12) Gecko/20101027 Ubuntu/10.10 (maverick) Firefox/3.6.12','2011-02-01 12:42:39'),(0,1,'110.137.206.39','menus','edit','GET','http://pju.gedex.web.id/menus','/index.php?url=menus/edit/67','Mozilla/5.0 (X11; U; Linux i686; en-US; rv:1.9.2.12) Gecko/20101027 Ubuntu/10.10 (maverick) Firefox/3.6.12','2011-02-01 12:42:35'),(0,1,'110.137.206.39','menus','index','GET','http://pju.gedex.web.id/menus/edit/66','/index.php?url=menus','Mozilla/5.0 (X11; U; Linux i686; en-US; rv:1.9.2.12) Gecko/20101027 Ubuntu/10.10 (maverick) Firefox/3.6.12','2011-02-01 12:42:22'),(0,1,'110.137.206.39','menus','edit','POST','http://pju.gedex.web.id/menus/edit/66','/index.php?url=menus/edit/66','Mozilla/5.0 (X11; U; Linux i686; en-US; rv:1.9.2.12) Gecko/20101027 Ubuntu/10.10 (maverick) Firefox/3.6.12','2011-02-01 12:42:21'),(0,1,'110.137.206.39','menus','edit','GET','http://pju.gedex.web.id/menus','/index.php?url=menus/edit/66','Mozilla/5.0 (X11; U; Linux i686; en-US; rv:1.9.2.12) Gecko/20101027 Ubuntu/10.10 (maverick) Firefox/3.6.12','2011-02-01 12:42:17'),(0,1,'110.137.206.39','pages','display','GET','http://pju.gedex.web.id/site_settings','/','Mozilla/5.0 (X11; U; Linux i686; en-US; rv:1.9.2.12) Gecko/20101027 Ubuntu/10.10 (maverick) Firefox/3.6.12','2011-02-01 12:38:39'),(0,1,'110.137.206.39','menus','index','GET','http://pju.gedex.web.id/','/index.php?url=menus','Mozilla/5.0 (X11; U; Linux i686; en-US; rv:1.9.2.12) Gecko/20101027 Ubuntu/10.10 (maverick) Firefox/3.6.12','2011-02-01 12:41:25'),(0,1,'110.137.206.39','site_settings','index','GET','http://pju.gedex.web.id/users/login','/index.php?url=site_settings','Mozilla/5.0 (X11; U; Linux i686; en-US; rv:1.9.2.12) Gecko/20101027 Ubuntu/10.10 (maverick) Firefox/3.6.12','2011-02-01 12:38:31'),(0,1,'110.137.206.39','users','logout','GET','http://pju.gedex.web.id/site_settings','/index.php?url=users/logout','Mozilla/5.0 (X11; U; Linux i686; en-US; rv:1.9.2.12) Gecko/20101027 Ubuntu/10.10 (maverick) Firefox/3.6.12','2011-02-01 12:37:47'),(0,1,'110.137.206.39','site_settings','edit','PUT','http://pju.gedex.web.id/site_settings/edit/2','/index.php?url=site_settings/edit/2','Mozilla/5.0 (X11; U; Linux i686; en-US; rv:1.9.2.12) Gecko/20101027 Ubuntu/10.10 (maverick) Firefox/3.6.12','2011-02-01 12:37:42'),(0,1,'110.137.206.39','site_settings','index','GET','http://pju.gedex.web.id/site_settings/edit/2','/index.php?url=site_settings','Mozilla/5.0 (X11; U; Linux i686; en-US; rv:1.9.2.12) Gecko/20101027 Ubuntu/10.10 (maverick) Firefox/3.6.12','2011-02-01 12:37:42'),(0,1,'110.137.206.39','site_settings','edit','GET','http://pju.gedex.web.id/site_settings','/index.php?url=site_settings/edit/2','Mozilla/5.0 (X11; U; Linux i686; en-US; rv:1.9.2.12) Gecko/20101027 Ubuntu/10.10 (maverick) Firefox/3.6.12','2011-02-01 12:37:27'),(0,1,'110.137.206.39','site_settings','index','GET','http://pju.gedex.web.id/','/index.php?url=site_settings','Mozilla/5.0 (X11; U; Linux i686; en-US; rv:1.9.2.12) Gecko/20101027 Ubuntu/10.10 (maverick) Firefox/3.6.12','2011-02-01 12:37:21'),(0,13,'110.138.147.234','lamps','index','GET','http://pju.gedex.web.id/lamps','/index.php?url=lamps/index/page:2/filter:1/&ajax=1','Mozilla/5.0 (Windows; U; Windows NT 5.1; en-US; rv:1.9.2.13) Gecko/20101203 Firefox/3.6.13','2011-02-01 11:44:33'),(0,1,'110.137.206.39','pages','display','GET','http://pju.gedex.web.id/users/login','/','Mozilla/5.0 (X11; U; Linux i686; en-US; rv:1.9.2.12) Gecko/20101027 Ubuntu/10.10 (maverick) Firefox/3.6.12','2011-02-01 12:36:39'),(0,13,'110.138.147.234','lamps','index','GET','http://pju.gedex.web.id/companies','/index.php?url=lamps','Mozilla/5.0 (Windows; U; Windows NT 5.1; en-US; rv:1.9.2.13) Gecko/20101203 Firefox/3.6.13','2011-02-01 11:44:28'),(0,13,'110.138.147.234','companies','index','GET','http://pju.gedex.web.id/reports/lamps','/index.php?url=companies','Mozilla/5.0 (Windows; U; Windows NT 5.1; en-US; rv:1.9.2.13) Gecko/20101203 Firefox/3.6.13','2011-02-01 11:42:34'),(0,13,'110.138.147.234','reports','fusionxml','GET','','/index.php?url=reports/fusionxml&curr=52','Mozilla/5.0 (Windows; U; Windows NT 5.1; en-US; rv:1.9.2.13) Gecko/20101203 Firefox/3.6.13','2011-02-01 11:39:46'),(0,13,'110.138.147.234','reports','lamps','GET','http://pju.gedex.web.id/lamps/excel','/index.php?url=reports/lamps','Mozilla/5.0 (Windows; U; Windows NT 5.1; en-US; rv:1.9.2.13) Gecko/20101203 Firefox/3.6.13','2011-02-01 11:39:45'),(0,13,'110.138.147.234','lamps','excel','GET','http://pju.gedex.web.id/lamps/excel','/index.php?url=lamps/excel&opt_subdistrict_id=&opt_street_id=&opt_relay_id=&opt_panel_id=&opt_networ','Mozilla/5.0 (Windows; U; Windows NT 5.1; en-US; rv:1.9.2.13) Gecko/20101203 Firefox/3.6.13','2011-02-01 11:37:16'),(0,13,'110.138.147.234','lamps','excel','GET','http://pju.gedex.web.id/panels/excel','/index.php?url=lamps/excel','Mozilla/5.0 (Windows; U; Windows NT 5.1; en-US; rv:1.9.2.13) Gecko/20101203 Firefox/3.6.13','2011-02-01 11:36:58'),(0,13,'110.138.147.234','lamps','index','GET','http://pju.gedex.web.id/users/login','/index.php?url=lamps','Mozilla/5.0 (Windows; U; Windows NT 5.1; en-US; rv:1.9.2.13) Gecko/20101203 Firefox/3.6.13','2011-02-01 11:34:48'),(0,13,'110.138.147.234','relays','index','GET','http://pju.gedex.web.id/lamps','/index.php?url=relays','Mozilla/5.0 (Windows; U; Windows NT 5.1; en-US; rv:1.9.2.13) Gecko/20101203 Firefox/3.6.13','2011-02-01 11:35:04'),(0,13,'110.138.147.234','panels','excel','GET','http://pju.gedex.web.id/relays','/index.php?url=panels/excel','Mozilla/5.0 (Windows; U; Windows NT 5.1; en-US; rv:1.9.2.13) Gecko/20101203 Firefox/3.6.13','2011-02-01 11:36:41'),(0,1,'110.138.147.234','lamps','index','GET','http://pju.gedex.web.id/relays?opt_subdistrict_id=&opt_street_id=&opt_coverage_area_id=&opt_coverage','/index.php?url=lamps','Mozilla/5.0 (Windows; U; Windows NT 5.1; en-US; rv:1.9.2.13) Gecko/20101203 Firefox/3.6.13','2011-02-01 11:31:14'),(0,1,'110.138.147.234','users','logout','GET','http://pju.gedex.web.id/lamps','/index.php?url=users/logout','Mozilla/5.0 (Windows; U; Windows NT 5.1; en-US; rv:1.9.2.13) Gecko/20101203 Firefox/3.6.13','2011-02-01 11:34:33'),(0,1,'110.138.147.234','relays','index','GET','http://pju.gedex.web.id/relays?opt_subdistrict_id=&opt_street_id=&opt_coverage_area_id=3&opt_coverag','/index.php?url=relays&opt_subdistrict_id=&opt_street_id=&opt_coverage_area_id=&opt_coverage_service_','Mozilla/5.0 (Windows; U; Windows NT 5.1; en-US; rv:1.9.2.13) Gecko/20101203 Firefox/3.6.13','2011-02-01 11:30:43'),(0,1,'110.138.147.234','relays','index','GET','http://pju.gedex.web.id/relays?opt_subdistrict_id=1&opt_street_id=&opt_coverage_area_id=&opt_coverag','/index.php?url=relays&opt_subdistrict_id=&opt_street_id=302&opt_coverage_area_id=&opt_coverage_servi','Mozilla/5.0 (Windows; U; Windows NT 5.1; en-US; rv:1.9.2.13) Gecko/20101203 Firefox/3.6.13','2011-02-01 11:30:13'),(0,1,'110.138.147.234','relays','index','GET','http://pju.gedex.web.id/relays?opt_subdistrict_id=&opt_street_id=302&opt_coverage_area_id=&opt_cover','/index.php?url=relays&opt_subdistrict_id=&opt_street_id=&opt_coverage_area_id=3&opt_coverage_service','Mozilla/5.0 (Windows; U; Windows NT 5.1; en-US; rv:1.9.2.13) Gecko/20101203 Firefox/3.6.13','2011-02-01 11:30:29'),(0,1,'110.138.147.234','relays','index','GET','http://pju.gedex.web.id/relays','/index.php?url=relays&opt_subdistrict_id=1&opt_street_id=&opt_coverage_area_id=&opt_coverage_service','Mozilla/5.0 (Windows; U; Windows NT 5.1; en-US; rv:1.9.2.13) Gecko/20101203 Firefox/3.6.13','2011-02-01 11:29:27'),(0,1,'110.138.147.234','relays','index','GET','http://pju.gedex.web.id/lamps?opt_subdistrict_id=&opt_street_id=&opt_relay_id=&opt_panel_id=&opt_net','/index.php?url=relays','Mozilla/5.0 (Windows; U; Windows NT 5.1; en-US; rv:1.9.2.13) Gecko/20101203 Firefox/3.6.13','2011-02-01 11:29:20'),(0,1,'110.138.147.234','relays','index','GET','http://pju.gedex.web.id/lamps?opt_subdistrict_id=&opt_street_id=&opt_relay_id=&opt_panel_id=&opt_net','/index.php?url=relays','Mozilla/5.0 (Windows; U; Windows NT 5.1; en-US; rv:1.9.2.13) Gecko/20101203 Firefox/3.6.13','2011-02-01 11:29:21'),(0,1,'110.138.147.234','lamps','index','GET','http://pju.gedex.web.id/lamps?opt_subdistrict_id=3&opt_street_id=&opt_relay_id=&opt_panel_id=&opt_ne','/index.php?url=lamps&opt_subdistrict_id=&opt_street_id=&opt_relay_id=&opt_panel_id=&opt_network_size','Mozilla/5.0 (Windows; U; Windows NT 5.1; en-US; rv:1.9.2.13) Gecko/20101203 Firefox/3.6.13','2011-02-01 11:28:19'),(0,1,'110.138.147.234','lamps','index','GET','http://pju.gedex.web.id/lamps?opt_subdistrict_id=5&opt_street_id=&opt_relay_id=&opt_panel_id=&opt_ne','/index.php?url=lamps&opt_subdistrict_id=3&opt_street_id=&opt_relay_id=&opt_panel_id=&opt_network_siz','Mozilla/5.0 (Windows; U; Windows NT 5.1; en-US; rv:1.9.2.13) Gecko/20101203 Firefox/3.6.13','2011-02-01 11:28:06'),(0,1,'110.138.147.234','lamps','index','GET','http://pju.gedex.web.id/reports/lamps','/index.php?url=lamps','Mozilla/5.0 (Windows; U; Windows NT 5.1; en-US; rv:1.9.2.13) Gecko/20101203 Firefox/3.6.13','2011-02-01 11:27:37'),(0,1,'110.138.147.234','lamps','index','GET','http://pju.gedex.web.id/lamps','/index.php?url=lamps&opt_subdistrict_id=5&opt_street_id=&opt_relay_id=&opt_panel_id=&opt_network_siz','Mozilla/5.0 (Windows; U; Windows NT 5.1; en-US; rv:1.9.2.13) Gecko/20101203 Firefox/3.6.13','2011-02-01 11:27:59'),(0,1,'110.138.147.234','reports','fusionxml','GET','','/index.php?url=reports/fusionxml&curr=443','Mozilla/5.0 (Windows; U; Windows NT 5.1; en-US; rv:1.9.2.13) Gecko/20101203 Firefox/3.6.13','2011-02-01 11:27:14'),(0,1,'110.138.147.234','lamps','index','GET','http://pju.gedex.web.id/coverage_services','/index.php?url=lamps','Mozilla/5.0 (Windows; U; Windows NT 5.1; en-US; rv:1.9.2.13) Gecko/20101203 Firefox/3.6.13','2011-02-01 11:26:49'),(0,1,'110.138.147.234','reports','lamps','GET','http://pju.gedex.web.id/lamps','/index.php?url=reports/lamps','Mozilla/5.0 (Windows; U; Windows NT 5.1; en-US; rv:1.9.2.13) Gecko/20101203 Firefox/3.6.13','2011-02-01 11:27:09'),(0,1,'110.138.147.234','coverage_services','index','GET','http://pju.gedex.web.id/coverage_areas','/index.php?url=coverage_services','Mozilla/5.0 (Windows; U; Windows NT 5.1; en-US; rv:1.9.2.13) Gecko/20101203 Firefox/3.6.13','2011-02-01 11:26:36'),(0,1,'110.138.147.234','network_types','index','GET','http://pju.gedex.web.id/panels','/index.php?url=network_types','Mozilla/5.0 (Windows; U; Windows NT 5.1; en-US; rv:1.9.2.13) Gecko/20101203 Firefox/3.6.13','2011-02-01 11:26:02'),(0,1,'110.138.147.234','network_sizes','index','GET','http://pju.gedex.web.id/network_types','/index.php?url=network_sizes','Mozilla/5.0 (Windows; U; Windows NT 5.1; en-US; rv:1.9.2.13) Gecko/20101203 Firefox/3.6.13','2011-02-01 11:26:21'),(0,1,'110.138.147.234','coverage_areas','index','GET','http://pju.gedex.web.id/network_sizes','/index.php?url=coverage_areas','Mozilla/5.0 (Windows; U; Windows NT 5.1; en-US; rv:1.9.2.13) Gecko/20101203 Firefox/3.6.13','2011-02-01 11:26:30'),(0,1,'110.138.147.234','panels','index','GET','http://pju.gedex.web.id/relays','/index.php?url=panels','Mozilla/5.0 (Windows; U; Windows NT 5.1; en-US; rv:1.9.2.13) Gecko/20101203 Firefox/3.6.13','2011-02-01 11:25:26'),(0,1,'110.138.147.234','streets','index','GET','http://pju.gedex.web.id/subdistricts','/index.php?url=streets','Mozilla/5.0 (Windows; U; Windows NT 5.1; en-US; rv:1.9.2.13) Gecko/20101203 Firefox/3.6.13','2011-02-01 11:24:59'),(0,1,'110.138.147.234','relays','index','GET','http://pju.gedex.web.id/streets','/index.php?url=relays','Mozilla/5.0 (Windows; U; Windows NT 5.1; en-US; rv:1.9.2.13) Gecko/20101203 Firefox/3.6.13','2011-02-01 11:25:11'),(0,1,'110.138.147.234','subdistricts','index','GET','http://pju.gedex.web.id/districts','/index.php?url=subdistricts','Mozilla/5.0 (Windows; U; Windows NT 5.1; en-US; rv:1.9.2.13) Gecko/20101203 Firefox/3.6.13','2011-02-01 11:24:46'),(0,1,'110.138.147.234','districts','index','GET','http://pju.gedex.web.id/municipalities','/index.php?url=districts','Mozilla/5.0 (Windows; U; Windows NT 5.1; en-US; rv:1.9.2.13) Gecko/20101203 Firefox/3.6.13','2011-02-01 11:24:41'),(0,1,'110.138.147.234','municipalities','index','GET','http://pju.gedex.web.id/provinces','/index.php?url=municipalities','Mozilla/5.0 (Windows; U; Windows NT 5.1; en-US; rv:1.9.2.13) Gecko/20101203 Firefox/3.6.13','2011-02-01 11:24:35'),(0,1,'110.138.147.234','provinces','index','GET','http://pju.gedex.web.id/','/index.php?url=provinces','Mozilla/5.0 (Windows; U; Windows NT 5.1; en-US; rv:1.9.2.13) Gecko/20101203 Firefox/3.6.13','2011-02-01 11:24:27'),(0,1,'182.3.53.164','lamps','index','GET','http://pju.gedex.web.id/coverage_services','/index.php?url=lamps','Mozilla/5.0 (Windows; U; Windows NT 5.1; id; rv:1.9.2.12) Gecko/20101026 Firefox/3.6.12','2011-02-01 01:43:58'),(0,1,'182.3.53.164','users','logout','GET','http://pju.gedex.web.id/lamps','/index.php?url=users/logout','Mozilla/5.0 (Windows; U; Windows NT 5.1; id; rv:1.9.2.12) Gecko/20101026 Firefox/3.6.12','2011-02-01 01:44:33'),(0,1,'110.138.147.234','pages','display','GET','http://pju.gedex.web.id/users/login','/','Mozilla/5.0 (Windows; U; Windows NT 5.1; en-US; rv:1.9.2.13) Gecko/20101203 Firefox/3.6.13','2011-02-01 11:23:13'),(0,1,'182.3.53.164','coverage_services','index','GET','http://pju.gedex.web.id/coverage_areas','/index.php?url=coverage_services','Mozilla/5.0 (Windows; U; Windows NT 5.1; id; rv:1.9.2.12) Gecko/20101026 Firefox/3.6.12','2011-02-01 01:42:52'),(0,1,'182.3.53.164','coverage_areas','index','GET','http://pju.gedex.web.id/coverage_areas/add','/index.php?url=coverage_areas','Mozilla/5.0 (Windows; U; Windows NT 5.1; id; rv:1.9.2.12) Gecko/20101026 Firefox/3.6.12','2011-02-01 01:42:42'),(0,1,'182.3.53.164','coverage_areas','add','POST','http://pju.gedex.web.id/coverage_areas/add','/index.php?url=coverage_areas/add','Mozilla/5.0 (Windows; U; Windows NT 5.1; id; rv:1.9.2.12) Gecko/20101026 Firefox/3.6.12','2011-02-01 01:42:38'),(0,1,'182.3.53.164','coverage_areas','index','GET','http://pju.gedex.web.id/','/index.php?url=coverage_areas','Mozilla/5.0 (Windows; U; Windows NT 5.1; id; rv:1.9.2.12) Gecko/20101026 Firefox/3.6.12','2011-02-01 01:42:09'),(0,1,'182.3.53.164','coverage_areas','add','GET','http://pju.gedex.web.id/coverage_areas','/index.php?url=coverage_areas/add','Mozilla/5.0 (Windows; U; Windows NT 5.1; id; rv:1.9.2.12) Gecko/20101026 Firefox/3.6.12','2011-02-01 01:42:19'),(0,1,'182.3.53.164','pages','display','GET','http://pju.gedex.web.id/users/login','/','Mozilla/5.0 (Windows; U; Windows NT 5.1; id; rv:1.9.2.12) Gecko/20101026 Firefox/3.6.12','2011-02-01 01:41:24'),(0,1,'110.138.130.81','users','logout','GET','http://pju.gedex.web.id/lamps','/index.php?url=users/logout','Mozilla/5.0 (Windows; U; Windows NT 5.1; id; rv:1.9.2.13) Gecko/20101203 Firefox/3.6.13','2011-01-31 12:12:32'),(0,1,'110.138.130.81','lamps','index','GET','http://pju.gedex.web.id/companies','/index.php?url=lamps','Mozilla/5.0 (Windows; U; Windows NT 5.1; id; rv:1.9.2.13) Gecko/20101203 Firefox/3.6.13','2011-01-31 12:02:06'),(0,1,'110.138.130.81','companies','add','GET','http://pju.gedex.web.id/companies','/index.php?url=companies/add','Mozilla/5.0 (Windows; U; Windows NT 5.1; id; rv:1.9.2.13) Gecko/20101203 Firefox/3.6.13','2011-01-31 12:00:23'),(0,1,'110.138.130.81','companies','index','GET','http://pju.gedex.web.id/','/index.php?url=companies','Mozilla/5.0 (Windows; U; Windows NT 5.1; id; rv:1.9.2.13) Gecko/20101203 Firefox/3.6.13','2011-01-31 11:58:36'),(0,1,'110.138.130.81','pages','display','GET','http://www.google.co.id/search?client=firefox-a&rls=org.mozilla%3Aid%3Aofficial&channel=s&hl=id&sour','/','Mozilla/5.0 (Windows; U; Windows NT 5.1; id; rv:1.9.2.13) Gecko/20101203 Firefox/3.6.13','2011-01-31 11:52:21'),(0,1,'110.138.130.81','coverage_areas','add','POST','http://pju.gedex.web.id/coverage_areas/add','/index.php?url=coverage_areas/add','Mozilla/5.0 (Windows; U; Windows NT 5.1; id; rv:1.9.2.13) Gecko/20101203 Firefox/3.6.13','2011-01-31 11:43:31'),(0,1,'110.138.130.81','coverage_areas','index','GET','http://pju.gedex.web.id/coverage_services','/index.php?url=coverage_areas','Mozilla/5.0 (Windows; U; Windows NT 5.1; id; rv:1.9.2.13) Gecko/20101203 Firefox/3.6.13','2011-01-31 11:40:45'),(0,1,'110.138.130.81','coverage_areas','add','GET','http://pju.gedex.web.id/coverage_areas','/index.php?url=coverage_areas/add','Mozilla/5.0 (Windows; U; Windows NT 5.1; id; rv:1.9.2.13) Gecko/20101203 Firefox/3.6.13','2011-01-31 11:41:31'),(0,1,'110.138.130.81','coverage_services','index','GET','http://pju.gedex.web.id/coverage_services/add','/index.php?url=coverage_services','Mozilla/5.0 (Windows; U; Windows NT 5.1; id; rv:1.9.2.13) Gecko/20101203 Firefox/3.6.13','2011-01-31 11:39:56'),(0,1,'110.138.130.81','coverage_services','add','POST','http://pju.gedex.web.id/coverage_services/add','/index.php?url=coverage_services/add','Mozilla/5.0 (Windows; U; Windows NT 5.1; id; rv:1.9.2.13) Gecko/20101203 Firefox/3.6.13','2011-01-31 11:39:43'),(0,1,'110.138.130.81','coverage_services','add','GET','http://pju.gedex.web.id/coverage_services','/index.php?url=coverage_services/add','Mozilla/5.0 (Windows; U; Windows NT 5.1; id; rv:1.9.2.13) Gecko/20101203 Firefox/3.6.13','2011-01-31 11:39:20'),(0,1,'110.138.130.81','coverage_services','index','GET','http://pju.gedex.web.id/coverage_services/edit/15','/index.php?url=coverage_services','Mozilla/5.0 (Windows; U; Windows NT 5.1; id; rv:1.9.2.13) Gecko/20101203 Firefox/3.6.13','2011-01-31 11:37:07'),(0,1,'110.138.130.81','coverage_services','edit','PUT','http://pju.gedex.web.id/coverage_services/edit/15','/index.php?url=coverage_services/edit/15','Mozilla/5.0 (Windows; U; Windows NT 5.1; id; rv:1.9.2.13) Gecko/20101203 Firefox/3.6.13','2011-01-31 11:37:02'),(0,1,'110.138.130.81','coverage_services','edit','GET','http://pju.gedex.web.id/coverage_services','/index.php?url=coverage_services/edit/15','Mozilla/5.0 (Windows; U; Windows NT 5.1; id; rv:1.9.2.13) Gecko/20101203 Firefox/3.6.13','2011-01-31 11:36:50'),(0,1,'110.138.130.81','coverage_services','index','GET','http://pju.gedex.web.id/coverage_services/add','/index.php?url=coverage_services','Mozilla/5.0 (Windows; U; Windows NT 5.1; id; rv:1.9.2.13) Gecko/20101203 Firefox/3.6.13','2011-01-31 11:36:40'),(0,1,'110.138.130.81','coverage_services','add','POST','http://pju.gedex.web.id/coverage_services/add','/index.php?url=coverage_services/add','Mozilla/5.0 (Windows; U; Windows NT 5.1; id; rv:1.9.2.13) Gecko/20101203 Firefox/3.6.13','2011-01-31 11:36:34'),(0,1,'110.138.130.81','coverage_services','add','GET','http://pju.gedex.web.id/coverage_services','/index.php?url=coverage_services/add','Mozilla/5.0 (Windows; U; Windows NT 5.1; id; rv:1.9.2.13) Gecko/20101203 Firefox/3.6.13','2011-01-31 11:36:20'),(0,1,'110.138.130.81','coverage_services','add','POST','http://pju.gedex.web.id/coverage_services/add','/index.php?url=coverage_services/add','Mozilla/5.0 (Windows; U; Windows NT 5.1; id; rv:1.9.2.13) Gecko/20101203 Firefox/3.6.13','2011-01-31 11:36:04'),(0,1,'110.138.130.81','coverage_services','index','GET','http://pju.gedex.web.id/coverage_services/add','/index.php?url=coverage_services','Mozilla/5.0 (Windows; U; Windows NT 5.1; id; rv:1.9.2.13) Gecko/20101203 Firefox/3.6.13','2011-01-31 11:36:08'),(0,1,'110.138.130.81','coverage_services','add','GET','http://pju.gedex.web.id/coverage_services','/index.php?url=coverage_services/add','Mozilla/5.0 (Windows; U; Windows NT 5.1; id; rv:1.9.2.13) Gecko/20101203 Firefox/3.6.13','2011-01-31 11:35:51'),(0,1,'110.138.130.81','coverage_services','index','GET','http://pju.gedex.web.id/coverage_services/add','/index.php?url=coverage_services','Mozilla/5.0 (Windows; U; Windows NT 5.1; id; rv:1.9.2.13) Gecko/20101203 Firefox/3.6.13','2011-01-31 11:35:23'),(0,1,'110.138.130.81','coverage_services','add','POST','http://pju.gedex.web.id/coverage_services/add','/index.php?url=coverage_services/add','Mozilla/5.0 (Windows; U; Windows NT 5.1; id; rv:1.9.2.13) Gecko/20101203 Firefox/3.6.13','2011-01-31 11:35:14'),(0,1,'110.138.130.81','coverage_services','index','GET','http://pju.gedex.web.id/coverage_services/add','/index.php?url=coverage_services','Mozilla/5.0 (Windows; U; Windows NT 5.1; id; rv:1.9.2.13) Gecko/20101203 Firefox/3.6.13','2011-01-31 11:34:41'),(0,1,'110.138.130.81','coverage_services','add','GET','http://pju.gedex.web.id/coverage_services','/index.php?url=coverage_services/add','Mozilla/5.0 (Windows; U; Windows NT 5.1; id; rv:1.9.2.13) Gecko/20101203 Firefox/3.6.13','2011-01-31 11:34:50'),(0,1,'110.138.130.81','coverage_services','add','POST','http://pju.gedex.web.id/coverage_services/add','/index.php?url=coverage_services/add','Mozilla/5.0 (Windows; U; Windows NT 5.1; id; rv:1.9.2.13) Gecko/20101203 Firefox/3.6.13','2011-01-31 11:34:32'),(0,1,'110.138.130.81','coverage_services','add','GET','http://pju.gedex.web.id/coverage_services','/index.php?url=coverage_services/add','Mozilla/5.0 (Windows; U; Windows NT 5.1; id; rv:1.9.2.13) Gecko/20101203 Firefox/3.6.13','2011-01-31 11:34:17'),(0,1,'110.138.130.81','coverage_services','index','GET','http://pju.gedex.web.id/coverage_services/add','/index.php?url=coverage_services','Mozilla/5.0 (Windows; U; Windows NT 5.1; id; rv:1.9.2.13) Gecko/20101203 Firefox/3.6.13','2011-01-31 11:34:06'),(0,1,'110.138.130.81','coverage_services','add','POST','http://pju.gedex.web.id/coverage_services/add','/index.php?url=coverage_services/add','Mozilla/5.0 (Windows; U; Windows NT 5.1; id; rv:1.9.2.13) Gecko/20101203 Firefox/3.6.13','2011-01-31 11:34:05'),(0,1,'110.138.130.81','coverage_services','index','GET','http://pju.gedex.web.id/coverage_services/add','/index.php?url=coverage_services','Mozilla/5.0 (Windows; U; Windows NT 5.1; id; rv:1.9.2.13) Gecko/20101203 Firefox/3.6.13','2011-01-31 11:33:53'),(0,1,'110.138.130.81','coverage_services','add','GET','http://pju.gedex.web.id/coverage_services','/index.php?url=coverage_services/add','Mozilla/5.0 (Windows; U; Windows NT 5.1; id; rv:1.9.2.13) Gecko/20101203 Firefox/3.6.13','2011-01-31 11:33:59'),(0,1,'110.138.130.81','coverage_services','add','POST','http://pju.gedex.web.id/coverage_services/add','/index.php?url=coverage_services/add','Mozilla/5.0 (Windows; U; Windows NT 5.1; id; rv:1.9.2.13) Gecko/20101203 Firefox/3.6.13','2011-01-31 11:33:51'),(0,1,'110.138.130.81','coverage_services','add','GET','http://pju.gedex.web.id/coverage_services','/index.php?url=coverage_services/add','Mozilla/5.0 (Windows; U; Windows NT 5.1; id; rv:1.9.2.13) Gecko/20101203 Firefox/3.6.13','2011-01-31 11:33:41'),(0,1,'110.138.130.81','coverage_services','index','GET','http://pju.gedex.web.id/coverage_services/add','/index.php?url=coverage_services','Mozilla/5.0 (Windows; U; Windows NT 5.1; id; rv:1.9.2.13) Gecko/20101203 Firefox/3.6.13','2011-01-31 11:33:33'),(0,1,'110.138.130.81','coverage_services','add','POST','http://pju.gedex.web.id/coverage_services/add','/index.php?url=coverage_services/add','Mozilla/5.0 (Windows; U; Windows NT 5.1; id; rv:1.9.2.13) Gecko/20101203 Firefox/3.6.13','2011-01-31 11:33:32'),(0,1,'110.138.130.81','coverage_services','add','GET','http://pju.gedex.web.id/coverage_services','/index.php?url=coverage_services/add','Mozilla/5.0 (Windows; U; Windows NT 5.1; id; rv:1.9.2.13) Gecko/20101203 Firefox/3.6.13','2011-01-31 11:33:19'),(0,1,'110.138.130.81','coverage_services','add','POST','http://pju.gedex.web.id/coverage_services/add','/index.php?url=coverage_services/add','Mozilla/5.0 (Windows; U; Windows NT 5.1; id; rv:1.9.2.13) Gecko/20101203 Firefox/3.6.13','2011-01-31 11:33:13'),(0,1,'110.138.130.81','coverage_services','index','GET','http://pju.gedex.web.id/coverage_services/add','/index.php?url=coverage_services','Mozilla/5.0 (Windows; U; Windows NT 5.1; id; rv:1.9.2.13) Gecko/20101203 Firefox/3.6.13','2011-01-31 11:33:14'),(0,1,'110.138.130.81','coverage_services','add','GET','http://pju.gedex.web.id/coverage_services','/index.php?url=coverage_services/add','Mozilla/5.0 (Windows; U; Windows NT 5.1; id; rv:1.9.2.13) Gecko/20101203 Firefox/3.6.13','2011-01-31 11:33:05'),(0,1,'110.138.130.81','coverage_services','index','GET','http://pju.gedex.web.id/coverage_services/add','/index.php?url=coverage_services','Mozilla/5.0 (Windows; U; Windows NT 5.1; id; rv:1.9.2.13) Gecko/20101203 Firefox/3.6.13','2011-01-31 11:33:00'),(0,1,'110.138.130.81','coverage_services','add','POST','http://pju.gedex.web.id/coverage_services/add','/index.php?url=coverage_services/add','Mozilla/5.0 (Windows; U; Windows NT 5.1; id; rv:1.9.2.13) Gecko/20101203 Firefox/3.6.13','2011-01-31 11:32:58'),(0,1,'110.138.130.81','coverage_services','add','GET','http://pju.gedex.web.id/coverage_services','/index.php?url=coverage_services/add','Mozilla/5.0 (Windows; U; Windows NT 5.1; id; rv:1.9.2.13) Gecko/20101203 Firefox/3.6.13','2011-01-31 11:32:48'),(0,1,'110.138.130.81','coverage_services','index','GET','http://pju.gedex.web.id/coverage_services/add','/index.php?url=coverage_services','Mozilla/5.0 (Windows; U; Windows NT 5.1; id; rv:1.9.2.13) Gecko/20101203 Firefox/3.6.13','2011-01-31 11:32:34'),(0,1,'110.138.130.81','coverage_services','add','POST','http://pju.gedex.web.id/coverage_services/add','/index.php?url=coverage_services/add','Mozilla/5.0 (Windows; U; Windows NT 5.1; id; rv:1.9.2.13) Gecko/20101203 Firefox/3.6.13','2011-01-31 11:32:32'),(0,1,'110.138.130.81','coverage_services','add','GET','http://pju.gedex.web.id/coverage_services','/index.php?url=coverage_services/add','Mozilla/5.0 (Windows; U; Windows NT 5.1; id; rv:1.9.2.13) Gecko/20101203 Firefox/3.6.13','2011-01-31 11:32:16'),(0,1,'110.138.130.81','coverage_services','index','GET','http://pju.gedex.web.id/coverage_areas','/index.php?url=coverage_services','Mozilla/5.0 (Windows; U; Windows NT 5.1; id; rv:1.9.2.13) Gecko/20101203 Firefox/3.6.13','2011-01-31 11:32:10'),(0,1,'110.138.130.81','coverage_areas','index','GET','http://pju.gedex.web.id/coverage_areas/add','/index.php?url=coverage_areas','Mozilla/5.0 (Windows; U; Windows NT 5.1; id; rv:1.9.2.13) Gecko/20101203 Firefox/3.6.13','2011-01-31 11:32:04'),(0,1,'110.138.130.81','coverage_areas','add','GET','http://pju.gedex.web.id/coverage_areas','/index.php?url=coverage_areas/add','Mozilla/5.0 (Windows; U; Windows NT 5.1; id; rv:1.9.2.13) Gecko/20101203 Firefox/3.6.13','2011-01-31 11:31:31'),(0,1,'110.138.130.81','coverage_areas','add','POST','http://pju.gedex.web.id/coverage_areas/add','/index.php?url=coverage_areas/add','Mozilla/5.0 (Windows; U; Windows NT 5.1; id; rv:1.9.2.13) Gecko/20101203 Firefox/3.6.13','2011-01-31 11:32:03'),(0,1,'110.138.130.81','coverage_areas','index','GET','http://pju.gedex.web.id/coverage_areas/add','/index.php?url=coverage_areas','Mozilla/5.0 (Windows; U; Windows NT 5.1; id; rv:1.9.2.13) Gecko/20101203 Firefox/3.6.13','2011-01-31 11:31:26'),(0,1,'110.138.130.81','coverage_areas','add','POST','http://pju.gedex.web.id/coverage_areas/add','/index.php?url=coverage_areas/add','Mozilla/5.0 (Windows; U; Windows NT 5.1; id; rv:1.9.2.13) Gecko/20101203 Firefox/3.6.13','2011-01-31 11:31:24'),(0,1,'110.138.130.81','coverage_areas','index','GET','http://pju.gedex.web.id/coverage_areas/add','/index.php?url=coverage_areas','Mozilla/5.0 (Windows; U; Windows NT 5.1; id; rv:1.9.2.13) Gecko/20101203 Firefox/3.6.13','2011-01-31 11:31:10'),(0,1,'110.138.130.81','coverage_areas','add','GET','http://pju.gedex.web.id/coverage_areas','/index.php?url=coverage_areas/add','Mozilla/5.0 (Windows; U; Windows NT 5.1; id; rv:1.9.2.13) Gecko/20101203 Firefox/3.6.13','2011-01-31 11:31:15'),(0,1,'110.138.130.81','coverage_areas','add','POST','http://pju.gedex.web.id/coverage_areas/add','/index.php?url=coverage_areas/add','Mozilla/5.0 (Windows; U; Windows NT 5.1; id; rv:1.9.2.13) Gecko/20101203 Firefox/3.6.13','2011-01-31 11:31:09'),(0,1,'110.138.130.81','coverage_areas','add','GET','http://pju.gedex.web.id/coverage_areas','/index.php?url=coverage_areas/add','Mozilla/5.0 (Windows; U; Windows NT 5.1; id; rv:1.9.2.13) Gecko/20101203 Firefox/3.6.13','2011-01-31 11:29:56'),(0,1,'110.138.130.81','coverage_areas','index','GET','http://pju.gedex.web.id/panels','/index.php?url=coverage_areas','Mozilla/5.0 (Windows; U; Windows NT 5.1; id; rv:1.9.2.13) Gecko/20101203 Firefox/3.6.13','2011-01-31 11:29:48'),(0,1,'110.138.130.81','panels','index','GET','http://pju.gedex.web.id/network_types','/index.php?url=panels','Mozilla/5.0 (Windows; U; Windows NT 5.1; id; rv:1.9.2.13) Gecko/20101203 Firefox/3.6.13','2011-01-31 11:29:37'),(0,1,'110.138.130.81','lamp_types','index','GET','http://pju.gedex.web.id/street_types','/index.php?url=lamp_types','Mozilla/5.0 (Windows; U; Windows NT 5.1; id; rv:1.9.2.13) Gecko/20101203 Firefox/3.6.13','2011-01-31 11:29:17'),(0,1,'110.138.130.81','network_types','index','GET','http://pju.gedex.web.id/lamp_types','/index.php?url=network_types','Mozilla/5.0 (Windows; U; Windows NT 5.1; id; rv:1.9.2.13) Gecko/20101203 Firefox/3.6.13','2011-01-31 11:29:29'),(0,1,'110.138.130.81','street_types','index','GET','http://pju.gedex.web.id/relays','/index.php?url=street_types','Mozilla/5.0 (Windows; U; Windows NT 5.1; id; rv:1.9.2.13) Gecko/20101203 Firefox/3.6.13','2011-01-31 11:29:11'),(0,1,'110.138.130.81','relays','index','GET','http://pju.gedex.web.id/subdistricts','/index.php?url=relays','Mozilla/5.0 (Windows; U; Windows NT 5.1; id; rv:1.9.2.13) Gecko/20101203 Firefox/3.6.13','2011-01-31 11:28:57'),(0,1,'110.138.130.81','subdistricts','index','GET','http://pju.gedex.web.id/districts','/index.php?url=subdistricts','Mozilla/5.0 (Windows; U; Windows NT 5.1; id; rv:1.9.2.13) Gecko/20101203 Firefox/3.6.13','2011-01-31 11:28:51'),(0,1,'110.138.130.81','districts','index','GET','http://pju.gedex.web.id/municipalities','/index.php?url=districts','Mozilla/5.0 (Windows; U; Windows NT 5.1; id; rv:1.9.2.13) Gecko/20101203 Firefox/3.6.13','2011-01-31 11:28:48'),(0,1,'110.138.130.81','streets','index','GET','http://pju.gedex.web.id/municipalities','/index.php?url=streets','Mozilla/5.0 (Windows; U; Windows NT 5.1; id; rv:1.9.2.13) Gecko/20101203 Firefox/3.6.13','2011-01-31 11:28:40'),(0,1,'110.138.130.81','municipalities','index','GET','http://pju.gedex.web.id/streets','/index.php?url=municipalities','Mozilla/5.0 (Windows; U; Windows NT 5.1; id; rv:1.9.2.13) Gecko/20101203 Firefox/3.6.13','2011-01-31 11:28:43'),(0,1,'110.138.130.81','municipalities','index','GET','http://pju.gedex.web.id/streets','/index.php?url=municipalities','Mozilla/5.0 (Windows; U; Windows NT 5.1; id; rv:1.9.2.13) Gecko/20101203 Firefox/3.6.13','2011-01-31 11:28:34'),(0,1,'110.138.130.81','streets','index','GET','http://pju.gedex.web.id/pillar_types','/index.php?url=streets','Mozilla/5.0 (Windows; U; Windows NT 5.1; id; rv:1.9.2.13) Gecko/20101203 Firefox/3.6.13','2011-01-31 11:28:25'),(0,1,'110.138.130.81','pillar_types','index','GET','http://pju.gedex.web.id/provinces','/index.php?url=pillar_types','Mozilla/5.0 (Windows; U; Windows NT 5.1; id; rv:1.9.2.13) Gecko/20101203 Firefox/3.6.13','2011-01-31 11:28:21'),(0,1,'110.138.130.81','provinces','index','GET','http://pju.gedex.web.id/lamps/add_bulk','/index.php?url=provinces','Mozilla/5.0 (Windows; U; Windows NT 5.1; id; rv:1.9.2.13) Gecko/20101203 Firefox/3.6.13','2011-01-31 11:28:15'),(0,1,'110.138.130.81','lamps','add_bulk','POST','http://pju.gedex.web.id/lamps/add_bulk','/index.php?url=lamps/add_bulk','Mozilla/5.0 (Windows; U; Windows NT 5.1; id; rv:1.9.2.13) Gecko/20101203 Firefox/3.6.13','2011-01-31 11:04:58'),(0,1,'110.138.130.81','lamps','add_bulk','POST','http://pju.gedex.web.id/lamps/add_bulk','/index.php?url=lamps/add_bulk','Mozilla/5.0 (Windows; U; Windows NT 5.1; id; rv:1.9.2.13) Gecko/20101203 Firefox/3.6.13','2011-01-31 11:09:31'),(0,1,'110.138.130.81','lamps','add_bulk','GET','http://pju.gedex.web.id/reports/lamps','/index.php?url=lamps/add_bulk','Mozilla/5.0 (Windows; U; Windows NT 5.1; id; rv:1.9.2.13) Gecko/20101203 Firefox/3.6.13','2011-01-31 11:01:58'),(0,1,'110.138.130.81','reports','fusionxml','GET','','/index.php?url=reports/fusionxml&curr=576','Mozilla/5.0 (Windows; U; Windows NT 5.1; id; rv:1.9.2.13) Gecko/20101203 Firefox/3.6.13','2011-01-31 11:01:43'),(0,1,'110.138.130.81','reports','lamps','GET','http://pju.gedex.web.id/lamps','/index.php?url=reports/lamps','Mozilla/5.0 (Windows; U; Windows NT 5.1; id; rv:1.9.2.13) Gecko/20101203 Firefox/3.6.13','2011-01-31 11:01:34'),(0,1,'110.138.130.81','lamps','index','GET','http://pju.gedex.web.id/lamps','/index.php?url=lamps/index/page:1/filter:1/&ajax=1','Mozilla/5.0 (Windows; U; Windows NT 5.1; id; rv:1.9.2.13) Gecko/20101203 Firefox/3.6.13','2011-01-31 10:58:58'),(0,1,'110.138.130.81','lamps','index','GET','http://pju.gedex.web.id/lamps/add_bulk','/index.php?url=lamps','Mozilla/5.0 (Windows; U; Windows NT 5.1; id; rv:1.9.2.13) Gecko/20101203 Firefox/3.6.13','2011-01-31 10:58:24'),(0,1,'110.138.130.81','lamps','index','GET','http://pju.gedex.web.id/lamps','/index.php?url=lamps/index/page:2/filter:1/&ajax=1','Mozilla/5.0 (Windows; U; Windows NT 5.1; id; rv:1.9.2.13) Gecko/20101203 Firefox/3.6.13','2011-01-31 10:58:32'),(0,1,'110.138.130.81','lamps','add_bulk','POST','http://pju.gedex.web.id/lamps/add_bulk','/index.php?url=lamps/add_bulk','Mozilla/5.0 (Windows; U; Windows NT 5.1; id; rv:1.9.2.13) Gecko/20101203 Firefox/3.6.13','2011-01-31 10:58:08'),(0,1,'110.138.130.81','lamps','add_bulk','GET','http://pju.gedex.web.id/','/index.php?url=lamps/add_bulk','Mozilla/5.0 (Windows; U; Windows NT 5.1; id; rv:1.9.2.13) Gecko/20101203 Firefox/3.6.13','2011-01-31 10:50:23'),(0,1,'110.138.130.81','pages','display','GET','http://pju.gedex.web.id/users/login','/','Mozilla/5.0 (Windows; U; Windows NT 5.1; id; rv:1.9.2.13) Gecko/20101203 Firefox/3.6.13','2011-01-31 10:43:56'),(0,1,'182.0.185.124','users','logout','GET','http://pju.gedex.web.id/unit_codes','/index.php?url=users/logout','Mozilla/5.0 (Windows; U; Windows NT 5.1; id; rv:1.9.2.12) Gecko/20101026 Firefox/3.6.12','2011-01-28 23:57:46'),(0,1,'182.0.185.124','unit_codes','index','GET','http://pju.gedex.web.id/panels/excel','/index.php?url=unit_codes','Mozilla/5.0 (Windows; U; Windows NT 5.1; id; rv:1.9.2.12) Gecko/20101026 Firefox/3.6.12','2011-01-28 23:57:16'),(0,1,'182.0.185.124','panels','excel','GET','http://pju.gedex.web.id/panels/excel','/index.php?url=panels/excel&opt_subdistrict_id=&opt_street_id=&opt_relay_id=&opt_type=P&txt_name=&se','Mozilla/5.0 (Windows; U; Windows NT 5.1; id; rv:1.9.2.12) Gecko/20101026 Firefox/3.6.12','2011-01-28 23:56:22'),(0,1,'182.0.185.124','panels','excel','GET','http://pju.gedex.web.id/reports/lamps','/index.php?url=panels/excel','Mozilla/5.0 (Windows; U; Windows NT 5.1; id; rv:1.9.2.12) Gecko/20101026 Firefox/3.6.12','2011-01-28 23:55:58'),(0,1,'182.0.185.124','reports','fusionxml','GET','','/index.php?url=reports/fusionxml&curr=2187','Mozilla/5.0 (Windows; U; Windows NT 5.1; id; rv:1.9.2.12) Gecko/20101026 Firefox/3.6.12','2011-01-28 23:55:42'),(0,1,'182.0.185.124','pages','display','GET','http://pju.gedex.web.id/users/login','/','Mozilla/5.0 (Windows; U; Windows NT 5.1; id; rv:1.9.2.12) Gecko/20101026 Firefox/3.6.12','2011-01-28 23:54:18'),(0,1,'182.0.185.124','reports','lamps','GET','http://pju.gedex.web.id/','/index.php?url=reports/lamps','Mozilla/5.0 (Windows; U; Windows NT 5.1; id; rv:1.9.2.12) Gecko/20101026 Firefox/3.6.12','2011-01-28 23:55:30'),(0,13,'124.195.57.142','provinces','index','GET','http://pju.gedex.web.id/reports/lamps','/index.php?url=provinces','Mozilla/5.0 (X11; U; Linux i686; en-US; rv:1.9.2.12) Gecko/20101027 Ubuntu/10.10 (maverick) Firefox/3.6.12','2011-01-28 22:53:31'),(0,13,'124.195.57.142','reports','fusionxml','GET','','/index.php?url=reports/fusionxml&curr=350','Mozilla/5.0 (X11; U; Linux i686; en-US; rv:1.9.2.12) Gecko/20101027 Ubuntu/10.10 (maverick) Firefox/3.6.12','2011-01-28 22:53:27'),(0,13,'124.195.57.142','reports','lamps','GET','http://pju.gedex.web.id/provinces','/index.php?url=reports/lamps','Mozilla/5.0 (X11; U; Linux i686; en-US; rv:1.9.2.12) Gecko/20101027 Ubuntu/10.10 (maverick) Firefox/3.6.12','2011-01-28 22:53:25'),(0,13,'124.195.57.142','provinces','index','GET','http://pju.gedex.web.id/index.php?keywords=&search=Pencarian','/index.php?url=provinces','Mozilla/5.0 (X11; U; Linux i686; en-US; rv:1.9.2.12) Gecko/20101027 Ubuntu/10.10 (maverick) Firefox/3.6.12','2011-01-28 22:53:13'),(0,13,'124.195.57.142','pages','display','GET','http://pju.gedex.web.id/','/index.php?keywords=&search=Pencarian','Mozilla/5.0 (X11; U; Linux i686; en-US; rv:1.9.2.12) Gecko/20101027 Ubuntu/10.10 (maverick) Firefox/3.6.12','2011-01-28 22:53:10'),(0,13,'124.195.57.142','pages','display','GET','http://pju.gedex.web.id/?search','/index.php?p=help','Mozilla/5.0 (X11; U; Linux i686; en-US; rv:1.9.2.12) Gecko/20101027 Ubuntu/10.10 (maverick) Firefox/3.6.12','2011-01-28 22:53:00'),(0,13,'124.195.57.142','pages','display','GET','http://pju.gedex.web.id/index.php?p=help','/','Mozilla/5.0 (X11; U; Linux i686; en-US; rv:1.9.2.12) Gecko/20101027 Ubuntu/10.10 (maverick) Firefox/3.6.12','2011-01-28 22:53:06'),(0,13,'124.195.57.142','pages','display','GET','http://pju.gedex.web.id/network_types','/?search','Mozilla/5.0 (X11; U; Linux i686; en-US; rv:1.9.2.12) Gecko/20101027 Ubuntu/10.10 (maverick) Firefox/3.6.12','2011-01-28 22:52:57'),(0,13,'124.195.57.142','network_types','index','GET','http://pju.gedex.web.id/lamp_types','/index.php?url=network_types','Mozilla/5.0 (X11; U; Linux i686; en-US; rv:1.9.2.12) Gecko/20101027 Ubuntu/10.10 (maverick) Firefox/3.6.12','2011-01-28 22:52:47'),(0,13,'124.195.57.142','lamp_types','index','GET','http://pju.gedex.web.id/street_types','/index.php?url=lamp_types','Mozilla/5.0 (X11; U; Linux i686; en-US; rv:1.9.2.12) Gecko/20101027 Ubuntu/10.10 (maverick) Firefox/3.6.12','2011-01-28 22:52:45'),(0,13,'124.195.57.142','street_types','index','GET','http://pju.gedex.web.id/relays','/index.php?url=street_types','Mozilla/5.0 (X11; U; Linux i686; en-US; rv:1.9.2.12) Gecko/20101027 Ubuntu/10.10 (maverick) Firefox/3.6.12','2011-01-28 22:52:43'),(0,13,'124.195.57.142','relays','index','GET','http://pju.gedex.web.id/relays','/index.php?url=relays','Mozilla/5.0 (X11; U; Linux i686; en-US; rv:1.9.2.12) Gecko/20101027 Ubuntu/10.10 (maverick) Firefox/3.6.12','2011-01-28 22:52:40'),(0,13,'124.195.57.142','relays','index','GET','http://pju.gedex.web.id/municipalities','/index.php?url=relays','Mozilla/5.0 (X11; U; Linux i686; en-US; rv:1.9.2.12) Gecko/20101027 Ubuntu/10.10 (maverick) Firefox/3.6.12','2011-01-28 22:52:35'),(0,13,'124.195.57.142','municipalities','index','GET','http://pju.gedex.web.id/districts','/index.php?url=municipalities','Mozilla/5.0 (X11; U; Linux i686; en-US; rv:1.9.2.12) Gecko/20101027 Ubuntu/10.10 (maverick) Firefox/3.6.12','2011-01-28 22:52:32'),(0,13,'124.195.57.142','municipalities','index','GET','http://pju.gedex.web.id/streets','/index.php?url=municipalities','Mozilla/5.0 (X11; U; Linux i686; en-US; rv:1.9.2.12) Gecko/20101027 Ubuntu/10.10 (maverick) Firefox/3.6.12','2011-01-28 22:52:28'),(0,13,'124.195.57.142','districts','index','GET','http://pju.gedex.web.id/municipalities','/index.php?url=districts','Mozilla/5.0 (X11; U; Linux i686; en-US; rv:1.9.2.12) Gecko/20101027 Ubuntu/10.10 (maverick) Firefox/3.6.12','2011-01-28 22:52:30'),(0,13,'124.195.57.142','streets','index','GET','http://pju.gedex.web.id/pillar_types','/index.php?url=streets','Mozilla/5.0 (X11; U; Linux i686; en-US; rv:1.9.2.12) Gecko/20101027 Ubuntu/10.10 (maverick) Firefox/3.6.12','2011-01-28 22:52:26'),(0,13,'124.195.57.142','pillar_types','index','GET','http://pju.gedex.web.id/provinces','/index.php?url=pillar_types','Mozilla/5.0 (X11; U; Linux i686; en-US; rv:1.9.2.12) Gecko/20101027 Ubuntu/10.10 (maverick) Firefox/3.6.12','2011-01-28 22:52:25'),(0,13,'124.195.57.142','provinces','index','GET','http://pju.gedex.web.id/','/index.php?url=provinces','Mozilla/5.0 (X11; U; Linux i686; en-US; rv:1.9.2.12) Gecko/20101027 Ubuntu/10.10 (maverick) Firefox/3.6.12','2011-01-28 22:52:23'),(0,13,'124.195.57.142','pages','display','GET','http://pju.gedex.web.id/users/permission_denied','/','Mozilla/5.0 (X11; U; Linux i686; en-US; rv:1.9.2.12) Gecko/20101027 Ubuntu/10.10 (maverick) Firefox/3.6.12','2011-01-28 22:52:18'),(0,13,'124.195.57.142','users','permission_denied','GET','http://pju.gedex.web.id/users/login','/index.php?url=users/permission_denied','Mozilla/5.0 (X11; U; Linux i686; en-US; rv:1.9.2.12) Gecko/20101027 Ubuntu/10.10 (maverick) Firefox/3.6.12','2011-01-28 22:52:16'),(0,13,'124.195.57.142','users','index','GET','http://pju.gedex.web.id/users/login','/index.php?url=users','Mozilla/5.0 (X11; U; Linux i686; en-US; rv:1.9.2.12) Gecko/20101027 Ubuntu/10.10 (maverick) Firefox/3.6.12','2011-01-28 22:52:15'),(0,1,'124.195.57.142','users','logout','GET','http://pju.gedex.web.id/users','/index.php?url=users/logout','Mozilla/5.0 (X11; U; Linux i686; en-US; rv:1.9.2.12) Gecko/20101027 Ubuntu/10.10 (maverick) Firefox/3.6.12','2011-01-28 22:52:09'),(0,1,'124.195.57.142','users','add','POST','http://pju.gedex.web.id/users/add','/index.php?url=users/add','Mozilla/5.0 (X11; U; Linux i686; en-US; rv:1.9.2.12) Gecko/20101027 Ubuntu/10.10 (maverick) Firefox/3.6.12','2011-01-28 22:52:02'),(0,1,'124.195.57.142','users','index','GET','http://pju.gedex.web.id/users/add','/index.php?url=users','Mozilla/5.0 (X11; U; Linux i686; en-US; rv:1.9.2.12) Gecko/20101027 Ubuntu/10.10 (maverick) Firefox/3.6.12','2011-01-28 22:52:03'),(0,1,'124.195.57.142','users','add','GET','http://pju.gedex.web.id/users','/index.php?url=users/add','Mozilla/5.0 (X11; U; Linux i686; en-US; rv:1.9.2.12) Gecko/20101027 Ubuntu/10.10 (maverick) Firefox/3.6.12','2011-01-28 22:51:35'),(0,1,'124.195.57.142','users','index','GET','http://pju.gedex.web.id/groups','/index.php?url=users','Mozilla/5.0 (X11; U; Linux i686; en-US; rv:1.9.2.12) Gecko/20101027 Ubuntu/10.10 (maverick) Firefox/3.6.12','2011-01-28 22:51:33'),(0,1,'124.195.57.142','groups','index','GET','http://pju.gedex.web.id/groups/edit/11','/index.php?url=groups','Mozilla/5.0 (X11; U; Linux i686; en-US; rv:1.9.2.12) Gecko/20101027 Ubuntu/10.10 (maverick) Firefox/3.6.12','2011-01-28 22:51:22'),(0,1,'124.195.57.142','groups','edit','PUT','http://pju.gedex.web.id/groups/edit/11','/index.php?url=groups/edit/11','Mozilla/5.0 (X11; U; Linux i686; en-US; rv:1.9.2.12) Gecko/20101027 Ubuntu/10.10 (maverick) Firefox/3.6.12','2011-01-28 22:51:21'),(0,1,'124.195.57.142','groups','edit','GET','http://pju.gedex.web.id/groups','/index.php?url=groups/edit/11','Mozilla/5.0 (X11; U; Linux i686; en-US; rv:1.9.2.12) Gecko/20101027 Ubuntu/10.10 (maverick) Firefox/3.6.12','2011-01-28 22:49:34'),(0,1,'124.195.57.142','groups','index','GET','http://pju.gedex.web.id/menus','/index.php?url=groups','Mozilla/5.0 (X11; U; Linux i686; en-US; rv:1.9.2.12) Gecko/20101027 Ubuntu/10.10 (maverick) Firefox/3.6.12','2011-01-28 22:49:22'),(0,1,'124.195.57.142','menus','index','GET','http://pju.gedex.web.id/users/login','/index.php?url=menus','Mozilla/5.0 (X11; U; Linux i686; en-US; rv:1.9.2.12) Gecko/20101027 Ubuntu/10.10 (maverick) Firefox/3.6.12','2011-01-28 22:43:25'),(0,1,'124.195.57.142','users','logout','GET','http://pju.gedex.web.id/menus','/index.php?url=users/logout','Mozilla/5.0 (X11; U; Linux i686; en-US; rv:1.9.2.12) Gecko/20101027 Ubuntu/10.10 (maverick) Firefox/3.6.12','2011-01-28 22:42:38'),(0,1,'124.195.57.142','menus','index','GET','http://pju.gedex.web.id/menus','/index.php?url=menus/index/page:2&ajax=1','Mozilla/5.0 (X11; U; Linux i686; en-US; rv:1.9.2.12) Gecko/20101027 Ubuntu/10.10 (maverick) Firefox/3.6.12','2011-01-28 22:40:26'),(0,1,'124.195.57.142','menus','index','GET','http://pju.gedex.web.id/menus/edit/80','/index.php?url=menus','Mozilla/5.0 (X11; U; Linux i686; en-US; rv:1.9.2.12) Gecko/20101027 Ubuntu/10.10 (maverick) Firefox/3.6.12','2011-01-28 22:40:20'),(0,1,'124.195.57.142','menus','edit','POST','http://pju.gedex.web.id/menus/edit/80','/index.php?url=menus/edit/80','Mozilla/5.0 (X11; U; Linux i686; en-US; rv:1.9.2.12) Gecko/20101027 Ubuntu/10.10 (maverick) Firefox/3.6.12','2011-01-28 22:40:17'),(0,1,'124.195.57.142','menus','edit','GET','http://pju.gedex.web.id/menus','/index.php?url=menus/edit/80','Mozilla/5.0 (X11; U; Linux i686; en-US; rv:1.9.2.12) Gecko/20101027 Ubuntu/10.10 (maverick) Firefox/3.6.12','2011-01-28 22:40:05'),(0,1,'124.195.57.142','menus','index','GET','http://pju.gedex.web.id/menus/edit/79','/index.php?url=menus','Mozilla/5.0 (X11; U; Linux i686; en-US; rv:1.9.2.12) Gecko/20101027 Ubuntu/10.10 (maverick) Firefox/3.6.12','2011-01-28 22:39:29'),(0,1,'124.195.57.142','menus','index','GET','http://pju.gedex.web.id/menus','/index.php?url=menus/index/page:2&ajax=1','Mozilla/5.0 (X11; U; Linux i686; en-US; rv:1.9.2.12) Gecko/20101027 Ubuntu/10.10 (maverick) Firefox/3.6.12','2011-01-28 22:39:40'),(0,1,'124.195.57.142','menus','edit','POST','http://pju.gedex.web.id/menus/edit/79','/index.php?url=menus/edit/79','Mozilla/5.0 (X11; U; Linux i686; en-US; rv:1.9.2.12) Gecko/20101027 Ubuntu/10.10 (maverick) Firefox/3.6.12','2011-01-28 22:39:28'),(0,1,'124.195.57.142','menus','edit','GET','http://pju.gedex.web.id/menus','/index.php?url=menus/edit/79','Mozilla/5.0 (X11; U; Linux i686; en-US; rv:1.9.2.12) Gecko/20101027 Ubuntu/10.10 (maverick) Firefox/3.6.12','2011-01-28 22:39:21');
/*!40000 ALTER TABLE `user_logs` ENABLE KEYS */;
UNLOCK TABLES;

--
-- Table structure for table `user_preferences`
--

DROP TABLE IF EXISTS `user_preferences`;
SET @saved_cs_client     = @@character_set_client;
SET character_set_client = utf8;
CREATE TABLE `user_preferences` (
  `id` int(10) NOT NULL auto_increment,
  `user_id` int(10) NOT NULL,
  `param` varchar(20) NOT NULL,
  `value` varchar(100) NOT NULL,
  PRIMARY KEY  (`id`),
  KEY `user_id` (`user_id`),
  KEY `param` (`param`)
) ENGINE=MyISAM DEFAULT CHARSET=latin1;
SET character_set_client = @saved_cs_client;

--
-- Dumping data for table `user_preferences`
--

LOCK TABLES `user_preferences` WRITE;
/*!40000 ALTER TABLE `user_preferences` DISABLE KEYS */;
/*!40000 ALTER TABLE `user_preferences` ENABLE KEYS */;
UNLOCK TABLES;

--
-- Table structure for table `users`
--

DROP TABLE IF EXISTS `users`;
SET @saved_cs_client     = @@character_set_client;
SET character_set_client = utf8;
CREATE TABLE `users` (
  `id` int(10) NOT NULL auto_increment,
  `group_id` int(5) NOT NULL,
  `unit_code_id` smallint(6) default NULL,
  `username` varchar(10) NOT NULL,
  `name` varchar(30) NOT NULL,
  `password_real` varchar(20) NOT NULL,
  `password` char(40) NOT NULL,
  `sex` char(1) default NULL,
  `pob` varchar(20) default NULL,
  `dob` date default NULL,
  `address1` varchar(100) default NULL,
  `address2` varchar(100) default NULL,
  `address3` varchar(100) default NULL,
  `zipcode` varchar(5) default NULL,
  `city_id` int(11) default NULL,
  `province_id` tinyint(3) default NULL,
  `handphone` varchar(20) default NULL,
  `homephone` varchar(20) default NULL,
  `email` varchar(50) default NULL,
  `active` tinyint(1) NOT NULL default '1',
  `last_login` datetime default NULL,
  `created` datetime NOT NULL,
  `created_by` int(10) NOT NULL,
  `modified` datetime NOT NULL,
  `modified_by` int(10) NOT NULL,
  PRIMARY KEY  (`id`),
  UNIQUE KEY `email` (`email`),
  KEY `group_id` (`group_id`),
  KEY `username` (`username`,`password`),
  KEY `sex` (`sex`),
  KEY `name` (`name`),
  KEY `active` (`active`),
  KEY `unit_code_id` (`unit_code_id`),
  KEY `last_login` (`last_login`)
) ENGINE=MyISAM AUTO_INCREMENT=14 DEFAULT CHARSET=latin1;
SET character_set_client = @saved_cs_client;

--
-- Dumping data for table `users`
--

LOCK TABLES `users` WRITE;
/*!40000 ALTER TABLE `users` DISABLE KEYS */;
INSERT INTO `users` VALUES (1,1,1,'admin','Administrator','akeda123','979870abc75187d38d6dff3eae200279e729cd63','L','Bekasi','1984-07-13','JL Kepodang Blok C No. 7 RT003/RW004 Jaka Mulya Bekasi Selatan','','','17146',163,11,'081315528932','021-8226577','admin@gedex.web.id',1,'2011-02-01 12:52:00','2009-12-12 14:05:18',0,'2011-02-01 12:52:00',1),(13,11,66,'syamsul','Syamsul','123','40bd001563085fc35165329ea1ff5c5ecbdbbeef','L','','2001-01-28','','','','',173,30,'','','syamsul@yahoo.com',1,'2011-02-01 11:34:45','2011-01-28 22:52:02',1,'2011-02-01 11:34:45',0);
/*!40000 ALTER TABLE `users` ENABLE KEYS */;
UNLOCK TABLES;

--
-- Table structure for table `volumes`
--

DROP TABLE IF EXISTS `volumes`;
SET @saved_cs_client     = @@character_set_client;
SET character_set_client = utf8;
CREATE TABLE `volumes` (
  `id` tinyint(3) NOT NULL auto_increment,
  `name` varchar(20) NOT NULL,
  PRIMARY KEY  (`id`),
  UNIQUE KEY `name` (`name`)
) ENGINE=MyISAM AUTO_INCREMENT=25 DEFAULT CHARSET=latin1;
SET character_set_client = @saved_cs_client;

--
-- Dumping data for table `volumes`
--

LOCK TABLES `volumes` WRITE;
/*!40000 ALTER TABLE `volumes` DISABLE KEYS */;
INSERT INTO `volumes` VALUES (1,'Bulan'),(2,'Tahun'),(3,'Orang/jam'),(4,'Matakuliah'),(5,'Orang/Bulan'),(6,'Paket'),(7,'Kegiatan'),(8,'Orang/Hari'),(9,'Orang/Tahun'),(10,'M2'),(11,'Unit'),(12,'Line'),(13,'Unit/Tahun'),(14,'Naskah'),(15,'Orang/Kegiatan'),(16,'Halaman'),(17,'Lembar'),(18,'Titik'),(19,'Buku'),(20,'Edisi'),(21,'Orang/Semester'),(22,'Ruang/Hari'),(23,'Orang/Paket'),(24,'Kali');
/*!40000 ALTER TABLE `volumes` ENABLE KEYS */;
UNLOCK TABLES;
/*!40103 SET TIME_ZONE=@OLD_TIME_ZONE */;

/*!40101 SET SQL_MODE=@OLD_SQL_MODE */;
/*!40014 SET FOREIGN_KEY_CHECKS=@OLD_FOREIGN_KEY_CHECKS */;
/*!40014 SET UNIQUE_CHECKS=@OLD_UNIQUE_CHECKS */;
/*!40101 SET CHARACTER_SET_CLIENT=@OLD_CHARACTER_SET_CLIENT */;
/*!40101 SET CHARACTER_SET_RESULTS=@OLD_CHARACTER_SET_RESULTS */;
/*!40101 SET COLLATION_CONNECTION=@OLD_COLLATION_CONNECTION */;
/*!40111 SET SQL_NOTES=@OLD_SQL_NOTES */;

-- Dump completed on 2011-02-01  6:08:08
